timepoint_id,charge_mw,discharge_mw
2707011200,0.0,0.0
2707011202,0.0,0.0
2707011204,0.0,0.0
2707011206,0.0,0.0
2707011208,0.0,0.0
2707011210,43.174768,0.0
2707011212,43.174768,0.0
2707011214,43.174768,0.0
2707011216,0.0,0.0
2707011218,0.0,38.857291
2707011220,0.0,38.857291
2707011222,0.0,38.857291
2707011900,0.0,0.0
2707011902,0.0,0.0
2707011904,0.0,0.0
2707011906,0.0,0.0
2707011908,0.0,0.0
2707011910,46.978504,0.0
2707011912,46.978504,0.0
2707011914,46.978504,0.0
2707011916,0.0,0.0
2707011918,0.0,42.280654
2707011920,0.0,42.280654
2707011922,0.0,42.280654
2707021200,0.0,0.0
2707021202,0.0,0.0
2707021204,0.0,0.0
2707021206,0.0,0.0
2707021208,0.0,0.0
2707021210,51.553333,0.0
2707021212,51.553333,0.0
2707021214,51.553333,0.0
2707021216,0.0,0.0
2707021218,0.0,46.398
2707021220,0.0,46.398
2707021222,0.0,46.398
2708022000,0.0,0.0
2708022002,0.0,0.0
2708022004,0.0,0.0
2708022006,0.0,0.0
2708022008,0.0,0.0
2708022010,51.553333,0.0
2708022012,51.553333,0.0
2708022014,51.553333,0.0
2708022016,0.0,0.0
2708022018,0.0,46.398
2708022020,0.0,46.398
2708022022,0.0,46.398
2708041000,0.0,0.0
2708041002,0.0,0.0
2708041004,0.0,0.0
2708041006,0.0,0.0
2708041008,0.0,0.0
2708041010,51.553333,0.0
2708041012,51.553333,0.0
2708041014,51.553333,0.0
2708041016,0.0,0.0
2708041018,0.0,46.398
2708041020,0.0,46.398
2708041022,0.0,46.398
2707050200,0.0,0.0
2707050202,0.0,0.0
2707050204,0.0,0.0
2707050206,0.0,0.0
2707050208,0.0,0.0
2707050210,51.426272,0.0
2707050212,51.426272,0.0
2707050214,51.426272,0.0
2707050216,0.0,0.0
2707050218,0.0,46.283645
2707050220,0.0,46.283645
2707050222,0.0,46.283645
2708061700,0.0,0.0
2708061702,0.0,0.0
2708061704,0.0,0.0
2708061706,0.0,0.0
2708061708,0.0,0.0
2708061710,50.16775,0.0
2708061712,50.16775,0.0
2708061714,50.16775,0.0
2708061716,0.0,0.0
2708061718,0.0,45.150975
2708061720,0.0,45.150975
2708061722,0.0,45.150975
2708081800,0.0,0.0
2708081802,0.0,0.0
2708081804,0.0,0.0
2708081806,0.0,0.0
2708081808,0.0,0.0
2708081810,48.579004,0.0
2708081812,48.579004,0.0
2708081814,48.579004,0.0
2708081816,0.0,0.0
2708081818,0.0,43.721104
2708081820,0.0,43.721104
2708081822,0.0,43.721104
2708091000,0.0,0.0
2708091002,0.0,0.0
2708091004,0.0,0.0
2708091006,0.0,0.0
2708091008,0.0,0.0
2708091010,51.553333,0.0
2708091012,51.553333,0.0
2708091014,51.553333,0.0
2708091016,0.0,0.0
2708091018,0.0,46.398
2708091020,0.0,46.398
2708091022,0.0,46.398
2707092200,0.0,0.0
2707092202,0.0,0.0
2707092204,0.0,0.0
2707092206,0.0,0.0
2707092208,0.0,0.0
2707092210,51.553333,0.0
2707092212,51.553333,0.0
2707092214,51.553333,0.0
2707092216,0.0,0.0
2707092218,0.0,46.398
2707092220,0.0,46.398
2707092222,0.0,46.398
2707102700,0.0,0.0
2707102702,0.0,0.0
2707102704,0.0,0.0
2707102706,0.0,0.0
2707102708,0.0,0.0
2707102710,42.472689,0.0
2707102712,42.472689,0.0
2707102714,42.472689,0.0
2707102716,0.0,0.0
2707102718,0.0,38.22542
2707102720,0.0,38.22542
2707102722,0.0,38.22542
2708112200,0.0,0.0
2708112202,0.0,0.0
2708112204,0.0,0.0
2708112206,0.0,0.0
2708112208,0.0,0.0
2708112210,40.286979,0.0
2708112212,40.286979,0.0
2708112214,40.286979,0.0
2708112216,0.0,0.0
2708112218,0.0,36.258281
2708112220,0.0,36.258281
2708112222,0.0,36.258281
2707121500,0.0,0.0
2707121502,0.0,0.0
2707121504,0.0,0.0
2707121506,0.0,0.0
2707121508,0.0,0.0
2707121510,39.11894,0.0
2707121512,39.11894,0.0
2707121514,39.11894,0.0
2707121516,0.0,0.0
2707121518,0.0,35.207046
2707121520,0.0,35.207046
2707121522,0.0,35.207046
3007011200,0.0,0.0
3007011202,0.0,0.0
3007011204,0.0,0.0
3007011206,0.0,0.0
3007011208,0.0,0.0
3007011210,53.96846,0.0
3007011212,53.96846,0.0
3007011214,53.96846,0.0
3007011216,0.0,0.0
3007011218,0.0,48.571614
3007011220,0.0,48.571614
3007011222,0.0,48.571614
3007011900,0.0,0.0
3007011902,0.0,0.0
3007011904,0.0,0.0
3007011906,0.0,0.0
3007011908,0.0,0.0
3007011910,58.72313,0.0
3007011912,58.72313,0.0
3007011914,58.72313,0.0
3007011916,0.0,0.0
3007011918,0.0,52.850817
3007011920,0.0,52.850817
3007011922,0.0,52.850817
3007021200,0.0,0.0
3007021202,0.0,0.0
3007021204,0.0,0.0
3007021206,0.0,0.0
3007021208,0.0,0.0
3007021210,60.812593,0.0
3007021212,60.812593,0.0
3007021214,60.812593,0.0
3007021216,0.0,0.0
3007021218,0.0,54.731333
3007021220,0.0,54.731333
3007021222,0.0,54.731333
3008022000,0.0,0.0
3008022002,0.0,0.0
3008022004,0.0,0.0
3008022006,0.0,0.0
3008022008,0.0,0.0
3008022010,60.812593,0.0
3008022012,60.812593,0.0
3008022014,60.812593,0.0
3008022016,0.0,0.0
3008022018,0.0,54.731333
3008022020,0.0,54.731333
3008022022,0.0,54.731333
3008041000,0.0,0.0
3008041002,0.0,0.0
3008041004,0.0,0.0
3008041006,0.0,0.0
3008041008,0.0,0.0
3008041010,60.812593,0.0
3008041012,60.812593,0.0
3008041014,60.812593,0.0
3008041016,0.0,0.0
3008041018,0.0,54.731333
3008041020,0.0,54.731333
3008041022,0.0,54.731333
3007050200,0.0,0.0
3007050202,0.0,0.0
3007050204,0.0,0.0
3007050206,0.0,0.0
3007050208,0.0,0.0
3007050210,60.812593,0.0
3007050212,60.812593,0.0
3007050214,60.812593,0.0
3007050216,0.0,0.0
3007050218,0.0,54.731333
3007050220,0.0,54.731333
3007050222,0.0,54.731333
3008061700,0.0,0.0
3008061702,0.0,0.0
3008061704,0.0,0.0
3008061706,0.0,0.0
3008061708,0.0,0.0
3008061710,60.812593,0.0
3008061712,60.812593,0.0
3008061714,60.812593,0.0
3008061716,0.0,0.0
3008061718,0.0,54.731333
3008061720,0.0,54.731333
3008061722,0.0,54.731333
3008081800,0.0,0.0
3008081802,0.0,0.0
3008081804,0.0,0.0
3008081806,0.0,0.0
3008081808,0.0,0.0
3008081810,60.723755,0.0
3008081812,60.723755,0.0
3008081814,60.723755,0.0
3008081816,0.0,0.0
3008081818,0.0,54.651379
3008081820,0.0,54.651379
3008081822,0.0,54.651379
3008091000,0.0,0.0
3008091002,0.0,0.0
3008091004,0.0,0.0
3008091006,0.0,0.0
3008091008,0.0,0.0
3008091010,60.812593,0.0
3008091012,60.812593,0.0
3008091014,60.812593,0.0
3008091016,0.0,0.0
3008091018,0.0,54.731333
3008091020,0.0,54.731333
3008091022,0.0,54.731333
3007092200,0.0,0.0
3007092202,0.0,0.0
3007092204,0.0,0.0
3007092206,0.0,0.0
3007092208,0.0,0.0
3007092210,60.812593,0.0
3007092212,60.812593,0.0
3007092214,60.812593,0.0
3007092216,0.0,0.0
3007092218,0.0,54.731333
3007092220,0.0,54.731333
3007092222,0.0,54.731333
3007102700,0.0,0.0
3007102702,0.0,0.0
3007102704,0.0,0.0
3007102706,0.0,0.0
3007102708,0.0,0.0
3007102710,53.090861,0.0
3007102712,53.090861,0.0
3007102714,53.090861,0.0
3007102716,0.0,0.0
3007102718,0.0,47.781775
3007102720,0.0,47.781775
3007102722,0.0,47.781775
3008112200,0.0,0.0
3008112202,0.0,0.0
3008112204,0.0,0.0
3008112206,0.0,0.0
3008112208,0.0,0.0
3008112210,50.358724,0.0
3008112212,50.358724,0.0
3008112214,50.358724,0.0
3008112216,0.0,0.0
3008112218,0.0,45.322852
3008112220,0.0,45.322852
3008112222,0.0,45.322852
3007121500,0.0,0.0
3007121502,0.0,0.0
3007121504,0.0,0.0
3007121506,0.0,0.0
3007121508,0.0,0.0
3007121510,48.898675,0.0
3007121512,48.898675,0.0
3007121514,48.898675,0.0
3007121516,0.0,0.0
3007121518,0.0,44.008808
3007121520,0.0,44.008808
3007121522,0.0,44.008808
3507011200,0.0,0.0
3507011202,0.0,0.0
3507011204,0.0,0.0
3507011206,0.0,0.0
3507011208,0.0,0.0
3507011210,40.0,0.0
3507011212,40.0,0.0
3507011214,40.0,0.0
3507011216,0.0,0.0
3507011218,0.0,36.0
3507011220,0.0,36.0
3507011222,0.0,36.0
3507011900,0.0,0.0
3507011902,0.0,0.0
3507011904,0.0,0.0
3507011906,0.0,0.0
3507011908,0.0,0.0
3507011910,40.0,0.0
3507011912,40.0,0.0
3507011914,40.0,0.0
3507011916,0.0,0.0
3507011918,0.0,36.0
3507011920,0.0,36.0
3507011922,0.0,36.0
3507021200,0.0,0.0
3507021202,0.0,0.0
3507021204,0.0,0.0
3507021206,0.0,0.0
3507021208,0.0,0.0
3507021210,40.0,0.0
3507021212,40.0,0.0
3507021214,40.0,0.0
3507021216,0.0,0.0
3507021218,0.0,36.0
3507021220,0.0,36.0
3507021222,0.0,36.0
3508022000,0.0,0.0
3508022002,0.0,0.0
3508022004,0.0,0.0
3508022006,0.0,0.0
3508022008,0.0,0.0
3508022010,40.0,0.0
3508022012,40.0,0.0
3508022014,40.0,0.0
3508022016,0.0,0.0
3508022018,0.0,36.0
3508022020,0.0,36.0
3508022022,0.0,36.0
3508041000,0.0,0.0
3508041002,0.0,0.0
3508041004,0.0,0.0
3508041006,0.0,0.0
3508041008,0.0,0.0
3508041010,40.0,0.0
3508041012,40.0,0.0
3508041014,40.0,0.0
3508041016,0.0,0.0
3508041018,0.0,36.0
3508041020,0.0,36.0
3508041022,0.0,36.0
3507050200,0.0,0.0
3507050202,0.0,0.0
3507050204,0.0,0.0
3507050206,0.0,0.0
3507050208,0.0,0.0
3507050210,40.0,0.0
3507050212,40.0,0.0
3507050214,40.0,0.0
3507050216,0.0,0.0
3507050218,0.0,36.0
3507050220,0.0,36.0
3507050222,0.0,36.0
3508061700,0.0,0.0
3508061702,0.0,0.0
3508061704,0.0,0.0
3508061706,0.0,0.0
3508061708,0.0,0.0
3508061710,40.0,0.0
3508061712,40.0,0.0
3508061714,40.0,0.0
3508061716,0.0,0.0
3508061718,0.0,36.0
3508061720,0.0,36.0
3508061722,0.0,36.0
3508081800,0.0,0.0
3508081802,0.0,0.0
3508081804,0.0,0.0
3508081806,0.0,0.0
3508081808,0.0,0.0
3508081810,40.0,0.0
3508081812,40.0,0.0
3508081814,40.0,0.0
3508081816,0.0,0.0
3508081818,0.0,36.0
3508081820,0.0,36.0
3508081822,0.0,36.0
3508091000,0.0,0.0
3508091002,0.0,0.0
3508091004,0.0,0.0
3508091006,0.0,0.0
3508091008,0.0,0.0
3508091010,40.0,0.0
3508091012,40.0,0.0
3508091014,40.0,0.0
3508091016,0.0,0.0
3508091018,0.0,36.0
3508091020,0.0,36.0
3508091022,0.0,36.0
3507092200,0.0,0.0
3507092202,0.0,0.0
3507092204,0.0,0.0
3507092206,0.0,0.0
3507092208,0.0,0.0
3507092210,40.0,0.0
3507092212,40.0,0.0
3507092214,40.0,0.0
3507092216,0.0,0.0
3507092218,0.0,36.0
3507092220,0.0,36.0
3507092222,0.0,36.0
3507102700,0.0,0.0
3507102702,0.0,0.0
3507102704,0.0,0.0
3507102706,0.0,0.0
3507102708,0.0,0.0
3507102710,40.0,0.0
3507102712,40.0,0.0
3507102714,40.0,0.0
3507102716,0.0,0.0
3507102718,0.0,36.0
3507102720,0.0,36.0
3507102722,0.0,36.0
3508112200,0.0,0.0
3508112202,0.0,0.0
3508112204,0.0,0.0
3508112206,0.0,0.0
3508112208,0.0,0.0
3508112210,40.0,0.0
3508112212,40.0,0.0
3508112214,40.0,0.0
3508112216,0.0,0.0
3508112218,0.0,36.0
3508112220,0.0,36.0
3508112222,0.0,36.0
3507121500,0.0,0.0
3507121502,0.0,0.0
3507121504,0.0,0.0
3507121506,0.0,0.0
3507121508,0.0,0.0
3507121510,40.0,0.0
3507121512,40.0,0.0
3507121514,40.0,0.0
3507121516,0.0,0.0
3507121518,0.0,36.0
3507121520,0.0,36.0
3507121522,0.0,36.0
4007011200,0.0,0.0
4007011202,0.0,0.0
4007011204,0.0,0.0
4007011206,0.0,0.0
4007011208,0.0,0.0
4007011210,47.407407,0.0
4007011212,47.407407,0.0
4007011214,47.407407,0.0
4007011216,0.0,0.0
4007011218,0.0,42.666667
4007011220,0.0,42.666667
4007011222,0.0,42.666667
4007011900,0.0,0.0
4007011902,0.0,0.0
4007011904,0.0,0.0
4007011906,0.0,0.0
4007011908,0.0,0.0
4007011910,47.407407,0.0
4007011912,47.407407,0.0
4007011914,47.407407,0.0
4007011916,0.0,0.0
4007011918,0.0,42.666667
4007011920,0.0,42.666667
4007011922,0.0,42.666667
4007021200,0.0,0.0
4007021202,0.0,0.0
4007021204,0.0,0.0
4007021206,0.0,0.0
4007021208,0.0,0.0
4007021210,47.407407,0.0
4007021212,47.407407,0.0
4007021214,47.407407,0.0
4007021216,0.0,0.0
4007021218,0.0,42.666667
4007021220,0.0,42.666667
4007021222,0.0,42.666667
4008022000,0.0,0.0
4008022002,0.0,0.0
4008022004,0.0,0.0
4008022006,0.0,0.0
4008022008,0.0,0.0
4008022010,47.407407,0.0
4008022012,47.407407,0.0
4008022014,47.407407,0.0
4008022016,0.0,0.0
4008022018,0.0,42.666667
4008022020,0.0,42.666667
4008022022,0.0,42.666667
4008041000,0.0,0.0
4008041002,0.0,0.0
4008041004,0.0,0.0
4008041006,0.0,0.0
4008041008,0.0,0.0
4008041010,47.407407,0.0
4008041012,47.407407,0.0
4008041014,47.407407,0.0
4008041016,0.0,0.0
4008041018,0.0,42.666667
4008041020,0.0,42.666667
4008041022,0.0,42.666667
4007050200,0.0,0.0
4007050202,0.0,0.0
4007050204,0.0,0.0
4007050206,0.0,0.0
4007050208,0.0,0.0
4007050210,47.407407,0.0
4007050212,47.407407,0.0
4007050214,47.407407,0.0
4007050216,0.0,0.0
4007050218,0.0,42.666667
4007050220,0.0,42.666667
4007050222,0.0,42.666667
4008061700,0.0,0.0
4008061702,0.0,0.0
4008061704,0.0,0.0
4008061706,0.0,0.0
4008061708,0.0,0.0
4008061710,47.407407,0.0
4008061712,47.407407,0.0
4008061714,47.407407,0.0
4008061716,0.0,0.0
4008061718,0.0,42.666667
4008061720,0.0,42.666667
4008061722,0.0,42.666667
4008081800,0.0,0.0
4008081802,0.0,0.0
4008081804,0.0,0.0
4008081806,0.0,0.0
4008081808,0.0,0.0
4008081810,47.407407,0.0
4008081812,47.407407,0.0
4008081814,47.407407,0.0
4008081816,0.0,0.0
4008081818,0.0,42.666667
4008081820,0.0,42.666667
4008081822,0.0,42.666667
4008091000,0.0,0.0
4008091002,0.0,0.0
4008091004,0.0,0.0
4008091006,0.0,0.0
4008091008,0.0,0.0
4008091010,47.407407,0.0
4008091012,47.407407,0.0
4008091014,47.407407,0.0
4008091016,0.0,0.0
4008091018,0.0,42.666667
4008091020,0.0,42.666667
4008091022,0.0,42.666667
4007092200,0.0,0.0
4007092202,0.0,0.0
4007092204,0.0,0.0
4007092206,0.0,0.0
4007092208,0.0,0.0
4007092210,47.407407,0.0
4007092212,47.407407,0.0
4007092214,47.407407,0.0
4007092216,0.0,0.0
4007092218,0.0,42.666667
4007092220,0.0,42.666667
4007092222,0.0,42.666667
4007102700,0.0,0.0
4007102702,0.0,0.0
4007102704,0.0,0.0
4007102706,0.0,0.0
4007102708,0.0,0.0
4007102710,47.407407,0.0
4007102712,47.407407,0.0
4007102714,47.407407,0.0
4007102716,0.0,0.0
4007102718,0.0,42.666667
4007102720,0.0,42.666667
4007102722,0.0,42.666667
4008112200,0.0,0.0
4008112202,0.0,0.0
4008112204,0.0,0.0
4008112206,0.0,0.0
4008112208,0.0,0.0
4008112210,47.407407,0.0
4008112212,47.407407,0.0
4008112214,47.407407,0.0
4008112216,0.0,0.0
4008112218,0.0,42.666667
4008112220,0.0,42.666667
4008112222,0.0,42.666667
4007121500,0.0,0.0
4007121502,0.0,0.0
4007121504,0.0,0.0
4007121506,0.0,0.0
4007121508,0.0,0.0
4007121510,47.407407,0.0
4007121512,47.407407,0.0
4007121514,47.407407,0.0
4007121516,0.0,0.0
4007121518,0.0,42.666667
4007121520,0.0,42.666667
4007121522,0.0,42.666667
4507011200,0.0,0.0
4507011202,0.0,0.0
4507011204,0.0,0.0
4507011206,0.0,0.0
4507011208,0.0,0.0
4507011210,73.703704,0.0
4507011212,73.703704,0.0
4507011214,73.703704,0.0
4507011216,0.0,0.0
4507011218,0.0,66.333333
4507011220,0.0,66.333333
4507011222,0.0,66.333333
4507011900,0.0,0.0
4507011902,0.0,0.0
4507011904,0.0,0.0
4507011906,0.0,0.0
4507011908,0.0,0.0
4507011910,73.703704,0.0
4507011912,73.703704,0.0
4507011914,73.703704,0.0
4507011916,0.0,0.0
4507011918,0.0,66.333333
4507011920,0.0,66.333333
4507011922,0.0,66.333333
4507021200,0.0,0.0
4507021202,0.0,0.0
4507021204,0.0,0.0
4507021206,0.0,0.0
4507021208,0.0,0.0
4507021210,73.703704,0.0
4507021212,73.703704,0.0
4507021214,73.703704,0.0
4507021216,0.0,0.0
4507021218,0.0,66.333333
4507021220,0.0,66.333333
4507021222,0.0,66.333333
4508022000,0.0,0.0
4508022002,0.0,0.0
4508022004,0.0,0.0
4508022006,0.0,0.0
4508022008,0.0,0.0
4508022010,73.703704,0.0
4508022012,73.703704,0.0
4508022014,73.703704,0.0
4508022016,0.0,0.0
4508022018,0.0,66.333333
4508022020,0.0,66.333333
4508022022,0.0,66.333333
4508041000,0.0,0.0
4508041002,0.0,0.0
4508041004,0.0,0.0
4508041006,0.0,0.0
4508041008,0.0,0.0
4508041010,73.703704,0.0
4508041012,73.703704,0.0
4508041014,73.703704,0.0
4508041016,0.0,0.0
4508041018,0.0,66.333333
4508041020,0.0,66.333333
4508041022,0.0,66.333333
4507050200,0.0,0.0
4507050202,0.0,0.0
4507050204,0.0,0.0
4507050206,0.0,0.0
4507050208,0.0,0.0
4507050210,73.703704,0.0
4507050212,73.703704,0.0
4507050214,73.703704,0.0
4507050216,0.0,0.0
4507050218,0.0,66.333333
4507050220,0.0,66.333333
4507050222,0.0,66.333333
4508061700,0.0,0.0
4508061702,0.0,0.0
4508061704,0.0,0.0
4508061706,0.0,0.0
4508061708,0.0,0.0
4508061710,73.703704,0.0
4508061712,73.703704,0.0
4508061714,73.703704,0.0
4508061716,0.0,0.0
4508061718,0.0,66.333333
4508061720,0.0,66.333333
4508061722,0.0,66.333333
4508081800,0.0,0.0
4508081802,0.0,0.0
4508081804,0.0,0.0
4508081806,0.0,0.0
4508081808,0.0,0.0
4508081810,73.703704,0.0
4508081812,73.703704,0.0
4508081814,73.703704,0.0
4508081816,0.0,0.0
4508081818,0.0,66.333333
4508081820,0.0,66.333333
4508081822,0.0,66.333333
4508091000,0.0,0.0
4508091002,0.0,0.0
4508091004,0.0,0.0
4508091006,0.0,0.0
4508091008,0.0,0.0
4508091010,73.703704,0.0
4508091012,73.703704,0.0
4508091014,73.703704,0.0
4508091016,0.0,0.0
4508091018,0.0,66.333333
4508091020,0.0,66.333333
4508091022,0.0,66.333333
4507092200,0.0,0.0
4507092202,0.0,0.0
4507092204,0.0,0.0
4507092206,0.0,0.0
4507092208,0.0,0.0
4507092210,73.703704,0.0
4507092212,73.703704,0.0
4507092214,73.703704,0.0
4507092216,0.0,0.0
4507092218,0.0,66.333333
4507092220,0.0,66.333333
4507092222,0.0,66.333333
4507102700,0.0,0.0
4507102702,0.0,0.0
4507102704,0.0,0.0
4507102706,0.0,0.0
4507102708,0.0,0.0
4507102710,73.703704,0.0
4507102712,73.703704,0.0
4507102714,73.703704,0.0
4507102716,0.0,0.0
4507102718,0.0,66.333333
4507102720,0.0,66.333333
4507102722,0.0,66.333333
4508112200,0.0,0.0
4508112202,0.0,0.0
4508112204,0.0,0.0
4508112206,0.0,0.0
4508112208,0.0,0.0
4508112210,73.523737,0.0
4508112212,73.523737,0.0
4508112214,73.523737,0.0
4508112216,0.0,0.0
4508112218,0.0,66.171363
4508112220,0.0,66.171363
4508112222,0.0,66.171363
4507121500,0.0,0.0
4507121502,0.0,0.0
4507121504,0.0,0.0
4507121506,0.0,0.0
4507121508,0.0,0.0
4507121510,71.392066,0.0
4507121512,71.392066,0.0
4507121514,71.392066,0.0
4507121516,0.0,0.0
4507121518,0.0,64.252859
4507121520,0.0,64.252859
4507121522,0.0,64.252859
5007011200,0.0,0.0
5007011202,0.0,0.0
5007011204,0.0,0.0
5007011206,0.0,0.0
5007011208,0.0,0.0
5007011210,86.349536,0.0
5007011212,86.349536,0.0
5007011214,86.349536,0.0
5007011216,0.0,0.0
5007011218,0.0,77.714582
5007011220,0.0,77.714582
5007011222,0.0,77.714582
5007011900,0.0,0.0
5007011902,0.0,0.0
5007011904,0.0,0.0
5007011906,0.0,0.0
5007011908,0.0,0.0
5007011910,93.957008,0.0
5007011912,93.957008,0.0
5007011914,93.957008,0.0
5007011916,0.0,0.0
5007011918,0.0,84.561307
5007011920,0.0,84.561307
5007011922,0.0,84.561307
5007021200,0.0,0.0
5007021202,0.0,0.0
5007021204,0.0,0.0
5007021206,0.0,0.0
5007021208,0.0,0.0
5007021210,110.837455,0.0
5007021212,110.837455,0.0
5007021214,110.837455,0.0
5007021216,0.0,0.0
5007021218,0.0,99.753709
5007021220,0.0,99.753709
5007021222,0.0,99.753709
5008022000,0.0,0.0
5008022002,0.0,0.0
5008022004,0.0,0.0
5008022006,0.0,0.0
5008022008,0.0,0.0
5008022010,108.173472,0.0
5008022012,108.173472,0.0
5008022014,108.173472,0.0
5008022016,0.0,0.0
5008022018,0.0,97.356125
5008022020,0.0,97.356125
5008022022,0.0,97.356125
5008041000,0.0,0.0
5008041002,0.0,0.0
5008041004,0.0,0.0
5008041006,0.0,0.0
5008041008,0.0,0.0
5008041010,103.218342,0.0
5008041012,103.218342,0.0
5008041014,103.218342,0.0
5008041016,0.0,0.0
5008041018,0.0,92.896508
5008041020,0.0,92.896508
5008041022,0.0,92.896508
5007050200,0.0,0.0
5007050202,0.0,0.0
5007050204,0.0,0.0
5007050206,0.0,0.0
5007050208,0.0,0.0
5007050210,102.852545,0.0
5007050212,102.852545,0.0
5007050214,102.852545,0.0
5007050216,0.0,0.0
5007050218,0.0,92.56729
5007050220,0.0,92.56729
5007050222,0.0,92.56729
5008061700,0.0,0.0
5008061702,0.0,0.0
5008061704,0.0,0.0
5008061706,0.0,0.0
5008061708,0.0,0.0
5008061710,100.335499,0.0
5008061712,100.335499,0.0
5008061714,100.335499,0.0
5008061716,0.0,0.0
5008061718,0.0,90.301949
5008061720,0.0,90.301949
5008061722,0.0,90.301949
5008081800,0.0,0.0
5008081802,0.0,0.0
5008081804,0.0,0.0
5008081806,0.0,0.0
5008081808,0.0,0.0
5008081810,97.158008,0.0
5008081812,97.158008,0.0
5008081814,97.158008,0.0
5008081816,0.0,0.0
5008081818,0.0,87.442207
5008081820,0.0,87.442207
5008081822,0.0,87.442207
5008091000,0.0,0.0
5008091002,0.0,0.0
5008091004,0.0,0.0
5008091006,0.0,0.0
5008091008,0.0,0.0
5008091010,120.421569,0.0
5008091012,120.421569,0.0
5008091014,120.421569,0.0
5008091016,0.0,0.0
5008091018,0.0,108.379412
5008091020,0.0,108.379412
5008091022,0.0,108.379412
5007092200,0.0,0.0
5007092202,0.0,0.0
5007092204,0.0,0.0
5007092206,0.0,0.0
5007092208,0.0,0.0
5007092210,109.318997,0.0
5007092212,109.318997,0.0
5007092214,109.318997,0.0
5007092216,0.0,0.0
5007092218,0.0,98.387098
5007092220,0.0,98.387098
5007092222,0.0,98.387098
5007102700,0.0,0.0
5007102702,0.0,0.0
5007102704,0.0,0.0
5007102706,0.0,0.0
5007102708,0.0,0.0
5007102710,84.945378,0.0
5007102712,84.945378,0.0
5007102714,84.945378,0.0
5007102716,0.0,0.0
5007102718,0.0,76.45084
5007102720,0.0,76.45084
5007102722,0.0,76.45084
5008112200,0.0,0.0
5008112202,0.0,0.0
5008112204,0.0,0.0
5008112206,0.0,0.0
5008112208,0.0,0.0
5008112210,80.573958,0.0
5008112212,80.573958,0.0
5008112214,80.573958,0.0
5008112216,0.0,0.0
5008112218,0.0,72.516562
5008112220,0.0,72.516562
5008112222,0.0,72.516562
5007121500,0.0,0.0
5007121502,0.0,0.0
5007121504,0.0,0.0
5007121506,0.0,0.0
5007121508,0.0,0.0
5007121510,78.237881,0.0
5007121512,78.237881,0.0
5007121514,78.237881,0.0
5007121516,0.0,0.0
5007121518,0.0,70.414092
5007121520,0.0,70.414092
5007121522,0.0,70.414092
