timepoint_id,timestamp,timeseries
2707011200,"2027-01-12 00:00",27070112
2707011202,"2027-01-12 02:00",27070112
2707011204,"2027-01-12 04:00",27070112
2707011206,"2027-01-12 06:00",27070112
2707011208,"2027-01-12 08:00",27070112
2707011210,"2027-01-12 10:00",27070112
2707011212,"2027-01-12 12:00",27070112
2707011214,"2027-01-12 14:00",27070112
2707011216,"2027-01-12 16:00",27070112
2707011218,"2027-01-12 18:00",27070112
2707011220,"2027-01-12 20:00",27070112
2707011222,"2027-01-12 22:00",27070112
2707011900,"2027-01-19 00:00",27070119
2707011902,"2027-01-19 02:00",27070119
2707011904,"2027-01-19 04:00",27070119
2707011906,"2027-01-19 06:00",27070119
2707011908,"2027-01-19 08:00",27070119
2707011910,"2027-01-19 10:00",27070119
2707011912,"2027-01-19 12:00",27070119
2707011914,"2027-01-19 14:00",27070119
2707011916,"2027-01-19 16:00",27070119
2707011918,"2027-01-19 18:00",27070119
2707011920,"2027-01-19 20:00",27070119
2707011922,"2027-01-19 22:00",27070119
2707021200,"2027-02-12 00:00",27070212
2707021202,"2027-02-12 02:00",27070212
2707021204,"2027-02-12 04:00",27070212
2707021206,"2027-02-12 06:00",27070212
2707021208,"2027-02-12 08:00",27070212
2707021210,"2027-02-12 10:00",27070212
2707021212,"2027-02-12 12:00",27070212
2707021214,"2027-02-12 14:00",27070212
2707021216,"2027-02-12 16:00",27070212
2707021218,"2027-02-12 18:00",27070212
2707021220,"2027-02-12 20:00",27070212
2707021222,"2027-02-12 22:00",27070212
2708022000,"2027-02-20 00:00",27080220
2708022002,"2027-02-20 02:00",27080220
2708022004,"2027-02-20 04:00",27080220
2708022006,"2027-02-20 06:00",27080220
2708022008,"2027-02-20 08:00",27080220
2708022010,"2027-02-20 10:00",27080220
2708022012,"2027-02-20 12:00",27080220
2708022014,"2027-02-20 14:00",27080220
2708022016,"2027-02-20 16:00",27080220
2708022018,"2027-02-20 18:00",27080220
2708022020,"2027-02-20 20:00",27080220
2708022022,"2027-02-20 22:00",27080220
2708041000,"2027-04-10 00:00",27080410
2708041002,"2027-04-10 02:00",27080410
2708041004,"2027-04-10 04:00",27080410
2708041006,"2027-04-10 06:00",27080410
2708041008,"2027-04-10 08:00",27080410
2708041010,"2027-04-10 10:00",27080410
2708041012,"2027-04-10 12:00",27080410
2708041014,"2027-04-10 14:00",27080410
2708041016,"2027-04-10 16:00",27080410
2708041018,"2027-04-10 18:00",27080410
2708041020,"2027-04-10 20:00",27080410
2708041022,"2027-04-10 22:00",27080410
2707050200,"2027-05-02 00:00",27070502
2707050202,"2027-05-02 02:00",27070502
2707050204,"2027-05-02 04:00",27070502
2707050206,"2027-05-02 06:00",27070502
2707050208,"2027-05-02 08:00",27070502
2707050210,"2027-05-02 10:00",27070502
2707050212,"2027-05-02 12:00",27070502
2707050214,"2027-05-02 14:00",27070502
2707050216,"2027-05-02 16:00",27070502
2707050218,"2027-05-02 18:00",27070502
2707050220,"2027-05-02 20:00",27070502
2707050222,"2027-05-02 22:00",27070502
2708061700,"2027-06-17 00:00",27080617
2708061702,"2027-06-17 02:00",27080617
2708061704,"2027-06-17 04:00",27080617
2708061706,"2027-06-17 06:00",27080617
2708061708,"2027-06-17 08:00",27080617
2708061710,"2027-06-17 10:00",27080617
2708061712,"2027-06-17 12:00",27080617
2708061714,"2027-06-17 14:00",27080617
2708061716,"2027-06-17 16:00",27080617
2708061718,"2027-06-17 18:00",27080617
2708061720,"2027-06-17 20:00",27080617
2708061722,"2027-06-17 22:00",27080617
2708081800,"2027-08-18 00:00",27080818
2708081802,"2027-08-18 02:00",27080818
2708081804,"2027-08-18 04:00",27080818
2708081806,"2027-08-18 06:00",27080818
2708081808,"2027-08-18 08:00",27080818
2708081810,"2027-08-18 10:00",27080818
2708081812,"2027-08-18 12:00",27080818
2708081814,"2027-08-18 14:00",27080818
2708081816,"2027-08-18 16:00",27080818
2708081818,"2027-08-18 18:00",27080818
2708081820,"2027-08-18 20:00",27080818
2708081822,"2027-08-18 22:00",27080818
2708091000,"2027-09-10 00:00",27080910
2708091002,"2027-09-10 02:00",27080910
2708091004,"2027-09-10 04:00",27080910
2708091006,"2027-09-10 06:00",27080910
2708091008,"2027-09-10 08:00",27080910
2708091010,"2027-09-10 10:00",27080910
2708091012,"2027-09-10 12:00",27080910
2708091014,"2027-09-10 14:00",27080910
2708091016,"2027-09-10 16:00",27080910
2708091018,"2027-09-10 18:00",27080910
2708091020,"2027-09-10 20:00",27080910
2708091022,"2027-09-10 22:00",27080910
2707092200,"2027-09-22 00:00",27070922
2707092202,"2027-09-22 02:00",27070922
2707092204,"2027-09-22 04:00",27070922
2707092206,"2027-09-22 06:00",27070922
2707092208,"2027-09-22 08:00",27070922
2707092210,"2027-09-22 10:00",27070922
2707092212,"2027-09-22 12:00",27070922
2707092214,"2027-09-22 14:00",27070922
2707092216,"2027-09-22 16:00",27070922
2707092218,"2027-09-22 18:00",27070922
2707092220,"2027-09-22 20:00",27070922
2707092222,"2027-09-22 22:00",27070922
2707102700,"2027-10-27 00:00",27071027
2707102702,"2027-10-27 02:00",27071027
2707102704,"2027-10-27 04:00",27071027
2707102706,"2027-10-27 06:00",27071027
2707102708,"2027-10-27 08:00",27071027
2707102710,"2027-10-27 10:00",27071027
2707102712,"2027-10-27 12:00",27071027
2707102714,"2027-10-27 14:00",27071027
2707102716,"2027-10-27 16:00",27071027
2707102718,"2027-10-27 18:00",27071027
2707102720,"2027-10-27 20:00",27071027
2707102722,"2027-10-27 22:00",27071027
2708112200,"2027-11-22 00:00",27081122
2708112202,"2027-11-22 02:00",27081122
2708112204,"2027-11-22 04:00",27081122
2708112206,"2027-11-22 06:00",27081122
2708112208,"2027-11-22 08:00",27081122
2708112210,"2027-11-22 10:00",27081122
2708112212,"2027-11-22 12:00",27081122
2708112214,"2027-11-22 14:00",27081122
2708112216,"2027-11-22 16:00",27081122
2708112218,"2027-11-22 18:00",27081122
2708112220,"2027-11-22 20:00",27081122
2708112222,"2027-11-22 22:00",27081122
2707121500,"2027-12-15 00:00",27071215
2707121502,"2027-12-15 02:00",27071215
2707121504,"2027-12-15 04:00",27071215
2707121506,"2027-12-15 06:00",27071215
2707121508,"2027-12-15 08:00",27071215
2707121510,"2027-12-15 10:00",27071215
2707121512,"2027-12-15 12:00",27071215
2707121514,"2027-12-15 14:00",27071215
2707121516,"2027-12-15 16:00",27071215
2707121518,"2027-12-15 18:00",27071215
2707121520,"2027-12-15 20:00",27071215
2707121522,"2027-12-15 22:00",27071215
3007011200,"2030-01-12 00:00",30070112
3007011202,"2030-01-12 02:00",30070112
3007011204,"2030-01-12 04:00",30070112
3007011206,"2030-01-12 06:00",30070112
3007011208,"2030-01-12 08:00",30070112
3007011210,"2030-01-12 10:00",30070112
3007011212,"2030-01-12 12:00",30070112
3007011214,"2030-01-12 14:00",30070112
3007011216,"2030-01-12 16:00",30070112
3007011218,"2030-01-12 18:00",30070112
3007011220,"2030-01-12 20:00",30070112
3007011222,"2030-01-12 22:00",30070112
3007011900,"2030-01-19 00:00",30070119
3007011902,"2030-01-19 02:00",30070119
3007011904,"2030-01-19 04:00",30070119
3007011906,"2030-01-19 06:00",30070119
3007011908,"2030-01-19 08:00",30070119
3007011910,"2030-01-19 10:00",30070119
3007011912,"2030-01-19 12:00",30070119
3007011914,"2030-01-19 14:00",30070119
3007011916,"2030-01-19 16:00",30070119
3007011918,"2030-01-19 18:00",30070119
3007011920,"2030-01-19 20:00",30070119
3007011922,"2030-01-19 22:00",30070119
3007021200,"2030-02-12 00:00",30070212
3007021202,"2030-02-12 02:00",30070212
3007021204,"2030-02-12 04:00",30070212
3007021206,"2030-02-12 06:00",30070212
3007021208,"2030-02-12 08:00",30070212
3007021210,"2030-02-12 10:00",30070212
3007021212,"2030-02-12 12:00",30070212
3007021214,"2030-02-12 14:00",30070212
3007021216,"2030-02-12 16:00",30070212
3007021218,"2030-02-12 18:00",30070212
3007021220,"2030-02-12 20:00",30070212
3007021222,"2030-02-12 22:00",30070212
3008022000,"2030-02-20 00:00",30080220
3008022002,"2030-02-20 02:00",30080220
3008022004,"2030-02-20 04:00",30080220
3008022006,"2030-02-20 06:00",30080220
3008022008,"2030-02-20 08:00",30080220
3008022010,"2030-02-20 10:00",30080220
3008022012,"2030-02-20 12:00",30080220
3008022014,"2030-02-20 14:00",30080220
3008022016,"2030-02-20 16:00",30080220
3008022018,"2030-02-20 18:00",30080220
3008022020,"2030-02-20 20:00",30080220
3008022022,"2030-02-20 22:00",30080220
3008041000,"2030-04-10 00:00",30080410
3008041002,"2030-04-10 02:00",30080410
3008041004,"2030-04-10 04:00",30080410
3008041006,"2030-04-10 06:00",30080410
3008041008,"2030-04-10 08:00",30080410
3008041010,"2030-04-10 10:00",30080410
3008041012,"2030-04-10 12:00",30080410
3008041014,"2030-04-10 14:00",30080410
3008041016,"2030-04-10 16:00",30080410
3008041018,"2030-04-10 18:00",30080410
3008041020,"2030-04-10 20:00",30080410
3008041022,"2030-04-10 22:00",30080410
3007050200,"2030-05-02 00:00",30070502
3007050202,"2030-05-02 02:00",30070502
3007050204,"2030-05-02 04:00",30070502
3007050206,"2030-05-02 06:00",30070502
3007050208,"2030-05-02 08:00",30070502
3007050210,"2030-05-02 10:00",30070502
3007050212,"2030-05-02 12:00",30070502
3007050214,"2030-05-02 14:00",30070502
3007050216,"2030-05-02 16:00",30070502
3007050218,"2030-05-02 18:00",30070502
3007050220,"2030-05-02 20:00",30070502
3007050222,"2030-05-02 22:00",30070502
3008061700,"2030-06-17 00:00",30080617
3008061702,"2030-06-17 02:00",30080617
3008061704,"2030-06-17 04:00",30080617
3008061706,"2030-06-17 06:00",30080617
3008061708,"2030-06-17 08:00",30080617
3008061710,"2030-06-17 10:00",30080617
3008061712,"2030-06-17 12:00",30080617
3008061714,"2030-06-17 14:00",30080617
3008061716,"2030-06-17 16:00",30080617
3008061718,"2030-06-17 18:00",30080617
3008061720,"2030-06-17 20:00",30080617
3008061722,"2030-06-17 22:00",30080617
3008081800,"2030-08-18 00:00",30080818
3008081802,"2030-08-18 02:00",30080818
3008081804,"2030-08-18 04:00",30080818
3008081806,"2030-08-18 06:00",30080818
3008081808,"2030-08-18 08:00",30080818
3008081810,"2030-08-18 10:00",30080818
3008081812,"2030-08-18 12:00",30080818
3008081814,"2030-08-18 14:00",30080818
3008081816,"2030-08-18 16:00",30080818
3008081818,"2030-08-18 18:00",30080818
3008081820,"2030-08-18 20:00",30080818
3008081822,"2030-08-18 22:00",30080818
3008091000,"2030-09-10 00:00",30080910
3008091002,"2030-09-10 02:00",30080910
3008091004,"2030-09-10 04:00",30080910
3008091006,"2030-09-10 06:00",30080910
3008091008,"2030-09-10 08:00",30080910
3008091010,"2030-09-10 10:00",30080910
3008091012,"2030-09-10 12:00",30080910
3008091014,"2030-09-10 14:00",30080910
3008091016,"2030-09-10 16:00",30080910
3008091018,"2030-09-10 18:00",30080910
3008091020,"2030-09-10 20:00",30080910
3008091022,"2030-09-10 22:00",30080910
3007092200,"2030-09-22 00:00",30070922
3007092202,"2030-09-22 02:00",30070922
3007092204,"2030-09-22 04:00",30070922
3007092206,"2030-09-22 06:00",30070922
3007092208,"2030-09-22 08:00",30070922
3007092210,"2030-09-22 10:00",30070922
3007092212,"2030-09-22 12:00",30070922
3007092214,"2030-09-22 14:00",30070922
3007092216,"2030-09-22 16:00",30070922
3007092218,"2030-09-22 18:00",30070922
3007092220,"2030-09-22 20:00",30070922
3007092222,"2030-09-22 22:00",30070922
3007102700,"2030-10-27 00:00",30071027
3007102702,"2030-10-27 02:00",30071027
3007102704,"2030-10-27 04:00",30071027
3007102706,"2030-10-27 06:00",30071027
3007102708,"2030-10-27 08:00",30071027
3007102710,"2030-10-27 10:00",30071027
3007102712,"2030-10-27 12:00",30071027
3007102714,"2030-10-27 14:00",30071027
3007102716,"2030-10-27 16:00",30071027
3007102718,"2030-10-27 18:00",30071027
3007102720,"2030-10-27 20:00",30071027
3007102722,"2030-10-27 22:00",30071027
3008112200,"2030-11-22 00:00",30081122
3008112202,"2030-11-22 02:00",30081122
3008112204,"2030-11-22 04:00",30081122
3008112206,"2030-11-22 06:00",30081122
3008112208,"2030-11-22 08:00",30081122
3008112210,"2030-11-22 10:00",30081122
3008112212,"2030-11-22 12:00",30081122
3008112214,"2030-11-22 14:00",30081122
3008112216,"2030-11-22 16:00",30081122
3008112218,"2030-11-22 18:00",30081122
3008112220,"2030-11-22 20:00",30081122
3008112222,"2030-11-22 22:00",30081122
3007121500,"2030-12-15 00:00",30071215
3007121502,"2030-12-15 02:00",30071215
3007121504,"2030-12-15 04:00",30071215
3007121506,"2030-12-15 06:00",30071215
3007121508,"2030-12-15 08:00",30071215
3007121510,"2030-12-15 10:00",30071215
3007121512,"2030-12-15 12:00",30071215
3007121514,"2030-12-15 14:00",30071215
3007121516,"2030-12-15 16:00",30071215
3007121518,"2030-12-15 18:00",30071215
3007121520,"2030-12-15 20:00",30071215
3007121522,"2030-12-15 22:00",30071215
3507011200,"2035-01-12 00:00",35070112
3507011202,"2035-01-12 02:00",35070112
3507011204,"2035-01-12 04:00",35070112
3507011206,"2035-01-12 06:00",35070112
3507011208,"2035-01-12 08:00",35070112
3507011210,"2035-01-12 10:00",35070112
3507011212,"2035-01-12 12:00",35070112
3507011214,"2035-01-12 14:00",35070112
3507011216,"2035-01-12 16:00",35070112
3507011218,"2035-01-12 18:00",35070112
3507011220,"2035-01-12 20:00",35070112
3507011222,"2035-01-12 22:00",35070112
3507011900,"2035-01-19 00:00",35070119
3507011902,"2035-01-19 02:00",35070119
3507011904,"2035-01-19 04:00",35070119
3507011906,"2035-01-19 06:00",35070119
3507011908,"2035-01-19 08:00",35070119
3507011910,"2035-01-19 10:00",35070119
3507011912,"2035-01-19 12:00",35070119
3507011914,"2035-01-19 14:00",35070119
3507011916,"2035-01-19 16:00",35070119
3507011918,"2035-01-19 18:00",35070119
3507011920,"2035-01-19 20:00",35070119
3507011922,"2035-01-19 22:00",35070119
3507021200,"2035-02-12 00:00",35070212
3507021202,"2035-02-12 02:00",35070212
3507021204,"2035-02-12 04:00",35070212
3507021206,"2035-02-12 06:00",35070212
3507021208,"2035-02-12 08:00",35070212
3507021210,"2035-02-12 10:00",35070212
3507021212,"2035-02-12 12:00",35070212
3507021214,"2035-02-12 14:00",35070212
3507021216,"2035-02-12 16:00",35070212
3507021218,"2035-02-12 18:00",35070212
3507021220,"2035-02-12 20:00",35070212
3507021222,"2035-02-12 22:00",35070212
3508022000,"2035-02-20 00:00",35080220
3508022002,"2035-02-20 02:00",35080220
3508022004,"2035-02-20 04:00",35080220
3508022006,"2035-02-20 06:00",35080220
3508022008,"2035-02-20 08:00",35080220
3508022010,"2035-02-20 10:00",35080220
3508022012,"2035-02-20 12:00",35080220
3508022014,"2035-02-20 14:00",35080220
3508022016,"2035-02-20 16:00",35080220
3508022018,"2035-02-20 18:00",35080220
3508022020,"2035-02-20 20:00",35080220
3508022022,"2035-02-20 22:00",35080220
3508041000,"2035-04-10 00:00",35080410
3508041002,"2035-04-10 02:00",35080410
3508041004,"2035-04-10 04:00",35080410
3508041006,"2035-04-10 06:00",35080410
3508041008,"2035-04-10 08:00",35080410
3508041010,"2035-04-10 10:00",35080410
3508041012,"2035-04-10 12:00",35080410
3508041014,"2035-04-10 14:00",35080410
3508041016,"2035-04-10 16:00",35080410
3508041018,"2035-04-10 18:00",35080410
3508041020,"2035-04-10 20:00",35080410
3508041022,"2035-04-10 22:00",35080410
3507050200,"2035-05-02 00:00",35070502
3507050202,"2035-05-02 02:00",35070502
3507050204,"2035-05-02 04:00",35070502
3507050206,"2035-05-02 06:00",35070502
3507050208,"2035-05-02 08:00",35070502
3507050210,"2035-05-02 10:00",35070502
3507050212,"2035-05-02 12:00",35070502
3507050214,"2035-05-02 14:00",35070502
3507050216,"2035-05-02 16:00",35070502
3507050218,"2035-05-02 18:00",35070502
3507050220,"2035-05-02 20:00",35070502
3507050222,"2035-05-02 22:00",35070502
3508061700,"2035-06-17 00:00",35080617
3508061702,"2035-06-17 02:00",35080617
3508061704,"2035-06-17 04:00",35080617
3508061706,"2035-06-17 06:00",35080617
3508061708,"2035-06-17 08:00",35080617
3508061710,"2035-06-17 10:00",35080617
3508061712,"2035-06-17 12:00",35080617
3508061714,"2035-06-17 14:00",35080617
3508061716,"2035-06-17 16:00",35080617
3508061718,"2035-06-17 18:00",35080617
3508061720,"2035-06-17 20:00",35080617
3508061722,"2035-06-17 22:00",35080617
3508081800,"2035-08-18 00:00",35080818
3508081802,"2035-08-18 02:00",35080818
3508081804,"2035-08-18 04:00",35080818
3508081806,"2035-08-18 06:00",35080818
3508081808,"2035-08-18 08:00",35080818
3508081810,"2035-08-18 10:00",35080818
3508081812,"2035-08-18 12:00",35080818
3508081814,"2035-08-18 14:00",35080818
3508081816,"2035-08-18 16:00",35080818
3508081818,"2035-08-18 18:00",35080818
3508081820,"2035-08-18 20:00",35080818
3508081822,"2035-08-18 22:00",35080818
3508091000,"2035-09-10 00:00",35080910
3508091002,"2035-09-10 02:00",35080910
3508091004,"2035-09-10 04:00",35080910
3508091006,"2035-09-10 06:00",35080910
3508091008,"2035-09-10 08:00",35080910
3508091010,"2035-09-10 10:00",35080910
3508091012,"2035-09-10 12:00",35080910
3508091014,"2035-09-10 14:00",35080910
3508091016,"2035-09-10 16:00",35080910
3508091018,"2035-09-10 18:00",35080910
3508091020,"2035-09-10 20:00",35080910
3508091022,"2035-09-10 22:00",35080910
3507092200,"2035-09-22 00:00",35070922
3507092202,"2035-09-22 02:00",35070922
3507092204,"2035-09-22 04:00",35070922
3507092206,"2035-09-22 06:00",35070922
3507092208,"2035-09-22 08:00",35070922
3507092210,"2035-09-22 10:00",35070922
3507092212,"2035-09-22 12:00",35070922
3507092214,"2035-09-22 14:00",35070922
3507092216,"2035-09-22 16:00",35070922
3507092218,"2035-09-22 18:00",35070922
3507092220,"2035-09-22 20:00",35070922
3507092222,"2035-09-22 22:00",35070922
3507102700,"2035-10-27 00:00",35071027
3507102702,"2035-10-27 02:00",35071027
3507102704,"2035-10-27 04:00",35071027
3507102706,"2035-10-27 06:00",35071027
3507102708,"2035-10-27 08:00",35071027
3507102710,"2035-10-27 10:00",35071027
3507102712,"2035-10-27 12:00",35071027
3507102714,"2035-10-27 14:00",35071027
3507102716,"2035-10-27 16:00",35071027
3507102718,"2035-10-27 18:00",35071027
3507102720,"2035-10-27 20:00",35071027
3507102722,"2035-10-27 22:00",35071027
3508112200,"2035-11-22 00:00",35081122
3508112202,"2035-11-22 02:00",35081122
3508112204,"2035-11-22 04:00",35081122
3508112206,"2035-11-22 06:00",35081122
3508112208,"2035-11-22 08:00",35081122
3508112210,"2035-11-22 10:00",35081122
3508112212,"2035-11-22 12:00",35081122
3508112214,"2035-11-22 14:00",35081122
3508112216,"2035-11-22 16:00",35081122
3508112218,"2035-11-22 18:00",35081122
3508112220,"2035-11-22 20:00",35081122
3508112222,"2035-11-22 22:00",35081122
3507121500,"2035-12-15 00:00",35071215
3507121502,"2035-12-15 02:00",35071215
3507121504,"2035-12-15 04:00",35071215
3507121506,"2035-12-15 06:00",35071215
3507121508,"2035-12-15 08:00",35071215
3507121510,"2035-12-15 10:00",35071215
3507121512,"2035-12-15 12:00",35071215
3507121514,"2035-12-15 14:00",35071215
3507121516,"2035-12-15 16:00",35071215
3507121518,"2035-12-15 18:00",35071215
3507121520,"2035-12-15 20:00",35071215
3507121522,"2035-12-15 22:00",35071215
4007011200,"2040-01-12 00:00",40070112
4007011202,"2040-01-12 02:00",40070112
4007011204,"2040-01-12 04:00",40070112
4007011206,"2040-01-12 06:00",40070112
4007011208,"2040-01-12 08:00",40070112
4007011210,"2040-01-12 10:00",40070112
4007011212,"2040-01-12 12:00",40070112
4007011214,"2040-01-12 14:00",40070112
4007011216,"2040-01-12 16:00",40070112
4007011218,"2040-01-12 18:00",40070112
4007011220,"2040-01-12 20:00",40070112
4007011222,"2040-01-12 22:00",40070112
4007011900,"2040-01-19 00:00",40070119
4007011902,"2040-01-19 02:00",40070119
4007011904,"2040-01-19 04:00",40070119
4007011906,"2040-01-19 06:00",40070119
4007011908,"2040-01-19 08:00",40070119
4007011910,"2040-01-19 10:00",40070119
4007011912,"2040-01-19 12:00",40070119
4007011914,"2040-01-19 14:00",40070119
4007011916,"2040-01-19 16:00",40070119
4007011918,"2040-01-19 18:00",40070119
4007011920,"2040-01-19 20:00",40070119
4007011922,"2040-01-19 22:00",40070119
4007021200,"2040-02-12 00:00",40070212
4007021202,"2040-02-12 02:00",40070212
4007021204,"2040-02-12 04:00",40070212
4007021206,"2040-02-12 06:00",40070212
4007021208,"2040-02-12 08:00",40070212
4007021210,"2040-02-12 10:00",40070212
4007021212,"2040-02-12 12:00",40070212
4007021214,"2040-02-12 14:00",40070212
4007021216,"2040-02-12 16:00",40070212
4007021218,"2040-02-12 18:00",40070212
4007021220,"2040-02-12 20:00",40070212
4007021222,"2040-02-12 22:00",40070212
4008022000,"2040-02-20 00:00",40080220
4008022002,"2040-02-20 02:00",40080220
4008022004,"2040-02-20 04:00",40080220
4008022006,"2040-02-20 06:00",40080220
4008022008,"2040-02-20 08:00",40080220
4008022010,"2040-02-20 10:00",40080220
4008022012,"2040-02-20 12:00",40080220
4008022014,"2040-02-20 14:00",40080220
4008022016,"2040-02-20 16:00",40080220
4008022018,"2040-02-20 18:00",40080220
4008022020,"2040-02-20 20:00",40080220
4008022022,"2040-02-20 22:00",40080220
4008041000,"2040-04-10 00:00",40080410
4008041002,"2040-04-10 02:00",40080410
4008041004,"2040-04-10 04:00",40080410
4008041006,"2040-04-10 06:00",40080410
4008041008,"2040-04-10 08:00",40080410
4008041010,"2040-04-10 10:00",40080410
4008041012,"2040-04-10 12:00",40080410
4008041014,"2040-04-10 14:00",40080410
4008041016,"2040-04-10 16:00",40080410
4008041018,"2040-04-10 18:00",40080410
4008041020,"2040-04-10 20:00",40080410
4008041022,"2040-04-10 22:00",40080410
4007050200,"2040-05-02 00:00",40070502
4007050202,"2040-05-02 02:00",40070502
4007050204,"2040-05-02 04:00",40070502
4007050206,"2040-05-02 06:00",40070502
4007050208,"2040-05-02 08:00",40070502
4007050210,"2040-05-02 10:00",40070502
4007050212,"2040-05-02 12:00",40070502
4007050214,"2040-05-02 14:00",40070502
4007050216,"2040-05-02 16:00",40070502
4007050218,"2040-05-02 18:00",40070502
4007050220,"2040-05-02 20:00",40070502
4007050222,"2040-05-02 22:00",40070502
4008061700,"2040-06-17 00:00",40080617
4008061702,"2040-06-17 02:00",40080617
4008061704,"2040-06-17 04:00",40080617
4008061706,"2040-06-17 06:00",40080617
4008061708,"2040-06-17 08:00",40080617
4008061710,"2040-06-17 10:00",40080617
4008061712,"2040-06-17 12:00",40080617
4008061714,"2040-06-17 14:00",40080617
4008061716,"2040-06-17 16:00",40080617
4008061718,"2040-06-17 18:00",40080617
4008061720,"2040-06-17 20:00",40080617
4008061722,"2040-06-17 22:00",40080617
4008081800,"2040-08-18 00:00",40080818
4008081802,"2040-08-18 02:00",40080818
4008081804,"2040-08-18 04:00",40080818
4008081806,"2040-08-18 06:00",40080818
4008081808,"2040-08-18 08:00",40080818
4008081810,"2040-08-18 10:00",40080818
4008081812,"2040-08-18 12:00",40080818
4008081814,"2040-08-18 14:00",40080818
4008081816,"2040-08-18 16:00",40080818
4008081818,"2040-08-18 18:00",40080818
4008081820,"2040-08-18 20:00",40080818
4008081822,"2040-08-18 22:00",40080818
4008091000,"2040-09-10 00:00",40080910
4008091002,"2040-09-10 02:00",40080910
4008091004,"2040-09-10 04:00",40080910
4008091006,"2040-09-10 06:00",40080910
4008091008,"2040-09-10 08:00",40080910
4008091010,"2040-09-10 10:00",40080910
4008091012,"2040-09-10 12:00",40080910
4008091014,"2040-09-10 14:00",40080910
4008091016,"2040-09-10 16:00",40080910
4008091018,"2040-09-10 18:00",40080910
4008091020,"2040-09-10 20:00",40080910
4008091022,"2040-09-10 22:00",40080910
4007092200,"2040-09-22 00:00",40070922
4007092202,"2040-09-22 02:00",40070922
4007092204,"2040-09-22 04:00",40070922
4007092206,"2040-09-22 06:00",40070922
4007092208,"2040-09-22 08:00",40070922
4007092210,"2040-09-22 10:00",40070922
4007092212,"2040-09-22 12:00",40070922
4007092214,"2040-09-22 14:00",40070922
4007092216,"2040-09-22 16:00",40070922
4007092218,"2040-09-22 18:00",40070922
4007092220,"2040-09-22 20:00",40070922
4007092222,"2040-09-22 22:00",40070922
4007102700,"2040-10-27 00:00",40071027
4007102702,"2040-10-27 02:00",40071027
4007102704,"2040-10-27 04:00",40071027
4007102706,"2040-10-27 06:00",40071027
4007102708,"2040-10-27 08:00",40071027
4007102710,"2040-10-27 10:00",40071027
4007102712,"2040-10-27 12:00",40071027
4007102714,"2040-10-27 14:00",40071027
4007102716,"2040-10-27 16:00",40071027
4007102718,"2040-10-27 18:00",40071027
4007102720,"2040-10-27 20:00",40071027
4007102722,"2040-10-27 22:00",40071027
4008112200,"2040-11-22 00:00",40081122
4008112202,"2040-11-22 02:00",40081122
4008112204,"2040-11-22 04:00",40081122
4008112206,"2040-11-22 06:00",40081122
4008112208,"2040-11-22 08:00",40081122
4008112210,"2040-11-22 10:00",40081122
4008112212,"2040-11-22 12:00",40081122
4008112214,"2040-11-22 14:00",40081122
4008112216,"2040-11-22 16:00",40081122
4008112218,"2040-11-22 18:00",40081122
4008112220,"2040-11-22 20:00",40081122
4008112222,"2040-11-22 22:00",40081122
4007121500,"2040-12-15 00:00",40071215
4007121502,"2040-12-15 02:00",40071215
4007121504,"2040-12-15 04:00",40071215
4007121506,"2040-12-15 06:00",40071215
4007121508,"2040-12-15 08:00",40071215
4007121510,"2040-12-15 10:00",40071215
4007121512,"2040-12-15 12:00",40071215
4007121514,"2040-12-15 14:00",40071215
4007121516,"2040-12-15 16:00",40071215
4007121518,"2040-12-15 18:00",40071215
4007121520,"2040-12-15 20:00",40071215
4007121522,"2040-12-15 22:00",40071215
4507011200,"2045-01-12 00:00",45070112
4507011202,"2045-01-12 02:00",45070112
4507011204,"2045-01-12 04:00",45070112
4507011206,"2045-01-12 06:00",45070112
4507011208,"2045-01-12 08:00",45070112
4507011210,"2045-01-12 10:00",45070112
4507011212,"2045-01-12 12:00",45070112
4507011214,"2045-01-12 14:00",45070112
4507011216,"2045-01-12 16:00",45070112
4507011218,"2045-01-12 18:00",45070112
4507011220,"2045-01-12 20:00",45070112
4507011222,"2045-01-12 22:00",45070112
4507011900,"2045-01-19 00:00",45070119
4507011902,"2045-01-19 02:00",45070119
4507011904,"2045-01-19 04:00",45070119
4507011906,"2045-01-19 06:00",45070119
4507011908,"2045-01-19 08:00",45070119
4507011910,"2045-01-19 10:00",45070119
4507011912,"2045-01-19 12:00",45070119
4507011914,"2045-01-19 14:00",45070119
4507011916,"2045-01-19 16:00",45070119
4507011918,"2045-01-19 18:00",45070119
4507011920,"2045-01-19 20:00",45070119
4507011922,"2045-01-19 22:00",45070119
4507021200,"2045-02-12 00:00",45070212
4507021202,"2045-02-12 02:00",45070212
4507021204,"2045-02-12 04:00",45070212
4507021206,"2045-02-12 06:00",45070212
4507021208,"2045-02-12 08:00",45070212
4507021210,"2045-02-12 10:00",45070212
4507021212,"2045-02-12 12:00",45070212
4507021214,"2045-02-12 14:00",45070212
4507021216,"2045-02-12 16:00",45070212
4507021218,"2045-02-12 18:00",45070212
4507021220,"2045-02-12 20:00",45070212
4507021222,"2045-02-12 22:00",45070212
4508022000,"2045-02-20 00:00",45080220
4508022002,"2045-02-20 02:00",45080220
4508022004,"2045-02-20 04:00",45080220
4508022006,"2045-02-20 06:00",45080220
4508022008,"2045-02-20 08:00",45080220
4508022010,"2045-02-20 10:00",45080220
4508022012,"2045-02-20 12:00",45080220
4508022014,"2045-02-20 14:00",45080220
4508022016,"2045-02-20 16:00",45080220
4508022018,"2045-02-20 18:00",45080220
4508022020,"2045-02-20 20:00",45080220
4508022022,"2045-02-20 22:00",45080220
4508041000,"2045-04-10 00:00",45080410
4508041002,"2045-04-10 02:00",45080410
4508041004,"2045-04-10 04:00",45080410
4508041006,"2045-04-10 06:00",45080410
4508041008,"2045-04-10 08:00",45080410
4508041010,"2045-04-10 10:00",45080410
4508041012,"2045-04-10 12:00",45080410
4508041014,"2045-04-10 14:00",45080410
4508041016,"2045-04-10 16:00",45080410
4508041018,"2045-04-10 18:00",45080410
4508041020,"2045-04-10 20:00",45080410
4508041022,"2045-04-10 22:00",45080410
4507050200,"2045-05-02 00:00",45070502
4507050202,"2045-05-02 02:00",45070502
4507050204,"2045-05-02 04:00",45070502
4507050206,"2045-05-02 06:00",45070502
4507050208,"2045-05-02 08:00",45070502
4507050210,"2045-05-02 10:00",45070502
4507050212,"2045-05-02 12:00",45070502
4507050214,"2045-05-02 14:00",45070502
4507050216,"2045-05-02 16:00",45070502
4507050218,"2045-05-02 18:00",45070502
4507050220,"2045-05-02 20:00",45070502
4507050222,"2045-05-02 22:00",45070502
4508061700,"2045-06-17 00:00",45080617
4508061702,"2045-06-17 02:00",45080617
4508061704,"2045-06-17 04:00",45080617
4508061706,"2045-06-17 06:00",45080617
4508061708,"2045-06-17 08:00",45080617
4508061710,"2045-06-17 10:00",45080617
4508061712,"2045-06-17 12:00",45080617
4508061714,"2045-06-17 14:00",45080617
4508061716,"2045-06-17 16:00",45080617
4508061718,"2045-06-17 18:00",45080617
4508061720,"2045-06-17 20:00",45080617
4508061722,"2045-06-17 22:00",45080617
4508081800,"2045-08-18 00:00",45080818
4508081802,"2045-08-18 02:00",45080818
4508081804,"2045-08-18 04:00",45080818
4508081806,"2045-08-18 06:00",45080818
4508081808,"2045-08-18 08:00",45080818
4508081810,"2045-08-18 10:00",45080818
4508081812,"2045-08-18 12:00",45080818
4508081814,"2045-08-18 14:00",45080818
4508081816,"2045-08-18 16:00",45080818
4508081818,"2045-08-18 18:00",45080818
4508081820,"2045-08-18 20:00",45080818
4508081822,"2045-08-18 22:00",45080818
4508091000,"2045-09-10 00:00",45080910
4508091002,"2045-09-10 02:00",45080910
4508091004,"2045-09-10 04:00",45080910
4508091006,"2045-09-10 06:00",45080910
4508091008,"2045-09-10 08:00",45080910
4508091010,"2045-09-10 10:00",45080910
4508091012,"2045-09-10 12:00",45080910
4508091014,"2045-09-10 14:00",45080910
4508091016,"2045-09-10 16:00",45080910
4508091018,"2045-09-10 18:00",45080910
4508091020,"2045-09-10 20:00",45080910
4508091022,"2045-09-10 22:00",45080910
4507092200,"2045-09-22 00:00",45070922
4507092202,"2045-09-22 02:00",45070922
4507092204,"2045-09-22 04:00",45070922
4507092206,"2045-09-22 06:00",45070922
4507092208,"2045-09-22 08:00",45070922
4507092210,"2045-09-22 10:00",45070922
4507092212,"2045-09-22 12:00",45070922
4507092214,"2045-09-22 14:00",45070922
4507092216,"2045-09-22 16:00",45070922
4507092218,"2045-09-22 18:00",45070922
4507092220,"2045-09-22 20:00",45070922
4507092222,"2045-09-22 22:00",45070922
4507102700,"2045-10-27 00:00",45071027
4507102702,"2045-10-27 02:00",45071027
4507102704,"2045-10-27 04:00",45071027
4507102706,"2045-10-27 06:00",45071027
4507102708,"2045-10-27 08:00",45071027
4507102710,"2045-10-27 10:00",45071027
4507102712,"2045-10-27 12:00",45071027
4507102714,"2045-10-27 14:00",45071027
4507102716,"2045-10-27 16:00",45071027
4507102718,"2045-10-27 18:00",45071027
4507102720,"2045-10-27 20:00",45071027
4507102722,"2045-10-27 22:00",45071027
4508112200,"2045-11-22 00:00",45081122
4508112202,"2045-11-22 02:00",45081122
4508112204,"2045-11-22 04:00",45081122
4508112206,"2045-11-22 06:00",45081122
4508112208,"2045-11-22 08:00",45081122
4508112210,"2045-11-22 10:00",45081122
4508112212,"2045-11-22 12:00",45081122
4508112214,"2045-11-22 14:00",45081122
4508112216,"2045-11-22 16:00",45081122
4508112218,"2045-11-22 18:00",45081122
4508112220,"2045-11-22 20:00",45081122
4508112222,"2045-11-22 22:00",45081122
4507121500,"2045-12-15 00:00",45071215
4507121502,"2045-12-15 02:00",45071215
4507121504,"2045-12-15 04:00",45071215
4507121506,"2045-12-15 06:00",45071215
4507121508,"2045-12-15 08:00",45071215
4507121510,"2045-12-15 10:00",45071215
4507121512,"2045-12-15 12:00",45071215
4507121514,"2045-12-15 14:00",45071215
4507121516,"2045-12-15 16:00",45071215
4507121518,"2045-12-15 18:00",45071215
4507121520,"2045-12-15 20:00",45071215
4507121522,"2045-12-15 22:00",45071215
5007011200,"2050-01-12 00:00",50070112
5007011202,"2050-01-12 02:00",50070112
5007011204,"2050-01-12 04:00",50070112
5007011206,"2050-01-12 06:00",50070112
5007011208,"2050-01-12 08:00",50070112
5007011210,"2050-01-12 10:00",50070112
5007011212,"2050-01-12 12:00",50070112
5007011214,"2050-01-12 14:00",50070112
5007011216,"2050-01-12 16:00",50070112
5007011218,"2050-01-12 18:00",50070112
5007011220,"2050-01-12 20:00",50070112
5007011222,"2050-01-12 22:00",50070112
5007011900,"2050-01-19 00:00",50070119
5007011902,"2050-01-19 02:00",50070119
5007011904,"2050-01-19 04:00",50070119
5007011906,"2050-01-19 06:00",50070119
5007011908,"2050-01-19 08:00",50070119
5007011910,"2050-01-19 10:00",50070119
5007011912,"2050-01-19 12:00",50070119
5007011914,"2050-01-19 14:00",50070119
5007011916,"2050-01-19 16:00",50070119
5007011918,"2050-01-19 18:00",50070119
5007011920,"2050-01-19 20:00",50070119
5007011922,"2050-01-19 22:00",50070119
5007021200,"2050-02-12 00:00",50070212
5007021202,"2050-02-12 02:00",50070212
5007021204,"2050-02-12 04:00",50070212
5007021206,"2050-02-12 06:00",50070212
5007021208,"2050-02-12 08:00",50070212
5007021210,"2050-02-12 10:00",50070212
5007021212,"2050-02-12 12:00",50070212
5007021214,"2050-02-12 14:00",50070212
5007021216,"2050-02-12 16:00",50070212
5007021218,"2050-02-12 18:00",50070212
5007021220,"2050-02-12 20:00",50070212
5007021222,"2050-02-12 22:00",50070212
5008022000,"2050-02-20 00:00",50080220
5008022002,"2050-02-20 02:00",50080220
5008022004,"2050-02-20 04:00",50080220
5008022006,"2050-02-20 06:00",50080220
5008022008,"2050-02-20 08:00",50080220
5008022010,"2050-02-20 10:00",50080220
5008022012,"2050-02-20 12:00",50080220
5008022014,"2050-02-20 14:00",50080220
5008022016,"2050-02-20 16:00",50080220
5008022018,"2050-02-20 18:00",50080220
5008022020,"2050-02-20 20:00",50080220
5008022022,"2050-02-20 22:00",50080220
5008041000,"2050-04-10 00:00",50080410
5008041002,"2050-04-10 02:00",50080410
5008041004,"2050-04-10 04:00",50080410
5008041006,"2050-04-10 06:00",50080410
5008041008,"2050-04-10 08:00",50080410
5008041010,"2050-04-10 10:00",50080410
5008041012,"2050-04-10 12:00",50080410
5008041014,"2050-04-10 14:00",50080410
5008041016,"2050-04-10 16:00",50080410
5008041018,"2050-04-10 18:00",50080410
5008041020,"2050-04-10 20:00",50080410
5008041022,"2050-04-10 22:00",50080410
5007050200,"2050-05-02 00:00",50070502
5007050202,"2050-05-02 02:00",50070502
5007050204,"2050-05-02 04:00",50070502
5007050206,"2050-05-02 06:00",50070502
5007050208,"2050-05-02 08:00",50070502
5007050210,"2050-05-02 10:00",50070502
5007050212,"2050-05-02 12:00",50070502
5007050214,"2050-05-02 14:00",50070502
5007050216,"2050-05-02 16:00",50070502
5007050218,"2050-05-02 18:00",50070502
5007050220,"2050-05-02 20:00",50070502
5007050222,"2050-05-02 22:00",50070502
5008061700,"2050-06-17 00:00",50080617
5008061702,"2050-06-17 02:00",50080617
5008061704,"2050-06-17 04:00",50080617
5008061706,"2050-06-17 06:00",50080617
5008061708,"2050-06-17 08:00",50080617
5008061710,"2050-06-17 10:00",50080617
5008061712,"2050-06-17 12:00",50080617
5008061714,"2050-06-17 14:00",50080617
5008061716,"2050-06-17 16:00",50080617
5008061718,"2050-06-17 18:00",50080617
5008061720,"2050-06-17 20:00",50080617
5008061722,"2050-06-17 22:00",50080617
5008081800,"2050-08-18 00:00",50080818
5008081802,"2050-08-18 02:00",50080818
5008081804,"2050-08-18 04:00",50080818
5008081806,"2050-08-18 06:00",50080818
5008081808,"2050-08-18 08:00",50080818
5008081810,"2050-08-18 10:00",50080818
5008081812,"2050-08-18 12:00",50080818
5008081814,"2050-08-18 14:00",50080818
5008081816,"2050-08-18 16:00",50080818
5008081818,"2050-08-18 18:00",50080818
5008081820,"2050-08-18 20:00",50080818
5008081822,"2050-08-18 22:00",50080818
5008091000,"2050-09-10 00:00",50080910
5008091002,"2050-09-10 02:00",50080910
5008091004,"2050-09-10 04:00",50080910
5008091006,"2050-09-10 06:00",50080910
5008091008,"2050-09-10 08:00",50080910
5008091010,"2050-09-10 10:00",50080910
5008091012,"2050-09-10 12:00",50080910
5008091014,"2050-09-10 14:00",50080910
5008091016,"2050-09-10 16:00",50080910
5008091018,"2050-09-10 18:00",50080910
5008091020,"2050-09-10 20:00",50080910
5008091022,"2050-09-10 22:00",50080910
5007092200,"2050-09-22 00:00",50070922
5007092202,"2050-09-22 02:00",50070922
5007092204,"2050-09-22 04:00",50070922
5007092206,"2050-09-22 06:00",50070922
5007092208,"2050-09-22 08:00",50070922
5007092210,"2050-09-22 10:00",50070922
5007092212,"2050-09-22 12:00",50070922
5007092214,"2050-09-22 14:00",50070922
5007092216,"2050-09-22 16:00",50070922
5007092218,"2050-09-22 18:00",50070922
5007092220,"2050-09-22 20:00",50070922
5007092222,"2050-09-22 22:00",50070922
5007102700,"2050-10-27 00:00",50071027
5007102702,"2050-10-27 02:00",50071027
5007102704,"2050-10-27 04:00",50071027
5007102706,"2050-10-27 06:00",50071027
5007102708,"2050-10-27 08:00",50071027
5007102710,"2050-10-27 10:00",50071027
5007102712,"2050-10-27 12:00",50071027
5007102714,"2050-10-27 14:00",50071027
5007102716,"2050-10-27 16:00",50071027
5007102718,"2050-10-27 18:00",50071027
5007102720,"2050-10-27 20:00",50071027
5007102722,"2050-10-27 22:00",50071027
5008112200,"2050-11-22 00:00",50081122
5008112202,"2050-11-22 02:00",50081122
5008112204,"2050-11-22 04:00",50081122
5008112206,"2050-11-22 06:00",50081122
5008112208,"2050-11-22 08:00",50081122
5008112210,"2050-11-22 10:00",50081122
5008112212,"2050-11-22 12:00",50081122
5008112214,"2050-11-22 14:00",50081122
5008112216,"2050-11-22 16:00",50081122
5008112218,"2050-11-22 18:00",50081122
5008112220,"2050-11-22 20:00",50081122
5008112222,"2050-11-22 22:00",50081122
5007121500,"2050-12-15 00:00",50071215
5007121502,"2050-12-15 02:00",50071215
5007121504,"2050-12-15 04:00",50071215
5007121506,"2050-12-15 06:00",50071215
5007121508,"2050-12-15 08:00",50071215
5007121510,"2050-12-15 10:00",50071215
5007121512,"2050-12-15 12:00",50071215
5007121514,"2050-12-15 14:00",50071215
5007121516,"2050-12-15 16:00",50071215
5007121518,"2050-12-15 18:00",50071215
5007121520,"2050-12-15 20:00",50071215
5007121522,"2050-12-15 22:00",50071215
