GENERATION_PROJECT,build_year,gen_predetermined_cap,gen_predetermined_storage_energy_mwh
Oahu_Airport_DSG,2013,8.0,.
Oahu_Battery_Bulk,2021,1.9,7.6
Oahu_Battery_Bulk,2022,39.0,156.0
Oahu_Battery_Bulk,2023,221.0,884.0
Oahu_Battery_Bulk,2024,12.5,50.0
Oahu_Battery_Bulk,2025,52.0,208.0
Oahu_CIP_CT,2009,113.0,.
Oahu_DistBattery,2020,38.097,152.388
Oahu_FlatDistPV_Oahu_FlatDistPV_0,2013,18.213736838968007,.
Oahu_FlatDistPV_Oahu_FlatDistPV_0,2014,10.661699613054436,.
Oahu_FlatDistPV_Oahu_FlatDistPV_0,2015,5.987873312093598,.
Oahu_FlatDistPV_Oahu_FlatDistPV_0,2016,12.513311310559697,.
Oahu_FlatDistPV_Oahu_FlatDistPV_0,2017,12.461048077162367,.
Oahu_FlatDistPV_Oahu_FlatDistPV_0,2018,26.36680124895081,.
Oahu_FlatDistPV_Oahu_FlatDistPV_0,2019,5.3233836303276,.
Oahu_FlatDistPV_Oahu_FlatDistPV_0,2020,46.85772182880231,.
Oahu_FlatDistPV_Oahu_FlatDistPV_2,2013,30.576263161032,.
Oahu_FlatDistPV_Oahu_FlatDistPV_2,2014,17.89830038694555,.
Oahu_FlatDistPV_Oahu_FlatDistPV_2,2015,10.052126687906393,.
Oahu_FlatDistPV_Oahu_FlatDistPV_2,2016,21.00668868944031,.
Oahu_FlatDistPV_Oahu_FlatDistPV_2,2017,20.918951922837625,.
Oahu_FlatDistPV_Oahu_FlatDistPV_2,2018,44.26319875104918,.
Oahu_FlatDistPV_Oahu_FlatDistPV_2,2019,8.936616369672391,.
Oahu_FlatDistPV_Oahu_FlatDistPV_2,2020,78.66227817119774,.
Oahu_H-Power,1989,86.0,.
Oahu_Hawaii_Cogen,1982,12.8,.
Oahu_IC_Schofield,2018,48.84,.
Oahu_Kahe_1,1963,77.9,.
Oahu_Kahe_2,1964,78.1,.
Oahu_Kahe_3,1970,82.1,.
Oahu_Kahe_4,1972,87.2,.
Oahu_Kahe_5,1974,128.1,.
Oahu_Kahe_6,1981,128.7,.
Oahu_Kalaeloa_CC1,1989,85.0,.
Oahu_Kalaeloa_CC2,1991,85.0,.
Oahu_Kalaeloa_CC3,1991,50.0,.
Oahu_OnshoreWind_OnWind_103,2012,27.6,.
Oahu_OnshoreWind_OnWind_Kahuku,2011,30.0,.
Oahu_OnshoreWind_OnWind_Kawailoa,2012,41.4,.
Oahu_OnshoreWind_OnWind_Kawailoa,2020,27.6,.
Oahu_SlopedDistPV_Oahu_SlopedDistPV_10,2013,4.815392415043426,.
Oahu_SlopedDistPV_Oahu_SlopedDistPV_10,2014,5.036923785227024,.
Oahu_SlopedDistPV_Oahu_SlopedDistPV_10,2015,3.15219249957835,.
Oahu_SlopedDistPV_Oahu_SlopedDistPV_10,2016,1.8161457221243398,.
Oahu_SlopedDistPV_Oahu_SlopedDistPV_10,2017,2.3744322092124124,.
Oahu_SlopedDistPV_Oahu_SlopedDistPV_10,2018,1.3970879289906677,.
Oahu_SlopedDistPV_Oahu_SlopedDistPV_10,2019,1.148122333397333,.
Oahu_SlopedDistPV_Oahu_SlopedDistPV_10,2020,1.0617045233566778,.
Oahu_SlopedDistPV_Oahu_SlopedDistPV_12,2013,3.2530687304658037,.
Oahu_SlopedDistPV_Oahu_SlopedDistPV_12,2014,3.402725645426701,.
Oahu_SlopedDistPV_Oahu_SlopedDistPV_12,2015,2.129483533003965,.
Oahu_SlopedDistPV_Oahu_SlopedDistPV_12,2016,1.2269087022181235,.
Oahu_SlopedDistPV_Oahu_SlopedDistPV_12,2017,1.6040626612836653,.
Oahu_SlopedDistPV_Oahu_SlopedDistPV_12,2018,0.9438115658679468,.
Oahu_SlopedDistPV_Oahu_SlopedDistPV_12,2019,0.7756212868252016,.
Oahu_SlopedDistPV_Oahu_SlopedDistPV_12,2020,0.7172411899673937,.
Oahu_SlopedDistPV_Oahu_SlopedDistPV_14,2013,7.202033105442133,.
Oahu_SlopedDistPV_Oahu_SlopedDistPV_14,2014,7.533361504966107,.
Oahu_SlopedDistPV_Oahu_SlopedDistPV_14,2015,4.7145056477157175,.
Oahu_SlopedDistPV_Oahu_SlopedDistPV_14,2016,2.7162774053853815,.
Oahu_SlopedDistPV_Oahu_SlopedDistPV_14,2017,3.551266003566539,.
Oahu_SlopedDistPV_Oahu_SlopedDistPV_14,2018,2.089523064490194,.
Oahu_SlopedDistPV_Oahu_SlopedDistPV_14,2019,1.7171632842202103,.
Oahu_SlopedDistPV_Oahu_SlopedDistPV_14,2020,1.5879144348703085,.
Oahu_SlopedDistPV_Oahu_SlopedDistPV_15,2013,17.651949223363015,.
Oahu_SlopedDistPV_Oahu_SlopedDistPV_15,2014,18.46402436923202,.
Oahu_SlopedDistPV_Oahu_SlopedDistPV_15,2015,11.555100217999778,.
Oahu_SlopedDistPV_Oahu_SlopedDistPV_15,2016,6.657507697402827,.
Oahu_SlopedDistPV_Oahu_SlopedDistPV_15,2017,8.704037631574245,.
Oahu_SlopedDistPV_Oahu_SlopedDistPV_15,2018,5.121353164505131,.
Oahu_SlopedDistPV_Oahu_SlopedDistPV_15,2019,4.208711437104345,.
Oahu_SlopedDistPV_Oahu_SlopedDistPV_15,2020,3.8919267052793023,.
Oahu_SlopedDistPV_Oahu_SlopedDistPV_2,2013,6.2940231006527165,.
Oahu_SlopedDistPV_Oahu_SlopedDistPV_2,2014,6.583578642813498,.
Oahu_SlopedDistPV_Oahu_SlopedDistPV_2,2015,4.120115392479688,.
Oahu_SlopedDistPV_Oahu_SlopedDistPV_2,2016,2.3738175716462595,.
Oahu_SlopedDistPV_Oahu_SlopedDistPV_2,2017,3.1035333961628986,.
Oahu_SlopedDistPV_Oahu_SlopedDistPV_2,2018,1.8260824748653475,.
Oahu_SlopedDistPV_Oahu_SlopedDistPV_2,2019,1.5006686612295426,.
Oahu_SlopedDistPV_Oahu_SlopedDistPV_2,2020,1.3877151060832384,.
Oahu_SlopedDistPV_Oahu_SlopedDistPV_3,2013,6.3863214852124175,.
Oahu_SlopedDistPV_Oahu_SlopedDistPV_3,2014,6.680123200028486,.
Oahu_SlopedDistPV_Oahu_SlopedDistPV_3,2015,4.180534617011292,.
Oahu_SlopedDistPV_Oahu_SlopedDistPV_3,2016,2.408628299792405,.
Oahu_SlopedDistPV_Oahu_SlopedDistPV_3,2017,3.149045005242187,.
Oahu_SlopedDistPV_Oahu_SlopedDistPV_3,2018,1.8528609692889495,.
Oahu_SlopedDistPV_Oahu_SlopedDistPV_3,2019,1.5226751411829593,.
Oahu_SlopedDistPV_Oahu_SlopedDistPV_3,2020,1.4080651843197314,.
Oahu_SlopedDistPV_Oahu_SlopedDistPV_5,2013,7.590416375494327,.
Oahu_SlopedDistPV_Oahu_SlopedDistPV_5,2014,7.939612286231355,.
Oahu_SlopedDistPV_Oahu_SlopedDistPV_5,2015,4.968744290239558,.
Oahu_SlopedDistPV_Oahu_SlopedDistPV_5,2016,2.862757806909126,.
Oahu_SlopedDistPV_Oahu_SlopedDistPV_5,2017,3.7427747460420693,.
Oahu_SlopedDistPV_Oahu_SlopedDistPV_5,2018,2.202204551614011,.
Oahu_SlopedDistPV_Oahu_SlopedDistPV_5,2019,1.8097645652439067,.
Oahu_SlopedDistPV_Oahu_SlopedDistPV_5,2020,1.6735457269997485,.
Oahu_SlopedDistPV_Oahu_SlopedDistPV_7,2013,8.485913104154905,.
Oahu_SlopedDistPV_Oahu_SlopedDistPV_7,2014,8.876306200956222,.
Oahu_SlopedDistPV_Oahu_SlopedDistPV_7,2015,5.554943259748747,.
Oahu_SlopedDistPV_Oahu_SlopedDistPV_7,2016,3.2004982053556734,.
Oahu_SlopedDistPV_Oahu_SlopedDistPV_7,2017,4.18433715518933,.
Oahu_SlopedDistPV_Oahu_SlopedDistPV_7,2018,2.462014669301178,.
Oahu_SlopedDistPV_Oahu_SlopedDistPV_7,2019,2.023275678159133,.
Oahu_SlopedDistPV_Oahu_SlopedDistPV_7,2020,1.8709861109858723,.
Oahu_SlopedDistPV_Oahu_SlopedDistPV_9,2013,8.530882460171243,.
Oahu_SlopedDistPV_Oahu_SlopedDistPV_9,2014,8.923344365118592,.
Oahu_SlopedDistPV_Oahu_SlopedDistPV_9,2015,5.584380542222909,.
Oahu_SlopedDistPV_Oahu_SlopedDistPV_9,2016,3.217458589165852,.
Oahu_SlopedDistPV_Oahu_SlopedDistPV_9,2017,4.206511191726656,.
Oahu_SlopedDistPV_Oahu_SlopedDistPV_9,2018,2.4750616110766064,.
Oahu_SlopedDistPV_Oahu_SlopedDistPV_9,2019,2.03399761263732,.
Oahu_SlopedDistPV_Oahu_SlopedDistPV_9,2020,1.8809010181377444,.
Oahu_Tesoro_Hawaii,1990,20.0,.
Oahu_Waiau_10,1973,51.2,.
Oahu_Waiau_7,1966,77.8,.
Oahu_Waiau_8,1968,77.8,.
Oahu_Waiau_9,1973,51.2,.
