LOAD_ZONE,TIMEPOINT,zone_demand_mw
Oahu,2707011200,653.200019
Oahu,2707011202,595.494423
Oahu,2707011204,660.525968
Oahu,2707011206,928.258704
Oahu,2707011208,829.782859
Oahu,2707011210,715.688988
Oahu,2707011212,655.794639
Oahu,2707011214,689.812111
Oahu,2707011216,839.053728
Oahu,2707011218,1064.658107
Oahu,2707011220,959.691305
Oahu,2707011222,789.291497
Oahu,2707011900,613.072300
Oahu,2707011902,556.664694
Oahu,2707011904,630.936175
Oahu,2707011906,898.393913
Oahu,2707011908,786.377162
Oahu,2707011910,661.987364
Oahu,2707011912,616.733912
Oahu,2707011914,661.333310
Oahu,2707011916,815.381894
Oahu,2707011918,1044.418249
Oahu,2707011920,945.204406
Oahu,2707011922,774.507600
Oahu,2707021200,545.389773
Oahu,2707021202,502.380074
Oahu,2707021204,586.980482
Oahu,2707021206,853.371228
Oahu,2707021208,738.043501
Oahu,2707021210,615.303690
Oahu,2707021212,573.240216
Oahu,2707021214,625.770559
Oahu,2707021216,800.861996
Oahu,2707021218,1063.668114
Oahu,2707021220,953.234350
Oahu,2707021222,727.889926
Oahu,2707050200,627.735197
Oahu,2707050202,578.840539
Oahu,2707050204,636.667134
Oahu,2707050206,905.752861
Oahu,2707050208,818.430938
Oahu,2707050210,699.486101
Oahu,2707050212,657.939624
Oahu,2707050214,708.632979
Oahu,2707050216,867.741528
Oahu,2707050218,1055.374172
Oahu,2707050220,999.258028
Oahu,2707050222,779.193567
Oahu,2707092200,711.631610
Oahu,2707092202,647.700057
Oahu,2707092204,665.497933
Oahu,2707092206,802.001587
Oahu,2707092208,812.864977
Oahu,2707092210,713.214005
Oahu,2707092212,651.999665
Oahu,2707092214,693.123087
Oahu,2707092216,861.218573
Oahu,2707092218,1058.498150
Oahu,2707092220,972.869212
Oahu,2707092222,839.165148
Oahu,2707102700,699.234697
Oahu,2707102702,635.226145
Oahu,2707102704,658.600981
Oahu,2707102706,793.036650
Oahu,2707102708,811.335988
Oahu,2707102710,703.347074
Oahu,2707102712,639.998749
Oahu,2707102714,653.677363
Oahu,2707102716,816.987883
Oahu,2707102718,1039.743282
Oahu,2707102720,958.591312
Oahu,2707102722,820.410279
Oahu,2707121500,662.285955
Oahu,2707121502,590.874455
Oahu,2707121504,617.670267
Oahu,2707121506,749.003958
Oahu,2707121508,740.793481
Oahu,2707121510,622.134643
Oahu,2707121512,546.312405
Oahu,2707121514,560.959012
Oahu,2707121516,758.875289
Oahu,2707121518,1000.242558
Oahu,2707121520,923.435558
Oahu,2707121522,780.062561
Oahu,2708022000,606.311235
Oahu,2708022002,552.023913
Oahu,2708022004,628.519685
Oahu,2708022006,887.552769
Oahu,2708022008,797.930702
Oahu,2708022010,688.561200
Oahu,2708022012,647.803777
Oahu,2708022014,701.910594
Oahu,2708022016,874.093287
Oahu,2708022018,1096.295166
Oahu,2708022020,979.073545
Oahu,2708022022,743.542881
Oahu,2708041000,581.018278
Oahu,2708041002,540.885416
Oahu,2708041004,634.540185
Oahu,2708041006,896.977652
Oahu,2708041008,801.517869
Oahu,2708041010,679.319104
Oahu,2708041012,605.991572
Oahu,2708041014,677.794319
Oahu,2708041016,851.999078
Oahu,2708041018,1090.514572
Oahu,2708041020,1003.098427
Oahu,2708041022,765.500001
Oahu,2708061700,679.973830
Oahu,2708061702,621.322502
Oahu,2708061704,688.142061
Oahu,2708061706,908.584537
Oahu,2708061708,864.350418
Oahu,2708061710,756.089054
Oahu,2708061712,712.487030
Oahu,2708061714,754.884144
Oahu,2708061716,912.021298
Oahu,2708061718,1067.906279
Oahu,2708061720,1044.110945
Oahu,2708061722,818.473551
Oahu,2708081800,679.174143
Oahu,2708081802,628.942376
Oahu,2708081804,693.728446
Oahu,2708081806,948.054801
Oahu,2708081808,905.899868
Oahu,2708081810,803.693277
Oahu,2708081812,767.654007
Oahu,2708081814,820.527021
Oahu,2708081816,974.773878
Oahu,2708081818,1111.877638
Oahu,2708081820,1079.708440
Oahu,2708081822,834.158840
Oahu,2708091000,677.334863
Oahu,2708091002,625.857869
Oahu,2708091004,694.368195
Oahu,2708091006,941.977180
Oahu,2708091008,878.779056
Oahu,2708091010,783.449773
Oahu,2708091012,733.438829
Oahu,2708091014,782.164894
Oahu,2708091016,948.452752
Oahu,2708091018,1134.565900
Oahu,2708091020,1045.024873
Oahu,2708091022,802.902504
Oahu,2708112200,631.318589
Oahu,2708112202,562.648326
Oahu,2708112204,586.490422
Oahu,2708112206,714.500507
Oahu,2708112208,703.042130
Oahu,2708112210,607.118793
Oahu,2708112212,528.102060
Oahu,2708112214,532.971007
Oahu,2708112216,742.042119
Oahu,2708112218,959.982809
Oahu,2708112220,866.237712
Oahu,2708112222,730.393743
Oahu,3007011200,659.805737
Oahu,3007011202,599.705359
Oahu,3007011204,667.435712
Oahu,3007011206,945.178389
Oahu,3007011208,817.293339
Oahu,3007011210,697.156637
Oahu,3007011212,630.169185
Oahu,3007011214,669.164418
Oahu,3007011216,826.144091
Oahu,3007011218,1069.637461
Oahu,3007011220,961.669969
Oahu,3007011222,784.198570
Oahu,3007011900,618.012717
Oahu,3007011902,559.264197
Oahu,3007011904,636.617943
Oahu,3007011906,914.074209
Oahu,3007011908,772.086306
Oahu,3007011910,641.226395
Oahu,3007011912,589.487438
Oahu,3007011914,639.503748
Oahu,3007011916,801.489876
Oahu,3007011918,1048.557649
Oahu,3007011920,946.581864
Oahu,3007011922,768.801141
Oahu,3007021200,547.521366
Oahu,3007021202,502.726765
Oahu,3007021204,590.838090
Oahu,3007021206,867.183083
Oahu,3007021208,721.746797
Oahu,3007021210,592.605350
Oahu,3007021212,544.188754
Oahu,3007021214,602.465142
Oahu,3007021216,786.367402
Oahu,3007021218,1068.606383
Oahu,3007021220,954.945050
Oahu,3007021222,720.248834
Oahu,3007050200,633.284125
Oahu,3007050202,582.360339
Oahu,3007050204,642.586738
Oahu,3007050206,921.738554
Oahu,3007050208,805.470313
Oahu,3007050210,680.281330
Oahu,3007050212,632.403187
Oahu,3007050214,688.766353
Oahu,3007050216,856.022434
Oahu,3007050218,1059.968243
Oahu,3007050220,1002.878711
Oahu,3007050222,773.681576
Oahu,3007092200,720.662239
Oahu,3007092202,654.077527
Oahu,3007092204,672.614014
Oahu,3007092206,813.681602
Oahu,3007092208,799.673365
Oahu,3007092210,694.578942
Oahu,3007092212,626.216720
Oahu,3007092214,672.612801
Oahu,3007092216,849.228777
Oahu,3007092218,1063.221866
Oahu,3007092220,975.394760
Oahu,3007092222,836.141977
Oahu,3007102700,707.750854
Oahu,3007102702,641.085947
Oahu,3007102704,665.430839
Oahu,3007102706,804.344620
Oahu,3007102708,798.080923
Oahu,3007102710,684.302534
Oahu,3007102712,613.717766
Oahu,3007102714,631.530079
Oahu,3007102716,803.162513
Oahu,3007102718,1043.688670
Oahu,3007102720,960.524327
Oahu,3007102722,816.608781
Oahu,3007121500,669.268740
Oahu,3007121502,594.893662
Oahu,3007121504,622.801501
Oahu,3007121506,758.484572
Oahu,3007121508,724.610902
Oahu,3007121510,599.719786
Oahu,3007121512,516.143438
Oahu,3007121514,534.963917
Oahu,3007121516,742.638247
Oahu,3007121518,1002.548667
Oahu,3007121520,923.909609
Oahu,3007121522,774.586633
Oahu,3008022000,610.971068
Oahu,3008022002,554.430823
Oahu,3008022004,634.101169
Oahu,3008022006,902.783158
Oahu,3008022008,784.119318
Oahu,3008022010,668.903046
Oahu,3008022012,621.846702
Oahu,3008022014,681.764989
Oahu,3008022016,862.637792
Oahu,3008022018,1102.587458
Oahu,3008022020,981.856573
Oahu,3008022022,736.551387
Oahu,3008041000,584.628454
Oahu,3008041002,542.830078
Oahu,3008041004,640.371520
Oahu,3008041006,912.599173
Oahu,3008041008,787.855352
Oahu,3008041010,659.277402
Oahu,3008041012,578.299291
Oahu,3008041014,656.647889
Oahu,3008041016,839.626674
Oahu,3008041018,1096.566969
Oahu,3008041020,1006.878487
Oahu,3008041022,759.419727
Oahu,3008061700,687.690661
Oahu,3008061702,626.605303
Oahu,3008061704,696.197874
Oahu,3008061706,924.687744
Oahu,3008061708,853.295451
Oahu,3008061710,739.233305
Oahu,3008061712,689.214310
Oahu,3008061714,736.936941
Oahu,3008061716,902.139815
Oahu,3008061718,1073.020432
Oahu,3008061720,1049.593024
Oahu,3008061722,814.591679
Oahu,3008081800,686.857787
Oahu,3008081802,634.541402
Oahu,3008081804,702.016094
Oahu,3008081806,965.796024
Oahu,3008081808,896.569204
Oahu,3008081810,788.813104
Oahu,3008081812,746.670717
Oahu,3008081814,805.303997
Oahu,3008081816,967.496627
Oahu,3008081818,1118.816603
Oahu,3008081820,1086.667815
Oahu,3008081822,830.927908
Oahu,3008091000,684.942177
Oahu,3008091002,631.328888
Oahu,3008091004,702.682393
Oahu,3008091006,959.466182
Oahu,3008091008,868.322878
Oahu,3008091010,767.729494
Oahu,3008091012,711.035608
Oahu,3008091014,765.349842
Oahu,3008091016,940.083175
Oahu,3008091018,1142.446428
Oahu,3008091020,1050.544880
Oahu,3008091022,798.374433
Oahu,3008112200,637.016228
Oahu,3008112202,565.496149
Oahu,3008112204,590.327692
Oahu,3008112206,722.549227
Oahu,3008112208,685.292870
Oahu,3008112210,584.080779
Oahu,3008112212,497.177365
Oahu,3008112214,505.814410
Oahu,3008112216,725.106500
Oahu,3008112218,960.618138
Oahu,3008112220,864.338053
Oahu,3008112222,722.856559
Oahu,3507011200,665.719315
Oahu,3507011202,603.358906
Oahu,3507011204,673.636210
Oahu,3507011206,960.328158
Oahu,3507011208,793.247945
Oahu,3507011210,664.490286
Oahu,3507011212,588.340511
Oahu,3507011214,633.943824
Oahu,3507011216,801.338583
Oahu,3507011218,1067.057757
Oahu,3507011220,956.870810
Oahu,3507011222,772.725729
Oahu,3507011900,622.354700
Oahu,3507011902,561.396984
Oahu,3507011904,641.659562
Oahu,3507011906,928.054329
Oahu,3507011908,746.340935
Oahu,3507011910,606.456829
Oahu,3507011912,546.128957
Oahu,3507011914,603.167786
Oahu,3507011916,775.757264
Oahu,3507011918,1045.185253
Oahu,3507011920,941.215328
Oahu,3507011922,756.749292
Oahu,3507021200,549.212574
Oahu,3507021202,502.733504
Oahu,3507021204,594.158190
Oahu,3507021206,879.399896
Oahu,3507021208,694.108446
Oahu,3507021210,556.007424
Oahu,3507021212,499.126849
Oahu,3507021214,564.736371
Oahu,3507021216,760.066120
Oahu,3507021218,1065.987906
Oahu,3507021220,949.893006
Oahu,3507021222,706.371211
Oahu,3507050200,638.200378
Oahu,3507050202,585.361640
Oahu,3507050204,647.852809
Oahu,3507050206,936.006886
Oahu,3507050208,780.980324
Oahu,3507050210,646.980396
Oahu,3507050212,590.658521
Oahu,3507050214,654.282875
Oahu,3507050216,832.340479
Oahu,3507050218,1057.024935
Oahu,3507050220,999.629176
Oahu,3507050222,761.813252
Oahu,3507092200,728.864281
Oahu,3507092202,659.775700
Oahu,3507092204,679.009238
Oahu,3507092206,823.886532
Oahu,3507092208,774.965385
Oahu,3507092210,661.815659
Oahu,3507092212,584.239417
Oahu,3507092214,637.521881
Oahu,3507092216,825.291351
Oahu,3507092218,1060.400908
Oahu,3507092220,971.111711
Oahu,3507092222,826.622430
Oahu,3507102700,715.467373
Oahu,3507102702,646.295581
Oahu,3507102704,671.555945
Oahu,3507102706,814.198439
Oahu,3507102708,773.313060
Oahu,3507102710,651.152814
Oahu,3507102712,571.270449
Oahu,3507102714,594.894274
Oahu,3507102716,777.492799
Oahu,3507102718,1040.133181
Oahu,3507102720,955.682087
Oahu,3507102722,806.354703
Oahu,3507121500,675.538167
Oahu,3507121502,598.366270
Oahu,3507121504,627.323562
Oahu,3507121506,766.613857
Oahu,3507121508,697.080254
Oahu,3507121510,563.389394
Oahu,3507121512,470.026910
Oahu,3507121514,494.696812
Oahu,3507121516,714.692563
Oahu,3507121518,997.446138
Oahu,3507121520,917.690499
Oahu,3507121522,762.752343
Oahu,3508022000,615.048255
Oahu,3508022002,556.381855
Oahu,3508022004,639.048146
Oahu,3508022006,916.338686
Oahu,3508022008,758.826439
Oahu,3508022010,635.174239
Oahu,3508022012,579.705068
Oahu,3508022014,647.018230
Oahu,3508022016,839.204602
Oahu,3508022018,1101.246814
Oahu,3508022020,977.816516
Oahu,3508022022,723.286809
Oahu,3508041000,587.715046
Oahu,3508041002,544.344873
Oahu,3508041004,645.554289
Oahu,3508041006,926.523825
Oahu,3508041008,762.702965
Oahu,3508041010,625.186630
Oahu,3508041012,534.520088
Oahu,3508041014,620.956620
Oahu,3508041016,815.328167
Oahu,3508041018,1094.999929
Oahu,3508041020,1003.779361
Oahu,3508041022,747.015096
Oahu,3508061700,694.652831
Oahu,3508061702,631.270404
Oahu,3508061704,703.479952
Oahu,3508061706,939.066978
Oahu,3508061708,830.603891
Oahu,3508061710,708.149216
Oahu,3508061712,649.605985
Oahu,3508061714,704.264883
Oahu,3508061716,880.192070
Oahu,3508061718,1070.567941
Oahu,3508061720,1048.100147
Oahu,3508061722,804.261749
Oahu,3508081800,693.788638
Oahu,3508081802,639.504934
Oahu,3508081804,709.516961
Oahu,3508081806,981.721105
Oahu,3508081808,875.504921
Oahu,3508081810,759.593427
Oahu,3508081812,709.222997
Oahu,3508081814,775.202832
Oahu,3508081816,948.006576
Oahu,3508081818,1118.086244
Oahu,3508081820,1086.569108
Oahu,3508081822,821.212290
Oahu,3508091000,691.800992
Oahu,3508091002,636.171616
Oahu,3508091004,710.208316
Oahu,3508091006,975.153233
Oahu,3508091008,846.196412
Oahu,3508091010,737.716983
Oahu,3508091012,672.247857
Oahu,3508091014,733.746230
Oahu,3508091016,919.562261
Oahu,3508091018,1142.604651
Oahu,3508091020,1049.087797
Oahu,3508091022,787.434665
Oahu,3508112200,642.072824
Oahu,3508112202,567.863284
Oahu,3508112204,593.628599
Oahu,3508112206,729.327191
Oahu,3508112208,656.283696
Oahu,3508112210,547.162294
Oahu,3508112212,450.347631
Oahu,3508112214,464.451159
Oahu,3508112216,696.501547
Oahu,3508112218,953.938842
Oahu,3508112220,855.878799
Oahu,3508112222,709.076997
Oahu,4007011200,783.424990
Oahu,4007011202,740.987191
Oahu,4007011204,788.812633
Oahu,4007011206,978.467434
Oahu,4007011208,739.502615
Oahu,4007011210,580.276608
Oahu,4007011212,494.841237
Oahu,4007011214,551.891164
Oahu,4007011216,741.027103
Oahu,4007011218,1005.766679
Oahu,4007011220,937.486656
Oahu,4007011222,812.171377
Oahu,4007011900,753.914298
Oahu,4007011902,712.431065
Oahu,4007011904,767.051733
Oahu,4007011906,956.504295
Oahu,4007011908,707.581235
Oahu,4007011910,540.783405
Oahu,4007011912,466.115231
Oahu,4007011914,530.947309
Oahu,4007011916,723.618383
Oahu,4007011918,990.881900
Oahu,4007011920,926.832714
Oahu,4007011922,801.299016
Oahu,4007021200,704.139273
Oahu,4007021202,672.509117
Oahu,4007021204,734.725876
Oahu,4007021206,923.393751
Oahu,4007021208,672.035735
Oahu,4007021210,506.451339
Oahu,4007021212,434.129135
Oahu,4007021214,504.793781
Oahu,4007021216,712.940172
Oahu,4007021218,1005.038619
Oahu,4007021220,932.738088
Oahu,4007021222,767.015487
Oahu,4007050200,764.697673
Oahu,4007050202,728.739606
Oahu,4007050204,771.266391
Oahu,4007050206,961.916207
Oahu,4007050208,731.154195
Oahu,4007050210,568.360695
Oahu,4007050212,496.418700
Oahu,4007050214,565.732390
Oahu,4007050216,762.124659
Oahu,4007050218,998.939096
Oahu,4007050220,966.584782
Oahu,4007050222,804.745166
Oahu,4007092200,826.396701
Oahu,4007092202,779.380213
Oahu,4007092204,792.469112
Oahu,4007092206,885.615534
Oahu,4007092208,727.060881
Oahu,4007092210,578.456458
Oahu,4007092212,492.050341
Oahu,4007092214,554.326119
Oahu,4007092216,757.327554
Oahu,4007092218,1001.236529
Oahu,4007092220,947.177942
Oahu,4007092222,848.849414
Oahu,4007102700,817.279773
Oahu,4007102702,770.206659
Oahu,4007102704,787.396961
Oahu,4007102706,879.022548
Oahu,4007102708,725.936433
Oahu,4007102710,571.200128
Oahu,4007102712,483.224638
Oahu,4007102714,525.316979
Oahu,4007102716,724.799458
Oahu,4007102718,987.443840
Oahu,4007102720,936.677701
Oahu,4007102722,835.056725
Oahu,4007121500,790.106962
Oahu,4007121502,737.589578
Oahu,4007121504,757.295731
Oahu,4007121506,846.640064
Oahu,4007121508,674.058124
Oahu,4007121510,511.474952
Oahu,4007121512,414.325907
Oahu,4007121514,457.130129
Oahu,4007121516,682.062344
Oahu,4007121518,958.394252
Oahu,4007121520,910.823487
Oahu,4007121522,805.384241
Oahu,4008022000,748.942081
Oahu,4008022002,709.018146
Oahu,4008022004,765.274600
Oahu,4008022006,948.531511
Oahu,4008022008,716.077929
Oahu,4008022010,560.326313
Oahu,4008022012,488.964605
Oahu,4008022014,560.788620
Oahu,4008022016,766.795865
Oahu,4008022018,1029.033178
Oahu,4008022020,951.740727
Oahu,4008022022,778.526969
Oahu,4008041000,730.341157
Oahu,4008041002,700.826682
Oahu,4008041004,769.702192
Oahu,4008041006,955.462749
Oahu,4008041008,718.716001
Oahu,4008041010,553.529498
Oahu,4008041012,458.215109
Oahu,4008041014,543.053050
Oahu,4008041016,750.547361
Oahu,4008041018,1024.782018
Oahu,4008041020,969.409085
Oahu,4008041022,794.674655
Oahu,4008061700,803.114963
Oahu,4008061702,759.981654
Oahu,4008061704,809.122037
Oahu,4008061706,963.998675
Oahu,4008061708,764.924259
Oahu,4008061710,609.987589
Oahu,4008061712,536.533907
Oahu,4008061714,599.746382
Oahu,4008061716,794.688850
Oahu,4008061718,1008.155447
Oahu,4008061720,999.570475
Oahu,4008061722,833.632418
Oahu,4008081800,802.526858
Oahu,4008081802,765.585456
Oahu,4008081804,813.230371
Oahu,4008081806,993.025863
Oahu,4008081808,795.480520
Oahu,4008081810,644.996646
Oahu,4008081812,577.104758
Oahu,4008081814,648.021410
Oahu,4008081816,840.838298
Oahu,4008081818,1040.492826
Oahu,4008081820,1025.749554
Oahu,4008081822,845.167680
Oahu,4008091000,801.174216
Oahu,4008091002,763.317050
Oahu,4008091004,813.700855
Oahu,4008091006,988.556264
Oahu,4008091008,775.535356
Oahu,4008091010,630.109185
Oahu,4008091012,551.942261
Oahu,4008091014,619.809168
Oahu,4008091016,821.481239
Oahu,4008091018,1057.178208
Oahu,4008091020,1000.242595
Oahu,4008091022,822.181171
Oahu,4008112200,767.332968
Oahu,4008112202,716.831542
Oahu,4008112204,734.365476
Oahu,4008112206,821.265565
Oahu,4008112208,646.295057
Oahu,4008112210,500.432009
Oahu,4008112212,400.933672
Oahu,4008112214,436.547215
Oahu,4008112216,669.682909
Oahu,4008112218,928.786462
Oahu,4008112220,868.759096
Oahu,4008112222,768.856841
Oahu,4507011200,824.133482
Oahu,4507011202,785.640732
Oahu,4507011204,829.020285
Oahu,4507011206,998.334559
Oahu,4507011208,719.251946
Oahu,4507011210,547.390697
Oahu,4507011212,454.532301
Oahu,4507011214,518.170930
Oahu,4507011216,718.653530
Oahu,4507011218,995.287897
Oahu,4507011220,936.691684
Oahu,4507011222,823.025808
Oahu,4507011900,797.366126
Oahu,4507011902,759.739206
Oahu,4507011904,809.282295
Oahu,4507011906,978.413130
Oahu,4507011908,690.298002
Oahu,4507011910,511.568813
Oahu,4507011912,428.476687
Oahu,4507011914,499.174032
Oahu,4507011916,702.863137
Oahu,4507011918,981.786819
Oahu,4507011920,927.028140
Oahu,4507011922,813.164151
Oahu,4507021200,752.218225
Oahu,4507021202,723.528432
Oahu,4507021204,779.961474
Oahu,4507021206,948.380567
Oahu,4507021208,658.056839
Oahu,4507021210,480.428281
Oahu,4507021212,399.464043
Oahu,4507021214,475.451756
Oahu,4507021216,693.177581
Oahu,4507021218,994.627519
Oahu,4507021220,932.384546
Oahu,4507021222,782.067645
Oahu,4507050200,807.147070
Oahu,4507050202,774.531692
Oahu,4507050204,813.105155
Oahu,4507050206,983.321946
Oahu,4507050208,711.679602
Oahu,4507050210,536.582496
Oahu,4507050212,455.963122
Oahu,4507050214,530.725466
Oahu,4507050216,737.789841
Oahu,4507050218,989.095011
Oahu,4507050220,963.084825
Oahu,4507050222,816.289944
Oahu,4507092200,863.110509
Oahu,4507092202,820.464710
Oahu,4507092204,832.336854
Oahu,4507092206,914.114243
Oahu,4507092208,707.966805
Oahu,4507092210,545.739750
Oahu,4507092212,452.000849
Oahu,4507092214,520.379531
Oahu,4507092216,733.438678
Oahu,4507092218,991.178874
Oahu,4507092220,945.482060
Oahu,4507092222,856.294227
Oahu,4507102700,854.841098
Oahu,4507102702,812.143937
Oahu,4507102704,827.736215
Oahu,4507102706,908.134145
Oahu,4507102708,706.946887
Oahu,4507102710,539.157974
Oahu,4507102712,443.995590
Oahu,4507102714,494.067102
Oahu,4507102716,703.934419
Oahu,4507102718,978.668363
Oahu,4507102720,935.957929
Oahu,4507102722,843.783717
Oahu,4507121500,830.194292
Oahu,4507121502,782.558964
Oahu,4507121504,800.433218
Oahu,4507121506,878.761961
Oahu,4507121508,659.891225
Oahu,4507121510,484.984895
Oahu,4507121512,381.501738
Oahu,4507121514,432.218954
Oahu,4507121516,665.170180
Oahu,4507121518,952.319247
Oahu,4507121520,912.507143
Oahu,4507121522,816.869610
Oahu,4508022000,792.856130
Oahu,4508022002,756.643554
Oahu,4508022004,807.670366
Oahu,4508022006,971.181502
Oahu,4508022008,698.004837
Oahu,4508022010,529.294997
Oahu,4508022012,449.201965
Oahu,4508022014,526.241272
Oahu,4508022016,742.026808
Oahu,4508022018,1016.391525
Oahu,4508022020,949.620685
Oahu,4508022022,792.509011
Oahu,4508041000,775.984362
Oahu,4508041002,749.213575
Oahu,4508041004,811.686365
Oahu,4508041006,977.468407
Oahu,4508041008,700.397671
Oahu,4508041010,523.130020
Oahu,4508041012,421.310966
Oahu,4508041014,510.154415
Oahu,4508041016,727.288777
Oahu,4508041018,1012.535556
Oahu,4508041020,965.646579
Oahu,4508041022,807.155596
Oahu,4508061700,841.993060
Oahu,4508061702,802.869456
Oahu,4508061704,847.441711
Oahu,4508061706,985.210827
Oahu,4508061708,742.310375
Oahu,4508061710,574.339723
Oahu,4508061712,492.349188
Oahu,4508061714,561.577492
Oahu,4508061716,767.326840
Oahu,4508061718,997.454603
Oahu,4508061720,993.004144
Oahu,4508061722,842.491815
Oahu,4508081800,841.459625
Oahu,4508081802,807.952324
Oahu,4508081804,851.168131
Oahu,4508081806,1011.539625
Oahu,4508081808,770.026103
Oahu,4508081810,606.094311
Oahu,4508081812,529.148542
Oahu,4508081814,605.364836
Oahu,4508081816,809.186200
Oahu,4508081818,1026.785875
Oahu,4508081820,1016.749595
Oahu,4508081822,852.954750
Oahu,4508091000,840.232726
Oahu,4508091002,805.894791
Oahu,4508091004,851.594879
Oahu,4508091006,1007.485523
Oahu,4508091008,751.935056
Oahu,4508091010,592.590800
Oahu,4508091012,506.325170
Oahu,4508091014,579.775225
Oahu,4508091016,791.628587
Oahu,4508091018,1041.920171
Oahu,4508091020,993.613783
Oahu,4508091022,832.105085
Oahu,4508112200,809.537386
Oahu,4508112202,763.730611
Oahu,4508112204,779.634577
Oahu,4508112206,855.746296
Oahu,4508112208,634.709034
Oahu,4508112210,474.968513
Oahu,4508112212,369.354455
Oahu,4508112214,413.549443
Oahu,4508112216,653.941546
Oahu,4508112218,925.463820
Oahu,4508112220,874.353090
Oahu,4508112222,783.737825
Oahu,5007011200,848.909656
Oahu,5007011202,810.174916
Oahu,5007011204,853.827181
Oahu,5007011206,1023.053198
Oahu,5007011208,715.704283
Oahu,5007011210,536.780648
Oahu,5007011212,437.748223
Oahu,5007011214,506.113596
Oahu,5007011216,714.259444
Oahu,5007011218,1004.515267
Oahu,5007011220,946.969774
Oahu,5007011222,832.589320
Oahu,5007011900,821.974023
Oahu,5007011902,784.110556
Oahu,5007011904,833.965105
Oahu,5007011906,1003.006530
Oahu,5007011908,686.568316
Oahu,5007011910,500.733564
Oahu,5007011912,411.528806
Oahu,5007011914,486.997270
Oahu,5007011916,698.369783
Oahu,5007011918,990.929312
Oahu,5007011920,937.245478
Oahu,5007011922,822.665665
Oahu,5007021200,776.542292
Oahu,5007021202,747.672137
Oahu,5007021204,804.459954
Oahu,5007021206,972.785163
Oahu,5007021208,654.124463
Oahu,5007021210,469.397262
Oahu,5007021212,382.333769
Oahu,5007021214,463.125860
Oahu,5007021216,688.623337
Oahu,5007021218,1003.850737
Oahu,5007021220,942.635559
Oahu,5007021222,791.373666
Oahu,5007050200,831.816457
Oahu,5007050202,798.996037
Oahu,5007050204,837.811998
Oahu,5007050206,1007.946207
Oahu,5007050208,708.084334
Oahu,5007050210,525.904500
Oahu,5007050212,439.188039
Oahu,5007050214,518.747057
Oahu,5007050216,733.516059
Oahu,5007050218,998.283449
Oahu,5007050220,973.528840
Oahu,5007050222,825.811109
Oahu,5007092200,888.131719
Oahu,5007092202,845.217820
Oahu,5007092204,857.164601
Oahu,5007092206,938.303418
Oahu,5007092208,704.348197
Oahu,5007092210,535.119322
Oahu,5007092212,435.200856
Oahu,5007092214,508.336081
Oahu,5007092216,729.137542
Oahu,5007092218,1000.380411
Oahu,5007092220,955.815412
Oahu,5007092222,866.066886
Oahu,5007102700,879.810321
Oahu,5007102702,836.844737
Oahu,5007102704,852.535039
Oahu,5007102706,932.285725
Oahu,5007102708,703.321866
Oahu,5007102710,528.496168
Oahu,5007102712,427.145271
Oahu,5007102714,481.858235
Oahu,5007102716,699.447799
Oahu,5007102718,987.791252
Oahu,5007102720,946.231407
Oahu,5007102722,853.477726
Oahu,5007121500,855.008569
Oahu,5007121502,807.073774
Oahu,5007121504,825.060397
Oahu,5007121506,902.728889
Oahu,5007121508,655.970381
Oahu,5007121510,473.982522
Oahu,5007121512,364.258541
Oahu,5007121514,419.621268
Oahu,5007121516,660.439863
Oahu,5007121518,961.276488
Oahu,5007121520,922.633193
Oahu,5007121522,826.394419
Oahu,5008022000,817.435674
Oahu,5008022002,780.995442
Oahu,5008022004,832.343042
Oahu,5008022006,995.729439
Oahu,5008022008,694.323601
Oahu,5008022010,518.571187
Oahu,5008022012,432.384377
Oahu,5008022014,514.234673
Oahu,5008022016,737.779663
Oahu,5008022018,1025.751566
Oahu,5008022020,959.980055
Oahu,5008022022,801.880673
Oahu,5008041000,800.457839
Oahu,5008041002,773.518753
Oahu,5008041004,836.384288
Oahu,5008041006,1002.055868
Oahu,5008041008,696.731478
Oahu,5008041010,512.367452
Oahu,5008041012,404.318036
Oahu,5008041014,498.046683
Oahu,5008041016,722.948979
Oahu,5008041018,1021.871356
Oahu,5008041020,976.106698
Oahu,5008041022,816.619336
Oahu,5008061700,866.881511
Oahu,5008061702,827.511951
Oahu,5008061704,872.364416
Oahu,5008061706,1009.846962
Oahu,5008061708,738.907673
Oahu,5008061710,563.899093
Oahu,5008061712,475.802852
Oahu,5008061714,549.793039
Oahu,5008061716,763.238747
Oahu,5008061718,1006.695595
Oahu,5008061720,1003.636251
Oahu,5008061722,852.177702
Oahu,5008081800,866.344723
Oahu,5008081802,832.626773
Oahu,5008081804,876.114264
Oahu,5008081806,1036.341280
Oahu,5008081808,766.797640
Oahu,5008081810,595.853312
Oahu,5008081812,512.833550
Oahu,5008081814,593.855660
Oahu,5008081816,805.361263
Oahu,5008081818,1036.211262
Oahu,5008081820,1027.530982
Oahu,5008081822,862.706414
Oahu,5008091000,865.110111
Oahu,5008091002,830.556305
Oahu,5008091004,876.543694
Oahu,5008091006,1032.261692
Oahu,5008091008,748.592861
Oahu,5008091010,582.264909
Oahu,5008091012,489.866696
Oahu,5008091014,568.105176
Oahu,5008091016,787.693272
Oahu,5008091018,1051.440703
Oahu,5008091020,1004.249723
Oahu,5008091022,841.725675
Oahu,5008112200,834.221800
Oahu,5008112202,788.127054
Oahu,5008112204,804.131002
Oahu,5008112206,879.568531
Oahu,5008112208,630.629879
Oahu,5008112210,463.903170
Oahu,5008112212,352.034892
Oahu,5008112214,400.834389
Oahu,5008112216,649.140639
Oahu,5008112218,934.252229
Oahu,5008112220,884.239279
Oahu,5008112222,793.054346
