plant_id_eia,plant_name_eia,state,generator_id,capacity_mw,generator_operating_date,plant_id_epa,emissions_unit_id_epa
117,West Phoenix,AZ,C5-1,184.5,2003-08-01,117,CC5A
117,West Phoenix,AZ,C5-2,184.5,2003-08-01,117,CC5B
147,Kyrene,AZ,KY7,170.0,2002-10-01,147,K-7
260,Dynegy Moss Landing Power Plant Hybrid,CA,CT1A,233.0,2002-07-01,260,1A
260,Dynegy Moss Landing Power Plant Hybrid,CA,CT1B,233.0,2002-07-01,260,2A
260,Dynegy Moss Landing Power Plant Hybrid,CA,CT2A,233.0,2002-07-01,260,3A
260,Dynegy Moss Landing Power Plant Hybrid,CA,CT2B,233.0,2002-07-01,260,4A
358,Mountainview Generating Station,CA,MV3A,164.6,2005-12-01,358,3-1
358,Mountainview Generating Station,CA,MV3B,164.6,2005-12-01,358,3-2
358,Mountainview Generating Station,CA,MV4A,164.6,2006-01-01,358,4-1
358,Mountainview Generating Station,CA,MV4B,164.6,2006-01-01,358,4-2
400,Haynes,CA,10,182.8,2005-01-01,400,10
400,Haynes,CA,9,182.8,2005-01-01,400,9
404,Scattergood,CA,4,216.9,2015-10-01,404,4
408,Valley (CA),CA,6,182.8,2003-09-01,408,6
408,Valley (CA),CA,7,182.8,2003-09-01,408,7
469,Cherokee,CO,5,185.3,2015-08-01,469,5
469,Cherokee,CO,6,185.3,2015-08-01,469,6
533,McWilliams,AL,VAN1,165.0,2002-01-01,533,**V1
533,McWilliams,AL,VAN2,165.0,2002-01-01,533,**V2
564,Stanton Energy Center,FL,B1,203.2,2010-02-01,564,CCB
620,Sanford,FL,4A,188.2,2002-12-01,620,SNCT4A
620,Sanford,FL,4B,188.2,2002-12-01,620,SNCT4B
620,Sanford,FL,4C,188.2,2002-12-01,620,SNCT4C
620,Sanford,FL,4D,188.2,2003-01-01,620,SNCT4D
620,Sanford,FL,5A,188.2,2002-05-01,620,SNCT5A
620,Sanford,FL,5B,188.2,2002-05-01,620,SNCT5B
620,Sanford,FL,5C,188.2,2002-05-01,620,SNCT5C
620,Sanford,FL,5D,188.2,2002-05-01,620,SNCT5D
621,Turkey Point,FL,5CTA,188.0,2007-05-01,621,TPCT5A
621,Turkey Point,FL,5CTB,188.0,2007-05-01,621,TPCT5B
621,Turkey Point,FL,5CTC,188.0,2007-05-01,621,TPCT5C
621,Turkey Point,FL,5CTD,188.0,2007-05-01,621,TPCT5D
634,P L Bartow,FL,4AGT,208.2,2009-06-01,634,4A
634,P L Bartow,FL,4BGT,208.2,2009-06-01,634,4B
634,P L Bartow,FL,4CGT,208.2,2009-06-01,634,4C
634,P L Bartow,FL,4DGT,208.2,2009-06-01,634,4D
643,Lansing Smith,FL,3A,203.2,2002-04-01,643,4
643,Lansing Smith,FL,3B,203.2,2002-04-01,643,5
688,Arvah B Hopkins,FL,CT 2A,198.9,2008-10-01,688,2A
991,Eagle Valley (IN),IN,GT1,207.0,2018-04-01,991,GT1
991,Eagle Valley (IN),IN,GT2,207.0,2018-04-01,991,GT2
1239,Riverton,KS,12,148.8,2007-05-01,1239,12
1363,Cane Run,KY,7A,260.0,2015-06-01,1363,7A
1363,Cane Run,KY,7B,260.0,2015-06-01,1363,7B
1378,Paradise,KY,CTG1,231.0,2017-04-01,1378,PCC1
1378,Paradise,KY,CTG2,231.0,2017-04-01,1378,PCC2
1378,Paradise,KY,CTG3,231.0,2017-04-01,1378,PCC3
1403,Nine Mile Point,LA,6A,194.7,2014-12-01,1403,6A
1403,Nine Mile Point,LA,6B,194.7,2014-12-01,1403,6B
1595,Kendall Square Station,MA,GEN4,186.2,2002-12-01,1595,4
1904,Black Dog,MN,5,187.9,2002-06-01,1904,5
1912,High Bridge,MN,7,197.0,2008-05-01,1912,7
1912,High Bridge,MN,8,197.0,2008-05-01,1912,8
1927,Riverside (MN),MN,10,210.6,2009-05-01,1927,10
1927,Riverside (MN),MN,9,210.6,2009-05-01,1927,9
2336,Tracy,NV,8,155.6,2008-07-01,2336,8
2336,Tracy,NV,9,155.6,2008-07-01,2336,9
2398,Bergen Generating Station,NJ,2101,183.6,2002-06-01,2398,2101
2398,Bergen Generating Station,NJ,2201,183.6,2002-06-01,2398,2201
2406,PSEG Linden Generating Station,NJ,1101,181.4,2006-04-01,2406,1101
2406,PSEG Linden Generating Station,NJ,1201,181.4,2006-04-01,2406,1201
2406,PSEG Linden Generating Station,NJ,2101,181.4,2006-04-01,2406,2101
2406,PSEG Linden Generating Station,NJ,2201,181.4,2006-04-01,2406,2201
2500,Ravenswood,NY,4,181.0,2003-12-01,2500,UCC001
2539,Bethlehem Energy Center,NY,5,194.3,2005-07-01,2539,10001
2539,Bethlehem Energy Center,NY,6,194.3,2005-07-01,2539,10002
2539,Bethlehem Energy Center,NY,7,194.3,2005-07-01,2539,10003
2706,Asheville,NC,CT5,191.2,2019-12-01,2706,CT5
2706,Asheville,NC,CT7,191.2,2020-01-01,2706,CT7
2720,Buck,NC,CT11,185.3,2011-11-01,2720,11C
2720,Buck,NC,CT12,185.3,2011-11-01,2720,12C
2723,Dan River,NC,CT8,185.3,2012-12-01,2723,8C
2723,Dan River,NC,CT9,185.3,2012-12-01,2723,9C
3264,W S Lee,SC,CT11,242.3,2018-04-01,3264,11
3264,W S Lee,SC,CT12,242.3,2018-04-01,3264,12
3295,Urquhart,SC,CT1,198.9,2002-06-01,3295,URQ5
3295,Urquhart,SC,CT2,198.9,2002-06-01,3295,URQ6
3405,John Sevier,TN,CTG1,191.3,2012-04-01,3405,JCC1
3405,John Sevier,TN,CTG2,191.3,2012-04-01,3405,JCC2
3405,John Sevier,TN,CTG3,191.3,2012-04-01,3405,JCC3
3441,Nueces Bay,TX,8,189.6,2010-03-01,3441,8
3441,Nueces Bay,TX,9,189.6,2010-03-01,3441,9
3443,Victoria,TX,7,196.9,2009-05-01,3443,9
3804,Possum Point,VA,6A,174.0,2003-07-01,3804,6A
3804,Possum Point,VA,6B,174.0,2003-07-01,3804,6B
4040,Port Washington Generating Station,WI,1CT1,173.1,2008-05-01,4040,11
4040,Port Washington Generating Station,WI,1CT2,173.1,2008-05-01,4040,12
4040,Port Washington Generating Station,WI,2CT1,173.1,2005-07-01,4040,21
4040,Port Washington Generating Station,WI,2CT2,173.1,2005-07-01,4040,22
4937,Thomas C Ferguson,TX,CT-1,185.3,2014-08-01,4937,CT-1
4937,Thomas C Ferguson,TX,CT-2,185.3,2014-08-01,4937,CT-2
4939,Barney M Davis,TX,3,189.6,2010-03-01,4939,3
4939,Barney M Davis,TX,4,189.6,2010-03-01,4939,4
6042,Manatee,FL,A,188.2,2005-06-01,6042,MTCT3A
6042,Manatee,FL,B,188.2,2005-06-01,6042,MTCT3B
6042,Manatee,FL,C,188.2,2005-06-01,6042,MTCT3C
6042,Manatee,FL,D,188.2,2005-06-01,6042,MTCT3D
6043,Martin,FL,8C,188.2,2005-06-01,6043,PMR8C
6043,Martin,FL,8D,188.2,2005-06-01,6043,PMR8D
7082,Harry Allen,NV,5,167.5,2011-05-01,7082,**5
7082,Harry Allen,NV,6,167.5,2011-05-01,7082,**6
7238,Cane Island,FL,3,152.0,2002-01-01,7238,3
7238,Cane Island,FL,4,180.0,2011-07-01,7238,4
7242,Polk,FL,3,175.8,2002-04-01,7242,**3
7242,Polk,FL,4,199.3,2007-03-01,7242,**4
7242,Polk,FL,5,199.3,2007-04-01,7242,**5
7302,Hines Energy Complex,FL,2GT,178.5,2003-12-01,7302,2A
7302,Hines Energy Complex,FL,2GT2,178.5,2003-12-01,7302,2B
7302,Hines Energy Complex,FL,3GT,178.5,2005-11-01,7302,3A
7302,Hines Energy Complex,FL,3GT2,178.5,2005-11-01,7302,3B
7302,Hines Energy Complex,FL,4GT,199.0,2007-12-01,7302,4A
7302,Hines Energy Complex,FL,4GT2,199.0,2007-12-01,7302,4B
7380,Midulla Generating Station,FL,CT1,181.1,2002-01-01,7380,1
7380,Midulla Generating Station,FL,CT2,181.1,2002-01-01,7380,2
7710,H Allen Franklin Combined Cycle,AL,CT1A,203.1,2002-06-01,7710,1A
7710,H Allen Franklin Combined Cycle,AL,CT1B,203.1,2002-06-01,7710,1B
7710,H Allen Franklin Combined Cycle,AL,CT2A,203.1,2002-06-01,7710,2A
7710,H Allen Franklin Combined Cycle,AL,CT2B,203.1,2002-06-01,7710,2B
7710,H Allen Franklin Combined Cycle,AL,CT3A,203.1,2008-05-01,7710,3A
7710,H Allen Franklin Combined Cycle,AL,CT3B,203.1,2008-05-01,7710,3B
7757,Chouteau,OK,4,176.0,2011-06-01,7757,3
7757,Chouteau,OK,5,176.0,2011-06-01,7757,4
7805,Sherwood H Smith Jr Energy Complex,NC,10,191.2,2011-06-01,7805,10
7805,Sherwood H Smith Jr Energy Complex,NC,7,199.4,2002-06-01,7805,7
7805,Sherwood H Smith Jr Energy Complex,NC,8,199.4,2002-06-01,7805,8
7805,Sherwood H Smith Jr Energy Complex,NC,9,191.2,2011-06-01,7805,9
7826,Rowan,NC,4,199.4,2003-06-01,7826,4
7826,Rowan,NC,5,199.4,2003-06-01,7826,5
7845,Lagoon Creek,TN,CTG1,173.4,2010-09-01,7845,LCC1
7845,Lagoon Creek,TN,CTG2,173.4,2010-09-01,7845,LCC2
7873,H L Culbreath Bayside Power Station,FL,1A,189.9,2003-04-01,7873,CT1A
7873,H L Culbreath Bayside Power Station,FL,1B,189.9,2003-04-01,7873,CT1B
7873,H L Culbreath Bayside Power Station,FL,1C,189.9,2003-04-01,7873,CT1C
7873,H L Culbreath Bayside Power Station,FL,2A,189.9,2004-01-01,7873,CT2A
7873,H L Culbreath Bayside Power Station,FL,2B,189.9,2004-01-01,7873,CT2B
7873,H L Culbreath Bayside Power Station,FL,2C,189.9,2004-01-01,7873,CT2C
7873,H L Culbreath Bayside Power Station,FL,2D,189.9,2004-01-01,7873,CT2D
7897,E B Harris Electric Generating Plant,AL,CT1A,185.0,2003-06-01,7897,1A
7897,E B Harris Electric Generating Plant,AL,CT1B,185.0,2003-06-01,7897,1B
7897,E B Harris Electric Generating Plant,AL,CT2A,185.0,2003-06-01,7897,2A
7897,E B Harris Electric Generating Plant,AL,CT2B,185.0,2003-06-01,7897,2B
7900,Sand Hill,TX,5A,198.0,2004-09-01,7900,SH5
7917,Chattahoochee Energy Facility,GA,1,176.0,2003-02-01,7917,8A
7917,Chattahoochee Energy Facility,GA,2,176.0,2003-02-01,7917,8B
7931,Coyote Springs II,OR,1,170.0,2003-07-01,7350,CTG2
7946,Wansley Unit 9,GA,CT1,183.6,2004-06-01,7946,CT9B
7946,Wansley Unit 9,GA,CT2,183.6,2004-06-01,7946,CT9A
7985,Greater Des Moines,IA,GT1,190.4,2003-05-01,7985,1
7985,Greater Des Moines,IA,GT2,190.4,2003-05-01,7985,2
7999,Grays Harbor Energy Facility,WA,CT1,198.9,2008-05-01,7999,1
7999,Grays Harbor Energy Facility,WA,CT2,198.9,2008-05-01,7999,2
8031,Emery Station,IA,11,173.4,2004-05-01,8031,11
8031,Emery Station,IA,12,173.4,2004-05-01,8031,12
8068,Santan,AZ,ST5A,153.8,2005-04-01,8068,5A
8068,Santan,AZ,ST5B,153.8,2005-04-01,8068,5B
8068,Santan,AZ,ST6A,153.8,2006-03-01,8068,6A
50006,Linden Cogen Plant,NJ,GTG6,212.5,2002-01-01,50006,4001
55087,Zeeland Generating Station,MI,2A,188.7,2002-08-01,55087,CC3
55087,Zeeland Generating Station,MI,2B,188.7,2002-08-01,55087,CC4
55089,Taft Cogeneration Facility,LA,CT1,178.5,2002-07-01,55089,CT1
55089,Taft Cogeneration Facility,LA,CT2,178.5,2002-08-01,55089,CT2
55089,Taft Cogeneration Facility,LA,CT3,178.5,2002-09-01,55089,CT3
55107,Rhode Island State Energy Center,RI,CTG1,196.0,2002-10-01,55107,RISEP1
55107,Rhode Island State Energy Center,RI,CTG2,196.0,2002-10-01,55107,RISEP2
55117,RS Cogen,LA,RS-5,195.0,2002-12-01,55117,RS-5
55117,RS Cogen,LA,RS-6,195.0,2002-12-01,55117,RS-6
55124,Griffith Energy LLC,AZ,CTG1,176.6,2002-01-01,55124,P1
55124,Griffith Energy LLC,AZ,CTG2,176.6,2002-01-01,55124,P2
55131,Kendall County Generation Facility,IL,CTG1,180.0,2002-03-01,55131,GTG-1
55131,Kendall County Generation Facility,IL,CTG2,180.0,2002-04-01,55131,GTG-2
55131,Kendall County Generation Facility,IL,CTG3,180.0,2002-04-01,55131,GTG-3
55131,Kendall County Generation Facility,IL,CTG4,180.0,2002-05-01,55131,GTG-4
55137,Rio Nogales Power Project,TX,CTG1,223.5,2002-05-01,55137,CTG-1
55137,Rio Nogales Power Project,TX,CTG2,222.0,2002-05-01,55137,CTG-2
55137,Rio Nogales Power Project,TX,CTG3,223.5,2002-05-01,55137,CTG-3
55139,Wolf Hollow I LP,TX,CTG1,243.9,2003-08-01,55139,CTG1
55139,Wolf Hollow I LP,TX,CTG2,243.9,2003-08-01,55139,CTG2
55146,Green Country Energy LLC,OK,CTG1,179.3,2002-02-01,55146,CTGEN1
55146,Green Country Energy LLC,OK,CTG2,179.3,2002-02-01,55146,CTGEN2
55146,Green Country Energy LLC,OK,CTG3,179.3,2002-02-01,55146,CTGEN3
55168,Bastrop Energy Center,TX,1,188.2,2002-05-01,55168,CTG-1A
55168,Bastrop Energy Center,TX,2,188.2,2002-05-01,55168,CTG-1B
55170,Granite Ridge,NH,CT11,260.0,2003-03-01,55170,1
55170,Granite Ridge,NH,CT12,260.0,2003-03-01,55170,2
55173,Acadia Energy Center,LA,CT11,215.1,2002-07-01,55173,CT1
55173,Acadia Energy Center,LA,CT12,215.1,2002-07-01,55173,CT2
55173,Acadia Energy Center,LA,CT24,215.1,2002-08-01,55173,CT3
55173,Acadia Energy Center,LA,CT25,215.1,2002-08-01,55173,CT4
55183,Nelson Energy Center,IL,CT1,181.9,2015-05-01,55183,1
55183,Nelson Energy Center,IL,CT2,179.4,2015-05-01,55183,2
55187,Channelview Cogeneration Plant,TX,GT1,192.1,2002-06-01,55187,CHV1
55187,Channelview Cogeneration Plant,TX,GT2,192.1,2002-06-01,55187,CHV2
55187,Channelview Cogeneration Plant,TX,GT3,192.1,2002-06-01,55187,CHV3
55193,Ontelaunee Energy Center,PA,CTG1,250.0,2002-05-01,55193,CT1
55193,Ontelaunee Energy Center,PA,CTG2,250.0,2002-05-01,55193,CT2
55197,Caledonia,MS,CTG1,161.0,2003-06-01,55197,AA-001
55197,Caledonia,MS,CTG2,161.0,2003-06-01,55197,AA-002
55197,Caledonia,MS,CTG3,161.0,2003-06-01,55197,AA-003
55206,Corpus Christi Energy Center,TX,CT1,198.9,2002-10-01,55206,CU1
55206,Corpus Christi Energy Center,TX,CT2,198.9,2002-10-01,55206,CU2
55210,Afton Generating Station,NM,1,177.0,2002-11-01,55210,1
55225,Oneta Energy Center,OK,CTG1,176.0,2002-07-01,55225,CTG-1
55225,Oneta Energy Center,OK,CTG2,176.0,2002-07-01,55225,CTG-2
55225,Oneta Energy Center,OK,CTG3,176.0,2003-06-01,55225,CTG-3
55225,Oneta Energy Center,OK,CTG4,176.0,2003-06-01,55225,CTG-4
55226,Freestone Energy Center,TX,GT1,166.7,2002-06-01,55226,GT1
55226,Freestone Energy Center,TX,GT2,166.7,2002-06-01,55226,GT2
55226,Freestone Energy Center,TX,GT3,166.7,2002-07-01,55226,GT3
55226,Freestone Energy Center,TX,GT4,166.7,2002-07-01,55226,GT4
55230,Jack County,TX,CT1,170.0,2006-02-01,55230,CT-1
55230,Jack County,TX,CT2,170.0,2006-02-01,55230,CT-2
55230,Jack County,TX,CT3,170.0,2011-03-01,55230,CT-3
55230,Jack County,TX,CT4,170.0,2011-03-01,55230,CT-4
55231,Liberty Electric Power Plant,PA,GTG1,186.0,2002-05-01,55231,1
55231,Liberty Electric Power Plant,PA,GTG2,186.0,2002-05-01,55231,2
55239,Red Oak Power LLC,NJ,1,180.2,2002-03-01,55239,1
55239,Red Oak Power LLC,NJ,2,180.2,2002-03-01,55239,2
55239,Red Oak Power LLC,NJ,3,180.2,2002-03-01,55239,3
55242,Santa Rosa Energy Center,FL,CT01,200.0,2003-06-01,55242,CT-1
55259,Whiting Clean Energy,IN,CT1,181.9,2002-04-01,55259,CT1
55259,Whiting Clean Energy,IN,CT2,181.9,2002-04-01,55259,CT2
55269,TVA Southaven Combined Cycle,MS,CTG1,179.3,2003-05-01,55269,AA-001
55269,TVA Southaven Combined Cycle,MS,CTG2,179.3,2003-05-01,55269,AA-002
55269,TVA Southaven Combined Cycle,MS,CTG3,179.3,2003-05-01,55269,AA-003
55271,Tenaska Lindsay Hill Generating Station,AL,GTG1,183.1,2002-05-01,55271,CT1
55271,Tenaska Lindsay Hill Generating Station,AL,GTG2,183.1,2002-05-01,55271,CT2
55271,Tenaska Lindsay Hill Generating Station,AL,GTG3,183.1,2002-05-01,55271,CT3
55282,Arlington Valley Energy Facility,AZ,CTG1,198.0,2002-06-01,55282,CTG1
55282,Arlington Valley Energy Facility,AZ,CTG2,198.0,2002-06-01,55282,CTG2
55283,Front Range Power Plant,CO,1,153.9,2003-04-01,55283,1
55283,Front Range Power Plant,CO,2,153.9,2003-04-01,55283,2
55292,Decatur Energy Center,AL,CTG1,210.8,2002-06-01,55292,CTG-1
55292,Decatur Energy Center,AL,CTG2,210.8,2002-06-01,55292,CTG-2
55292,Decatur Energy Center,AL,CTG3,210.8,2003-06-01,55292,CTG-3
55293,Morgan Energy Center,AL,CTG1,210.0,2004-01-01,55293,CT-1
55293,Morgan Energy Center,AL,CTG2,210.0,2003-06-01,55293,CT-2
55293,Morgan Energy Center,AL,CTG3,210.0,2003-06-01,55293,CT-3
55295,Blythe Energy Inc,CA,CT1,182.0,2003-12-01,55295,1
55295,Blythe Energy Inc,CA,CT2,182.0,2003-12-01,55295,2
55297,New Covert Generating Facility,MI,1,245.0,2004-03-01,55297,1
55297,New Covert Generating Facility,MI,2,245.0,2004-03-01,55297,2
55297,New Covert Generating Facility,MI,3,245.0,2004-03-01,55297,3
55298,Fairless Energy Center,PA,CT1A,198.9,2004-05-01,55298,1A
55298,Fairless Energy Center,PA,CT1B,198.9,2004-05-01,55298,1B
55298,Fairless Energy Center,PA,CT2A,198.9,2004-06-01,55298,2A
55298,Fairless Energy Center,PA,CT2B,198.9,2004-06-01,55298,2B
55299,Channel Energy Center LLC,TX,CTG2,215.0,2002-04-01,55299,CTG2
55299,Channel Energy Center LLC,TX,CTG3,208.8,2014-06-01,55299,CTG3
55306,Gila River Power Station,AZ,CTG7,174.0,2003-05-01,55306,4CTGA
55306,Gila River Power Station,AZ,CTG8,174.0,2003-05-01,55306,4CTGB
55322,Chuck Lenzie Generating Station,NV,CTG1,201.5,2006-01-01,55322,CTG-1
55322,Chuck Lenzie Generating Station,NV,CTG2,201.5,2006-01-01,55322,CTG-2
55322,Chuck Lenzie Generating Station,NV,CTG3,201.5,2006-04-01,55322,CTG-3
55322,Chuck Lenzie Generating Station,NV,CTG4,201.5,2006-04-01,55322,CTG-4
55327,Baytown Energy Center,TX,CTG1,219.3,2002-06-01,55327,CTG-1
55327,Baytown Energy Center,TX,CTG2,219.3,2002-06-01,55327,CTG-2
55327,Baytown Energy Center,TX,CTG3,219.3,2002-06-01,55327,CTG-3
55328,Hermiston Power Partnership,OR,CTG1,212.5,2002-08-01,55328,CTG-1
55328,Hermiston Power Partnership,OR,CTG2,212.5,2002-08-01,55328,CTG-2
55333,Delta Energy Center,CA,CTG1,212.0,2002-05-01,55333,1
55333,Delta Energy Center,CA,CTG2,212.0,2002-05-01,55333,2
55333,Delta Energy Center,CA,CTG3,213.5,2002-05-01,55333,3
55334,Holland Energy Facility,IL,CTG1,178.5,2002-09-01,55334,CTG1
55334,Holland Energy Facility,IL,CTG2,178.5,2002-09-01,55334,CTG2
55340,Dell Power Station,AR,CTG1,199.3,2007-08-01,55340,1
55340,Dell Power Station,AR,CTG2,199.3,2007-08-01,55340,2
55343,Luna Energy Facility,NM,CTG1,175.0,2006-04-01,55343,CTG1
55343,Luna Energy Facility,NM,CTG2,175.0,2006-04-01,55343,CTG2
55345,Otay Mesa Generating Project,CA,1-01,210.0,2009-10-01,55345,CTG-1
55345,Otay Mesa Generating Project,CA,1-02,210.0,2009-10-01,55345,CTG-2
55350,Dresden Energy Facility,OH,1,198.9,2012-02-01,55350,1A
55350,Dresden Energy Facility,OH,2,198.9,2012-02-01,55350,1B
55357,Jack Fusco Energy Center,TX,CTG1,200.0,2003-05-01,55357,CTG1
55357,Jack Fusco Energy Center,TX,CTG2,200.0,2003-05-01,55357,CTG2
55358,Cottonwood Energy Project,TX,CT1,198.9,2003-07-01,55358,CT1
55358,Cottonwood Energy Project,TX,CT2,198.9,2003-07-01,55358,CT2
55358,Cottonwood Energy Project,TX,CT3,198.9,2003-07-01,55358,CT3
55358,Cottonwood Energy Project,TX,CT4,198.9,2003-07-01,55358,CT4
55364,Sugar Creek Power,IN,CT01,214.0,2002-06-01,55364,CT11
55364,Sugar Creek Power,IN,CT02,214.0,2002-06-01,55364,CT12
55375,Astoria Energy,NY,CT1,170.0,2006-05-01,55375,CT1
55375,Astoria Energy,NY,CT2,170.0,2006-05-01,55375,CT2
55380,Union Power Station,AR,CTG1,176.0,2003-01-01,55380,CTG-1
55380,Union Power Station,AR,CTG2,176.0,2003-01-01,55380,CTG-2
55380,Union Power Station,AR,CTG3,176.0,2003-04-01,55380,CTG-3
55380,Union Power Station,AR,CTG4,176.0,2003-04-01,55380,CTG-4
55380,Union Power Station,AR,CTG5,176.0,2003-05-01,55380,CTG-5
55380,Union Power Station,AR,CTG6,176.0,2003-05-01,55380,CTG-6
55380,Union Power Station,AR,CTG7,176.0,2003-06-01,55380,CTG-7
55380,Union Power Station,AR,CTG8,176.0,2003-06-01,55380,CTG-8
55382,Thomas A Smith Energy Facility,GA,1GT1,147.0,2002-06-01,55382,CCCT1
55382,Thomas A Smith Energy Facility,GA,1GT2,147.0,2002-06-01,55382,CCCT2
55382,Thomas A Smith Energy Facility,GA,2GT1,147.0,2002-06-01,55382,CCCT3
55382,Thomas A Smith Energy Facility,GA,2GT2,147.0,2002-06-01,55382,CCCT4
55386,Columbia Energy Center (SC),SC,CT1,197.0,2004-05-01,55386,CT-1
55386,Columbia Energy Center (SC),SC,CT2,197.0,2004-05-01,55386,CT-2
55393,Metcalf Energy Center,CA,CTG1,200.0,2005-06-01,55393,1
55393,Metcalf Energy Center,CA,CTG2,200.0,2005-06-01,55393,2
55397,Washington Energy Facility,OH,CT1,198.9,2002-06-01,55397,CT1
55397,Washington Energy Facility,OH,CT2,198.9,2002-06-01,55397,CT2
55400,Elk Hills Power LLC,CA,CTG1,199.0,2003-07-01,55400,CTG-1
55400,Elk Hills Power LLC,CA,CTG2,199.0,2003-07-01,55400,CTG-2
55404,Carville Energy LLC,LA,CTG1,187.0,2003-06-01,55404,COG01
55404,Carville Energy LLC,LA,CTG2,187.0,2003-06-01,55404,COG02
55406,Effingham County Power Project,GA,UNT1,199.4,2003-08-01,55406,1
55406,Effingham County Power Project,GA,UNT2,199.4,2003-08-01,55406,2
55411,Hillabee Energy Center,AL,HEC1,258.4,2010-06-01,55411,CT1
55411,Hillabee Energy Center,AL,HEC2,258.4,2010-06-01,55411,CT2
55412,Osprey Energy Center Power Plant,FL,OEC1,192.1,2004-05-01,55412,CT1
55412,Osprey Energy Center Power Plant,FL,OEC2,192.1,2004-05-01,55412,CT2
55418,Hot Spring Generating Facility,AR,CT1,198.9,2002-06-01,55418,CT-1
55418,Hot Spring Generating Facility,AR,CT2,198.9,2002-06-01,55418,CT-2
55419,Plaquemine Cogeneration Plant,LA,G500,198.0,2004-03-01,55419,500
55419,Plaquemine Cogeneration Plant,LA,G600,198.0,2004-03-01,55419,600
55419,Plaquemine Cogeneration Plant,LA,G700,198.0,2004-03-01,55419,700
55419,Plaquemine Cogeneration Plant,LA,G800,198.0,2004-03-01,55419,800
55439,Tenaska Virginia Generating Station,VA,CTG1,207.0,2004-04-01,55439,CTGDB1
55439,Tenaska Virginia Generating Station,VA,CTG2,207.0,2004-04-01,55439,CTGDB2
55439,Tenaska Virginia Generating Station,VA,CTG3,207.0,2004-04-01,55439,CTGDB3
55440,Tenaska Central Alabama Generating Stn,AL,CTG1,179.0,2003-05-01,55440,CTGDB1
55440,Tenaska Central Alabama Generating Stn,AL,CTG2,179.0,2003-05-01,55440,CTGDB2
55440,Tenaska Central Alabama Generating Stn,AL,CTG3,179.0,2003-05-01,55440,CTGDB3
55451,Magnolia Power Plant,MS,CTG1,178.5,2003-08-01,55451,CTG-1
55451,Magnolia Power Plant,MS,CTG2,178.5,2003-08-01,55451,CTG-2
55451,Magnolia Power Plant,MS,CTG3,178.5,2003-08-01,55451,CTG-3
55455,Red Hawk,AZ,CT1A,187.5,2002-07-01,55455,CC1A
55455,Red Hawk,AZ,CT1B,168.3,2002-07-01,55455,CC1B
55455,Red Hawk,AZ,CT2A,181.6,2002-07-01,55455,CC2A
55455,Red Hawk,AZ,CT2B,181.6,2002-07-01,55455,CC2B
55463,Redbud Power Plant,OK,CT01,198.9,2004-05-01,55463,CT-01
55463,Redbud Power Plant,OK,CT02,198.9,2004-05-01,55463,CT-02
55463,Redbud Power Plant,OK,CT03,198.9,2004-05-01,55463,CT-03
55463,Redbud Power Plant,OK,CT04,198.9,2004-05-01,55463,CT-04
55464,Deer Park Energy Center,TX,CTG1,180.0,2003-06-01,55464,CTG1
55464,Deer Park Energy Center,TX,CTG2,180.0,2003-06-01,55464,CTG2
55464,Deer Park Energy Center,TX,CTG3,180.0,2004-06-01,55464,CTG3
55464,Deer Park Energy Center,TX,CTG4,180.0,2004-06-01,55464,CTG4
55464,Deer Park Energy Center,TX,CTG6,180.0,2014-06-01,55464,CTG5
55467,Ouachita,LA,CTG1,179.3,2002-08-01,55467,CTGEN1
55467,Ouachita,LA,CTG2,179.3,2002-08-01,55467,CTGEN2
55467,Ouachita,LA,CTG3,179.3,2002-08-01,55467,CTGEN3
55470,Green Power 2,TX,TR1,167.0,2003-12-01,55470,EPN801
55470,Green Power 2,TX,TR2,167.0,2003-12-01,55470,EPN802
55470,Green Power 2,TX,TR3,167.0,2003-12-01,55470,EPN803
55480,Forney Energy Center,TX,U1,188.2,2003-02-01,55480,U1
55480,Forney Energy Center,TX,U2,188.2,2003-02-01,55480,U2
55480,Forney Energy Center,TX,U3,188.2,2003-02-01,55480,U3
55480,Forney Energy Center,TX,U4,188.2,2003-05-01,55480,U4
55480,Forney Energy Center,TX,U5,188.2,2003-05-01,55480,U5
55480,Forney Energy Center,TX,U6,188.2,2003-05-01,55480,U6
55481,Mesquite Generating Station Block 2,AZ,GT3,185.3,2003-12-01,55481,5
55481,Mesquite Generating Station Block 2,AZ,GT4,185.3,2003-12-01,55481,6
55482,Goldendale Generating Station,WA,G1,188.5,2004-08-01,55482,CT-1
55501,Kiamichi Energy Facility,OK,CTG1,183.9,2003-04-01,55501,CTGDB1
55501,Kiamichi Energy Facility,OK,CTG2,183.9,2003-04-01,55501,CTGDB2
55501,Kiamichi Energy Facility,OK,CTG3,183.9,2003-04-01,55501,CTGDB3
55501,Kiamichi Energy Facility,OK,CTG4,183.9,2003-04-01,55501,CTGDB4
55502,"Lawrenceburg Power, LLC",IN,1100,174.0,2004-06-01,55502,1
55502,"Lawrenceburg Power, LLC",IN,1200,174.0,2004-06-01,55502,2
55502,"Lawrenceburg Power, LLC",IN,2100,174.0,2004-06-01,55502,3
55502,"Lawrenceburg Power, LLC",IN,2200,174.0,2004-06-01,55502,4
55503,"Waterford Power, LLC",OH,CTG1,174.2,2003-08-01,55503,1
55503,"Waterford Power, LLC",OH,CTG2,174.2,2003-08-01,55503,2
55503,"Waterford Power, LLC",OH,CTG3,174.2,2003-08-01,55503,3
55514,Apex Generating Station,NV,CTG1,174.0,2003-05-01,55514,CTG01
55514,Apex Generating Station,NV,CTG2,174.0,2003-05-01,55514,CTG02
55516,Fayette Energy Facility,PA,CTG1,198.9,2003-06-01,55516,CTG1
55516,Fayette Energy Facility,PA,CTG2,198.9,2003-06-01,55516,CTG2
55518,High Desert Power Plant,CA,CTG1,209.0,2003-04-01,55518,CTG1
55518,High Desert Power Plant,CA,CTG2,209.0,2003-04-01,55518,CTG2
55518,High Desert Power Plant,CA,CTG3,209.0,2003-04-01,55518,CTG3
55620,Perryville Power Station,LA,CT-1,198.9,2002-06-01,55620,1-1
55620,Perryville Power Station,LA,CT-2,198.9,2002-07-01,55620,1-2
55641,Riverside Energy Center,WI,CTG1,198.9,2004-06-01,55641,CT-01
55641,Riverside Energy Center,WI,CTG2,198.9,2004-06-01,55641,CT-02
55656,"Pastoria Energy Facility, LLC",CA,CT01,168.0,2005-07-01,55656,CT001
55656,"Pastoria Energy Facility, LLC",CA,CT02,168.0,2005-07-01,55656,CT002
55656,"Pastoria Energy Facility, LLC",CA,CT04,168.0,2005-05-01,55656,CT004
55661,Essential Power Newington LLC,NH,GT-1,185.6,2002-10-01,55661,1
55661,Essential Power Newington LLC,NH,GT-2,185.6,2002-10-01,55661,2
55662,Chehalis Generating Facility,WA,CT1,198.9,2003-08-01,55662,CT1
55662,Chehalis Generating Facility,WA,CT2,198.9,2003-08-01,55662,CT2
55664,Harrison County Power Project,TX,GT-1,170.0,2003-06-01,55664,GT-1
55664,Harrison County Power Project,TX,GT-2,170.0,2003-06-01,55664,GT-2
55667,Lower Mount Bethel Energy,PA,G1,211.5,2004-05-01,55667,CT01
55667,Lower Mount Bethel Energy,PA,G2,211.5,2004-05-01,55667,CT02
55687,Higgins Generating Station,NV,A01,178.0,2004-02-01,55687,BHG1
55687,Higgins Generating Station,NV,A02,178.0,2004-02-01,55687,BHG2
55700,Mint Farm Generating Station,WA,CTG1,186.0,2008-01-01,55700,CTG1
55701,Fremont Energy Center,OH,CT01,190.4,2012-01-01,55701,CT01
55701,Fremont Energy Center,OH,CT02,190.4,2012-01-01,55701,CT02
55706,Choctaw County,MS,CTG1,179.0,2003-07-01,55706,CTG1
55706,Choctaw County,MS,CTG2,179.0,2003-07-01,55706,CTG2
55706,Choctaw County,MS,CTG3,179.0,2003-07-01,55706,CTG3
55710,Allegheny Energy Units 3 4 & 5,PA,UNT3,184.0,2003-07-01,55710,3
55710,Allegheny Energy Units 3 4 & 5,PA,UNT4,184.0,2003-07-01,55710,4
55714,Magnet Cove,AR,GT1,242.0,2005-07-01,55714,SN-01
55714,Magnet Cove,AR,GT2,242.0,2006-01-01,55714,SN-02
55736,Hanging Rock Energy Facility,OH,1GT1,198.9,2003-06-01,55736,CTG1
55736,Hanging Rock Energy Facility,OH,1GT2,198.9,2003-06-01,55736,CTG2
55736,Hanging Rock Energy Facility,OH,2GT1,198.9,2003-07-01,55736,CTG3
55736,Hanging Rock Energy Facility,OH,2GT2,198.9,2003-07-01,55736,CTG4
55801,Marcus Hook Energy LP,PA,CT13,188.2,2004-12-01,55801,3
55801,Marcus Hook Energy LP,PA,CT1A,188.2,2004-12-01,55801,1
55801,Marcus Hook Energy LP,PA,CTIB,188.2,2004-12-01,55801,2
55818,Frederickson Power LP,WA,FICT,192.0,2002-08-01,55818,F1CT
55821,Curtis H Stanton Energy Center,FL,A,203.2,2003-10-01,55821,25
55821,Curtis H Stanton Energy Center,FL,B,203.2,2003-10-01,55821,26
55835,Rocky Mountain Energy Center,CO,CTG1,175.1,2004-05-01,55835,1
55835,Rocky Mountain Energy Center,CO,CTG2,175.1,2004-05-01,55835,2
55841,Silverhawk,NV,CT1,197.2,2004-05-01,55841,A01
55841,Silverhawk,NV,CT2,197.2,2004-05-01,55841,A03
55927,Jasper,SC,CT1,212.8,2004-05-01,55927,CT01
55927,Jasper,SC,CT2,198.9,2004-05-01,55927,CT02
55927,Jasper,SC,CT3,212.8,2004-05-01,55927,CT03
55965,Wansley Combined Cycle,GA,CT6A,203.1,2002-06-01,55965,6A
55965,Wansley Combined Cycle,GA,CT6B,203.1,2002-06-01,55965,6B
55965,Wansley Combined Cycle,GA,CT7A,203.1,2002-06-01,55965,7A
55965,Wansley Combined Cycle,GA,CT7B,203.1,2002-06-01,55965,7B
55970,Cosumnes,CA,2,196.8,2006-02-01,55970,2
55970,Cosumnes,CA,3,170.0,2006-02-01,55970,3
55976,Hunterstown Power Plant,PA,101,179.0,2003-07-01,55976,CT101
55976,Hunterstown Power Plant,PA,201,179.0,2003-07-01,55976,CT201
55976,Hunterstown Power Plant,PA,301,179.0,2003-07-01,55976,CT301
55985,Palomar Energy,CA,CTG1,165.0,2005-10-01,55985,CTG1
55985,Palomar Energy,CA,CTG2,165.0,2005-11-01,55985,CTG2
56031,Fox Energy Center,WI,CTG1,198.9,2006-06-01,56031,CTG-1
56031,Fox Energy Center,WI,CTG2,198.9,2005-06-01,56031,CTG-2
56046,Magnolia Power Project,CA,1,198.9,2005-09-01,56046,1
56102,Currant Creek,UT,CT1A,146.2,2005-06-01,56102,CTG1A
56102,Currant Creek,UT,CT1B,146.2,2005-06-01,56102,CTG1B
56104,Mankato Energy Center,MN,CTG1,188.7,2019-06-01,56104,CT-1
56104,Mankato Energy Center,MN,CTG2,192.1,2006-07-01,56104,CT-2
56150,McIntosh Combined Cycle Facility,GA,C10A,203.2,2005-06-01,56150,10A
56150,McIntosh Combined Cycle Facility,GA,C10B,203.2,2005-06-01,56150,10B
56150,McIntosh Combined Cycle Facility,GA,C11A,203.2,2005-06-01,56150,11A
56150,McIntosh Combined Cycle Facility,GA,C11B,203.2,2005-06-01,56150,11B
56164,Faribault Energy Park,MN,EU01,212.5,2005-05-01,56164,EU006
56196,500MW CC,NY,CT01,170.0,2005-12-01,56196,CTG7A
56196,500MW CC,NY,CT02,170.0,2005-12-01,56196,CTG7B
56234,Caithness Long Island Energy Center,NY,CT01,196.2,2009-08-01,56234,1
56237,Lake Side Power Plant,UT,CT01,182.7,2007-09-01,56237,CT01
56237,Lake Side Power Plant,UT,CT02,182.7,2007-09-01,56237,CT02
56237,Lake Side Power Plant,UT,CT21,185.4,2014-05-01,56237,CT03
56237,Lake Side Power Plant,UT,CT22,185.4,2014-05-01,56237,CT04
56259,Empire Generating Co LLC,NY,CT11,179.0,2010-09-01,56259,CT-1
56259,Empire Generating Co LLC,NY,CT12,179.0,2010-09-01,56259,CT-2
56400,Treasure Coast Energy Center,FL,CT1,219.6,2008-05-01,56400,1
56458,Hobbs Generating Station,NM,GT1,196.9,2008-09-01,56458,HOBB1
56458,Hobbs Generating Station,NM,GT2,196.9,2008-09-01,56458,HOBB2
56467,Russell City Energy Center,CA,CTG1,200.0,2013-08-01,56467,CT1
56467,Russell City Energy Center,CA,CTG2,200.0,2013-08-01,56467,CT2
56476,Gateway Generating Station,CA,A,203.2,2009-01-01,56476,GT1
56476,Gateway Generating Station,CA,B,203.2,2009-01-01,56476,GT2
56532,Colusa Generating Station,CA,A,181.5,2010-12-01,56532,CT1
56532,Colusa Generating Station,CA,B,181.5,2010-12-01,56532,CT2
56565,J Lamar Stall Unit,LA,6A,184.0,2010-06-01,1416,CTG-6A
56565,J Lamar Stall Unit,LA,6B,184.0,2010-06-01,1416,CTG-6B
56610,Deer Creek Station,SD,2,170.0,2012-08-01,56610,1
56798,Kleen Energy Systems Project,CT,U1,199.0,2011-07-01,56798,U1
56798,Kleen Energy Systems Project,CT,U2,199.0,2011-07-01,56798,U2
56806,Cedar Bayou 4,TX,41,178.5,2009-06-01,56806,CBY41
56806,Cedar Bayou 4,TX,42,178.5,2009-06-01,56806,CBY42
56807,Bear Garden,VA,1A,145.0,2011-05-01,56807,1A
56807,Bear Garden,VA,1B,152.0,2011-05-01,56807,1B
56846,CPV St Charles Energy Center,MD,GTG1,223.6,2017-02-01,56846,GT1
56846,CPV St Charles Energy Center,MD,GTG2,223.6,2017-02-01,56846,GT2
56940,CPV Valley Energy Center,NY,CTG1,235.0,2018-05-01,56940,1
56940,CPV Valley Energy Center,NY,CTG2,235.0,2018-05-01,56940,2
56963,West Deptford Energy Station,NJ,E101,225.3,2014-10-01,56963,E101
56963,West Deptford Energy Station,NJ,E102,225.3,2014-10-01,56963,E102
57028,Langley Gulch Power Plant,ID,GTG,187.0,2012-06-01,57028,CT1
57037,Ratcliffe,MS,1A,235.5,2014-08-01,57037,AB-001
57037,Ratcliffe,MS,1B,235.5,2014-08-01,57037,AB-002
57349,Garrison Energy Center LLC,DE,CTG1,235.0,2015-06-01,57349,1
57664,Astoria Energy II,NY,CT3,200.0,2011-07-01,55375,CT3
57664,Astoria Energy II,NY,CT4,200.0,2011-07-01,55375,CT4
57794,St Joseph Energy Center,IN,CT1,260.0,2018-04-01,57794,CTG01A
57794,St Joseph Energy Center,IN,CT2,260.0,2018-04-01,57794,CTG01B
57839,Woodbridge Energy Center,NJ,CT001,222.7,2015-11-01,57839,1
57839,Woodbridge Energy Center,NJ,CT002,222.7,2015-10-01,57839,2
57901,El Segundo Energy Center LLC,CA,5,198.0,2013-08-01,330,5
57901,El Segundo Energy Center LLC,CA,7,198.0,2013-07-01,330,7
57978,Lodi Energy Center,CA,CT1,185.0,2012-11-01,57978,CT1
58001,Panda Temple Power Station,TX,CTG-1,232.0,2014-07-01,58001,CTG1
58001,Panda Temple Power Station,TX,CTG-2,232.0,2014-07-01,58001,CTG2
58001,Panda Temple Power Station,TX,CTG-3,232.0,2015-05-01,58001,CTG3
58001,Panda Temple Power Station,TX,CTG-4,232.0,2015-05-01,58001,CTG4
58005,Panda Sherman Power Station,TX,CTG-1,232.0,2014-08-01,58005,CTG1
58005,Panda Sherman Power Station,TX,CTG-2,232.0,2014-08-01,58005,CTG2
58079,Newark Energy Center,NJ,GT-1,225.0,2015-09-01,58079,U001
58079,Newark Energy Center,NJ,GT-2,225.0,2015-09-01,58079,U002
58215,Lee Combined Cycle Plant,NC,1A,221.0,2012-12-01,2709,01A
58215,Lee Combined Cycle Plant,NC,1B,221.0,2012-12-01,2709,01B
58215,Lee Combined Cycle Plant,NC,1C,221.0,2012-12-01,2709,01C
58236,Marshalltown Generating Station,IA,CTG1,222.7,2017-04-01,58236,CT1
58236,Marshalltown Generating Station,IA,CTG2,222.7,2017-04-01,58236,CT2
58557,Mesquite Generating Station Block 1,AZ,GT1,185.3,2003-06-01,55481,1
58557,Mesquite Generating Station Block 1,AZ,GT2,185.3,2003-06-01,55481,2
58697,L V Sutton Combined Cycle,NC,CT1,221.0,2013-11-01,2713,01A
58697,L V Sutton Combined Cycle,NC,CT2,221.0,2013-11-01,2713,01B
59004,Stonewall,VA,GEN1,237.0,2017-04-01,59004,CT1
59004,Stonewall,VA,GEN2,237.0,2017-04-01,59004,CT2
59338,Gila River Power Block 1,AZ,CTG1,174.0,2003-07-01,55306,1CTGA
59338,Gila River Power Block 1,AZ,CTG2,174.0,2003-07-01,55306,1CTGB
59773,Carroll County Energy,OH,CGT1,235.5,2017-12-01,59773,1
59773,Carroll County Energy,OH,CGT2,235.5,2017-12-01,59773,2
59784,Gila River Power Block 3,AZ,CTG5,174.0,2003-06-01,55306,3CTGA
59784,Gila River Power Block 3,AZ,CTG6,174.0,2003-06-01,55306,3CTGB
60302,Keys Energy Center,MD,11,235.5,2018-07-01,60302,11
60302,Keys Energy Center,MD,12,235.5,2018-07-01,60302,12
60368,Hummel Station LLC,PA,CTG1,244.8,2018-06-01,60368,CT1
60368,Hummel Station LLC,PA,CTG2,244.8,2018-06-01,60368,CT2
60368,Hummel Station LLC,PA,CTG3,244.8,2018-06-01,60368,CT3
60768,Gila River Power Block 2,AZ,CTG3,174.0,2003-06-01,55306,2CTGA
60768,Gila River Power Block 2,AZ,CTG4,174.0,2003-06-01,55306,2CTGB
60903,Salem Harbor Power Development LP,MA,3,240.7,2018-05-01,60903,1
60903,Salem Harbor Power Development LP,MA,4,240.7,2018-05-01,60903,2
60925,Montgomery County,TX,1A,250.0,2021-01-01,60925,CT1
60925,Montgomery County,TX,1B,250.0,2021-01-01,60925,CT2
60926,St. Charles Power Station (LA),LA,1A,250.0,2019-05-01,60926,1A
60926,St. Charles Power Station (LA),LA,1B,250.0,2019-05-01,60926,1B
60927,Lake Charles Power,LA,1A,250.0,2020-03-01,60927,1A
60927,Lake Charles Power,LA,1B,250.0,2020-03-01,60927,1B
