plant_id_eia,unit,hours,lmax_mw,min_share,alpha,hr_full,hr_50,hr_75,hr_40_55,hr_55_70,hr_70_85,hr_85_100
117,CC5A,10311,250.0,0.5648,0.1210887804506046,7.118462248959301,7.980428161369451,7.405784219762685,,7.616126306501967,7.337498274597902,7.188842069761976
117,CC5B,10522,247.0,0.582995951417004,0.11734158032489142,7.39149354899068,8.258823082990487,7.680603393657282,,7.871082254408545,7.631108367830955,7.480621061341666
147,K-7,14716,252.0,0.6468253968253969,0.06767222549596398,6.831109452659855,7.293385831927863,6.985201579082524,,7.107853791849874,6.909360787048958,6.879678887387398
260,1A,14122,262.0,0.5725190839694656,0.12206051312531804,7.018654123582295,7.87535464735588,7.304220964840155,,7.664008910631606,7.268758500442113,7.053196516346233
260,2A,13376,262.0,0.5916030534351145,0.10739907540746678,6.987174493364492,7.737590573662472,7.237313186797152,,7.559848432970394,7.178840951522155,7.030825292115634
260,3A,11994,262.0,0.5610687022900763,0.1356560029548315,7.021715550505982,7.974253415973408,7.339228172328457,,7.717268471183339,7.304045036160421,7.0677099300139075
260,4A,11072,263.0,0.5627376425855514,0.12728892306544695,6.9613405819950085,7.847442127768946,7.256707763919655,,7.593306373124811,7.198248548254104,6.992331265738833
358,3-1,7205,284.0,0.39436619718309857,0.13112615977688127,6.847861709138595,7.74579551774109,7.14717297867276,8.006494485364271,7.490140699891769,7.039061236564443,6.889289701515373
358,3-2,6747,286.0,0.40559440559440557,0.13694951289895635,6.888071445978331,7.8313894753182725,7.202510789091645,8.092230825549665,7.599624848284232,7.070161580816138,6.957946180008484
358,4-1,6577,284.0,0.38380281690140844,0.12297655101310784,6.838940789182915,7.679970140019491,7.11928390612844,7.989933941491035,7.441651603573826,7.077258813595102,6.897320587583455
358,4-2,5972,284.0,0.39436619718309857,0.12371686253012124,6.826529305025177,7.67108609261282,7.108048234221059,7.9518095059378595,7.3237071341934055,6.995467309304275,6.87910864252225
400,10,11701,278.0,0.6258992805755396,0.14158439229023398,6.760831540414766,7.718059765441037,7.079907615423523,,7.311795380135421,7.053831636970894,6.8510521593274065
400,9,12666,276.0,0.6304347826086957,0.1357909734139105,6.759025520144318,7.676840174854177,7.0649637383809365,,7.295631087410686,7.003891133266619,6.860478606748342
404,4,10804,314.0,0.45222929936305734,0.1540576914233223,6.893295095943723,7.955260224724523,7.24728347220399,8.170281850148768,7.559277572363096,7.121177287274097,6.934836458255635
408,6,9692,268.0,0.5410447761194029,0.12582759529198767,6.6804767239729665,7.52106504555458,6.960672831166837,7.53938099376869,7.251646623404973,6.9292898527534765,6.766309906430827
408,7,10158,263.0,0.5475285171102662,0.15659966693523866,6.6975982062165045,7.74643985457606,7.047212089003024,7.636595985939448,7.389931727927738,6.977496782821529,6.813629721991031
469,5,16249,279.0,0.3835125448028674,0.1483781436395138,6.481893240404016,7.443664526684677,6.8024836691642365,7.702316877561932,7.034883602580704,6.692875105406728,6.580172555661558
469,6,16486,274.0,0.39416058394160586,0.15654447113728162,6.457823718350476,7.468760317037445,6.7948025845794655,7.774758785518279,7.034387399740326,6.68590470675821,6.552305597350979
533,**V1,17648,203.0,0.5911330049261084,0.1768268804697721,9.95465766819117,11.71490872980191,10.541408022061416,,11.055984077644615,10.621626686752808,10.234001424748262
533,**V2,18261,204.0,0.5882352941176471,0.18013773226349836,9.974231378931602,11.770966800603768,10.573143186155656,,11.021336612252698,10.456270271410194,10.142900123198348
564,CCB,17354,311.0,0.33762057877813506,0.6174268874361337,5.935772739258452,9.60067842618705,7.157407968234652,10.113291496582207,7.30474651317246,6.672705314776714,6.25191364867588
620,SNCT4A,13981,295.0,0.5627118644067797,0.023687831228762165,6.812181963085328,6.973547779726511,6.86597056863239,7.580215881265303,6.980019269453685,6.872627337692895,6.814581228321962
620,SNCT4B,12009,298.0,0.5570469798657718,0.046873539071116486,6.776435616622102,7.0940711362607445,6.882314123168316,7.501080441339289,7.012750748544041,6.896022528387495,6.8125780210028095
620,SNCT4C,12866,293.0,0.5631399317406144,0.024766736067519536,6.826109801188046,6.995170261001979,6.8824632877926915,,7.01490595796908,6.866310836539942,6.808391234454701
620,SNCT4D,11827,296.0,0.5641891891891891,0.005047031757189487,6.852517205612438,6.887102077565851,6.864045496263577,7.654113091396516,6.974258177032023,6.873686304842876,6.813646323128211
620,SNCT5A,13115,296.0,0.5945945945945946,0.05196496859256122,6.7900661585919355,7.142911733264578,6.907681350149484,7.915001901381673,7.0929920778539906,6.925100456068718,6.8487799041618995
620,SNCT5B,10077,294.0,0.5782312925170068,0.05122049691162479,6.645203275263953,6.98557388910173,6.758660146543213,,6.947296986289905,6.7841457406563865,6.74490583669957
621,TPCT5A,19743,333.0,0.4804804804804805,0.1031535844979161,6.4818755569979825,7.150504254971751,6.704751789655905,7.208114432962582,6.831022813405781,6.705756710088001,6.553031675574478
621,TPCT5B,19114,334.0,0.4820359281437126,0.08333727546852872,6.513273651902909,7.056072132433453,6.694206478746424,7.175488216053008,6.803491845041141,6.667967086538098,6.5255003655733566
621,TPCT5C,20199,333.0,0.4804804804804805,0.0886259546146191,6.480530596612451,7.0548738071464765,6.671978333457126,7.151284925580982,6.7999252458219095,6.647554622185068,6.543888742348428
621,TPCT5D,18122,333.0,0.48348348348348347,0.07144158574402618,6.53645242629434,7.003426952769195,6.6921106017859575,7.170073195360344,6.79270042687361,6.648585547088879,6.557010806144511
634,4A,19793,321.0,0.4672897196261682,0.16125056140178476,6.841773855323943,7.945013730478983,7.209520480375624,10.850233204414513,7.275793230929539,7.0563359357169615,7.093742728653918
634,4B,19326,293.0,0.4778156996587031,0.4975703242502742,6.58527767638713,9.861916425105166,7.677490592626476,10.955059547581314,8.943538404209876,7.145125547651077,7.157180012999844
634,4C,19178,316.0,0.4430379746835443,0.35746790625555247,6.617390094787218,8.982894676847039,7.405891622140492,10.8466802003691,7.650208190942121,7.019044232240516,7.079427083067233
634,4D,20818,300.0,0.4666666666666667,0.43567650273962516,6.61728759307294,9.500284309245272,7.578286498463717,10.749821286982803,8.83770442493191,7.0552879010675325,7.13762290066545
643,4,20501,332.0,0.6445783132530121,0.009107317921005295,6.9619298236453915,7.025334331893058,6.983064659727947,,7.2021167181938,6.971411847036278,6.967718352646714
643,5,20322,333.0,0.6456456456456456,0.0012519311570911213,6.945355764668433,6.954050871947303,6.94825413376139,,7.184417383826137,6.95376135645113,6.939752218240628
688,2A,23971,212.0,0.6415094339622641,0.22934378743675565,7.237022531308111,8.896788688403449,7.790277917006556,,8.085227466661458,7.678667198719373,7.4319579918917515
991,GT1,22630,372.0,0.6370967741935484,0.01983935458976097,6.3504763054000515,6.476465656636758,6.392472755812286,6.858004928230489,6.6661756127999565,6.384316293186797,6.358666854473197
991,GT2,22489,368.0,0.6651086956521739,0.028454580163320115,6.297045403528121,6.4762251867548795,6.356771997937041,6.824318448883665,6.63805929661071,6.354312867738093,6.320654265012219
1239,12,16016,286.0,0.5034965034965035,0.07700560391386359,7.076104120060845,7.621003791183508,7.2577373437684,7.674068521312773,7.415047586634416,7.125767995507521,7.143627978378459
1363,7A,20263,375.0,0.4666666666666667,0.36212268072376047,6.3667779203306925,8.672332608413692,7.135296149691691,10.118246770073668,7.037236982555675,6.810009646322008,6.600128857800576
1363,7B,20155,375.0,0.4666666666666667,0.3630376658857085,6.338328420799483,8.639380376303576,7.105345739300848,10.024481971153845,7.107282150768028,6.7230378444423,6.562340317883659
1378,PCC1,18453,382.0,0.3900523560209424,0.06284909341057594,6.595643088935506,7.010173277534833,6.733819818468614,7.747164942081124,6.952515289514003,6.594662250834833,6.651478817336161
1378,PCC2,19023,384.0,0.38135416666666666,0.06499122891532992,6.587091574593168,7.0151947510037935,6.729792633396709,7.68438804937885,6.911195002974914,6.591839719591213,6.639458876507173
1378,PCC3,19446,384.0,0.3828125,0.06652656766596377,6.602578451189206,7.04182533329208,6.748994078556831,7.698308836030356,6.900914271641026,6.625361678456583,6.661884986577057
1403,6A,21926,311.0,0.6559485530546624,0.025633085856630516,6.822002465327366,6.996871440235248,6.880292123629992,,7.064360229449854,6.860863794159689,6.862327727349492
1403,6B,22010,311.0,0.6527331189710611,0.06719977873202322,6.765981945836157,7.220654435501211,6.917539442391176,,7.262479306077182,6.857975720230002,6.753126287983162
1595,4,21190,318.0,0.5220125786163522,0.1533472224561851,6.253692787638083,7.21267920671666,6.573354927330941,7.25249969053661,6.841108549227501,6.490082688412946,6.318351492120285
1904,5,12333,325.0,0.42153846153846153,0.014050054743016745,7.4879870738856935,7.593193702188789,7.523055949986726,7.968340315062837,7.478613826815643,7.365878612984368,7.526642297506923
1912,7,12681,314.0,0.5191082802547771,0.06353594756892013,7.15080789038768,7.605141245586772,7.302252342120711,7.761766968186573,7.468086373856724,7.238779147824485,7.217836106777525
1912,8,11912,312.0,0.5192307692307693,0.0653625433552553,7.086726373277261,7.549932833097428,7.241128526550649,7.705438330048147,7.3721205079340395,7.188984708506712,7.159125640529254
1927,10,11823,257.0,0.4980544747081712,0.1461092118090584,6.763350563105116,7.751538383068757,7.092746503092996,7.75282513420029,7.357030337078651,6.98446263800227,6.798777752016334
1927,9,13159,261.28000000000065,0.4898958971218604,0.1384263468348159,6.752966815076853,7.687755341584683,7.064562990579464,7.75086816482174,7.413712054816349,6.969705984038723,6.81012895664971
2336,8,19172,303.0,0.4158415841584158,0.07572427533280522,7.182063269966844,7.72591980647944,7.363348782137708,8.085595835431983,7.506747421054912,7.259675942558835,7.345426462636281
2336,9,19153,307.0,0.41042345276872966,0.059599895182688836,7.250017620335334,7.682117910579967,7.394051050416879,8.01982855335164,7.48155846126314,7.281517781860895,7.424943305305243
2398,2101,8178,312.0,0.2980769230769231,0.35924324298544796,6.141787510744587,8.348183173831995,6.877252731773724,8.253200255565329,7.529659604855986,6.84357912723449,6.812192242898965
2398,2201,9376,304.0,0.33223684210526316,0.4758907329790777,6.169076635804898,9.104883037822194,7.147678769810663,10.89643339157364,7.483701278614149,6.8914749443963705,6.932228488347887
2500,UCC001,20753,277.0,0.5884476534296029,0.2501842710642662,6.914486257018846,8.644381961014993,7.491118158350895,7.3549108688127385,8.166623328102819,7.1329499061051065,7.08730320504685
2539,10001,20544,292.0,0.4143835616438356,0.8720720317325997,6.277199828574005,11.751370236670065,8.101923297939358,10.544751395846665,9.843087921972549,6.980415636826638,6.6048336313726415
2539,10002,21329,292.0,0.4006849315068493,0.863605066087689,6.36866965834116,11.86868503952354,8.202008118735286,10.692473594689275,10.008664281831752,7.27845923839822,6.673302607966988
2539,10003,20571,292.0,0.4006849315068493,0.810982988315945,6.479264772830009,11.733838280389921,8.230789275349979,10.516343548933289,9.871795544419632,7.023901075722422,6.789734979056094
2706,CT5,21201,283.0,0.6254416961130742,0.29033784765145104,6.490800535493237,8.37532559250323,7.1189755544965685,9.303068116035247,8.225885861482082,6.689417594389971,6.607774968194329
3264,11,20497,411.0,0.537712895377129,0.032192087541544775,6.9850074074729855,7.209869377412694,7.05996139745289,7.805129552552535,7.052113561900304,6.837572217852739,6.990770084107188
3295,URQ5,10915,163.0,0.4723926380368098,0.30552539766056136,10.197452016999602,13.313032599617898,11.235978877872368,13.387380400216632,11.988970047937297,11.013046106323321,10.61006808055932
3295,URQ6,12126,163.0,0.4723926380368098,0.30250103385831856,10.275377284450936,13.38368953628163,11.311481368394501,13.423489623661764,12.094690626089829,11.076588381354318,10.652813058395372
3405,JCC1,17275,294.0,0.3979591836734694,0.15350443973779493,6.612982103477465,7.628104216267838,6.951356141074258,8.55438250027977,7.402693952398344,6.814146574726714,6.781890699641151
3405,JCC2,18314,291.0,0.3951890034364261,0.170296004781585,6.672593721526481,7.80890977383313,7.05136573896203,9.305481081081082,7.5019221018623545,6.906382874121324,6.842541017024536
3405,JCC3,18257,291.0,0.5189003436426117,0.11174309614927186,6.7401927109395015,7.493362713102635,6.991249378327213,8.705461939286913,7.187520201073058,6.904657366145907,6.84329113017317
3441,8,6784,328.0,0.43597560975609756,0.10303541292720557,6.847912300302186,7.553489771853111,7.08310479081916,7.784193650708724,7.202673133402584,6.988707231077603,6.826858049275406
3441,9,8230,324.6100000000006,0.43128677489910894,0.12682340600732722,6.852983251314246,7.722101928557086,7.14268947706186,7.8877195682757755,7.27580379161529,7.040009760959245,6.880310921176404
3443,9,11831,294.0,0.5782312925170068,0.0031484922700912464,7.735936030624768,7.7602925654191095,7.744054875556215,,7.7801553411607935,7.588722921154084,7.754676589738787
3804,6A,11922,316.3299999999999,0.36038314418487033,0.12451158308828708,6.762835614727674,7.604886983283266,7.043519404246204,8.039275779182196,7.246840137508886,6.943436787437748,6.986038630721271
3804,6B,12072,313.0,0.3610223642172524,0.13978990426320878,6.702770567592653,7.639750223534684,7.01509711957333,8.144574322492778,7.200763425913046,6.8951026108006825,6.9522634285894584
4040,12,20388,337.0,0.5192878338278932,0.0003630042785838772,6.729728695036386,6.7321716153463935,6.730543001806388,7.138502037189182,6.825558320564941,6.664390199082043,6.760174582165236
4937,CT-1,18199,193.0,0.5129533678756477,0.2513806971450348,9.768711161351709,12.224376583300781,10.5872663020014,11.94799246372164,11.158967285833102,10.330619615737588,10.013914272406033
4937,CT-2,18451,191.0,0.518324607329843,0.2511867870323374,9.71596317736435,12.156484750811,10.52947036851323,11.901360761098752,11.164537796466687,10.268116869411397,9.997632763374773
4939,3,7142,317.0,0.4227129337539432,0.07373060389978295,7.214507378352594,7.746437364197971,7.391817373634386,8.143408197706234,7.496750574792038,7.234941969403305,7.5629291178413185
4939,4,7000,318.0,0.41823899371069184,0.08497550486186164,7.199448950751822,7.811225760069157,7.403374553857599,8.154199558205875,7.5058900125873524,7.2390779126294715,7.49819635177221
6042,MTCT3A,18021,321.0,0.2772585669781931,0.1474098742323836,6.477956342207258,7.432871071894902,6.79626125210314,7.412964793396852,6.829393988857436,6.650614766168692,6.609302388860504
6042,MTCT3B,18531,324.0,0.27469135802469136,0.1942742497824682,6.400212958346979,7.643609529277869,6.814678481990609,7.438177432040977,6.874760451957003,6.675450328854971,6.609738868113815
6042,MTCT3C,17200,317.0,0.277602523659306,0.19330968301076504,6.446157977406794,7.692262732656615,6.861526229156734,8.36265116256065,6.889017502083581,6.691176446672441,6.60654624680351
6042,MTCT3D,15596,322.0,0.27639751552795033,0.18155666419773359,6.426356365155592,7.593104189759114,6.815272306690098,7.554331652090312,6.8073325493201535,6.6438344975992765,6.605653753530455
6043,PMR8C,14030,318.0,0.5408805031446541,0.1206293902466318,6.441401195261595,7.218423493779928,6.700408628101039,7.235926102922681,6.980579399915324,6.719576176985057,6.572086340453495
6043,PMR8D,16485,313.0,0.549520766773163,0.10020283784820495,6.497850243976747,7.148953278335869,6.714884588763121,7.215171088453531,6.960347541203195,6.720796564037687,6.578731451159797
7082,**5,14361,282.0,0.4716312056737589,0.11029111044724373,6.795796688529372,7.5453126516809785,7.045635342913241,7.762262902853627,7.270735660262131,6.994293611073599,6.908948247976625
7082,**6,14104,281.0,0.47686832740213525,0.10847253259953504,6.830601990419943,7.571534687500219,7.077579556113369,7.7516637877853185,7.314152261812565,7.015591250807438,6.929030077766718
7238,3,17338,261.0,0.5593869731800766,0.13123640222874638,6.6788691226648975,7.555379877280102,6.9710393742033,,7.357878383040402,6.89930210468621,6.756487924846191
7242,**3,20028,281.8600000000006,0.46122188320442675,0.16573062448097017,6.491710651926844,7.567585912220446,6.850335738691379,10.51640277801247,7.089093921945756,6.727235524476347,6.686722469758879
7242,**4,18525,294.0,0.5272108843537415,0.053961336640531064,6.615061209939122,6.972018754786365,6.734047058221536,7.8310016139973335,6.934432075591081,6.647310941139684,6.728365738714183
7302,2A,15740,177.0,0.5649717514124294,0.18649912302436342,10.759307984378625,12.765909487814268,11.428175152190505,,12.064144150560994,11.265663967933621,10.909590932652963
7302,2B,15687,176.0,0.5681818181818182,0.18522338667774968,10.800889313898699,12.801466611750532,11.467748413182642,,12.085072540523191,11.314824898858548,10.939110615731039
7302,3A,18468,171.0,0.5847953216374269,0.19130125114761548,10.551275245903533,12.569747401647744,11.224099297818269,,11.806589137079543,11.157058205018535,10.6931116674028
7302,3B,19414,174.0,0.5747126436781609,0.19612540254265368,10.365583345237733,12.39853755141191,11.043234747295791,,11.652398888836574,10.980146601768427,10.52909352364447
7302,4A,19366,194.0,0.520618556701031,0.2306074507375077,9.903571330218774,12.187408667877591,10.664850442771712,11.915709853938951,11.299480196449192,10.578956723944525,10.121210655200597
7302,4B,16430,177.0,0.5706214689265536,0.24544414678079396,10.204998325478117,12.709755432374525,11.039917361110254,,11.90395953405309,10.996843558170788,10.463133282025986
7380,1,16447,186.0,0.46774193548387094,0.2078600702751689,10.317687057577063,12.46232221444223,11.032565443198784,12.589916096196685,11.573247730151015,10.839076761758063,10.557106557695771
7380,2,17013,186.0,0.478494623655914,0.21020396429343743,10.473352699610988,12.674892956512592,11.207199451911523,12.794832144129808,11.741024211353515,10.999889722856127,10.714234731545695
7710,3A,19712,355.0,0.48450704225352115,0.13523207345766664,6.656317700424491,7.556465344645863,6.956366915164949,9.216652087678995,6.750297998884828,6.636191379054695,6.954377488773031
7710,3B,20061,353.0,0.48158640226628896,0.1400843198403488,6.6123414578460595,7.5386268135205645,6.921103243070894,9.082513393664593,6.727351082818109,6.60127326589558,6.922436081886794
7757,3,19943,272.0,0.6102941176470589,0.05674719527947254,6.643670590021805,7.020680262366261,6.76934048080329,,6.91387178612228,6.732949248654259,6.6881763027763546
7757,4,20586,270.0,0.6037037037037037,0.05456426261898187,6.690956339691942,7.0560434385830355,6.812652039322307,8.030609389211504,6.990869261298993,6.78315673198153,6.734968147980002
7805,10,21697,344.0,0.6046511627906976,0.031214065542711854,6.812813992546884,7.0254696150405485,6.883699200044772,,7.157502582644628,6.860392890657047,6.836292570354146
7805,7,19406,187.0,0.6310160427807486,0.22943991020844787,10.031942055899501,12.333669940421435,10.799184684073477,,11.310335031415676,10.597461732081726,10.304572065194412
7805,8,19385,186.0,0.6344086021505376,0.22708079880193383,10.018492076860076,12.293499260464307,10.776827804728152,,11.268709654686399,10.561622012328785,10.271800498149018
7805,9,21537,344.0,0.6046511627906976,0.03187407440090829,6.880688249411181,7.100003818602369,6.953793439141577,,7.17595792573537,6.9132400348876715,6.896393235295871
7826,4,19640,295.0,0.3694915254237288,0.8753512510225491,6.543480426698486,12.271324204250568,8.452761685882514,10.931346500784892,10.318156371409984,,6.804186037426261
7826,5,20024,294.0,0.3741496598639456,0.938856839417863,6.432553117034704,12.47179960588143,8.445635279983613,10.868207134969031,10.221621744592055,,6.758302096935248
7845,LCC1,20076,330.0,0.6212121212121212,0.058593761230936466,6.059249796824556,6.414284032658295,6.177594542102469,,6.281078658577696,6.187682783119892,6.13783334414483
7873,CT1A,13449,168.0,0.5535714285714286,0.2869306813989559,9.995039497576022,12.862922991224988,10.951000662125677,12.513094310210443,11.627748601291643,10.85396126028764,10.36028363580222
7873,CT1B,13849,169.0,0.5502958579881657,0.28243035664637894,9.952982765956946,12.764007238241431,10.889990923385108,12.453208348650085,11.536965575160323,10.806683338167693,10.318615168389403
7873,CT1C,13283,168.0,0.5535714285714286,0.2798907547540598,9.746539953660355,12.474506377530949,10.655862094950551,12.177794506798067,11.273164734603183,10.5636214967795,10.08626604514455
7873,CT2A,9980,165.0,0.5454545454545454,0.29938932688632025,9.910155342224682,12.877150079472202,10.899153587973856,12.45029748733835,11.665835381523854,10.757239242903209,10.329842352724254
7873,CT2B,9729,163.0,0.5521472392638037,0.299132781661404,10.107536233372533,13.13103166260469,11.115368043116586,,11.950607669072763,10.944232211501273,10.53366986887926
7873,CT2C,9415,164.0,0.5487804878048781,0.29942333562686096,10.08786654620246,13.10840919682502,11.094714096409978,12.678278174581537,11.843504148810066,10.914758425972586,10.474096399335966
7873,CT2D,9212,164.0,0.5548780487804879,0.2894815749980312,10.08256260865567,13.001278712625568,11.055467976645637,12.619929881337647,11.853956066966466,10.887256912178634,10.445450335790841
7900,SH5,19499,313.0,0.41214057507987223,0.09683237822280538,6.983156971554833,7.65935266861365,7.208555537241105,8.063358147864298,7.240307592939562,6.915117597847436,7.404212361065163
7917,8A,17367,265.0,0.5471698113207547,0.10544518555845867,6.620132184179228,7.318193250761532,6.852819206373329,7.285055918970248,6.988530202900134,6.813964389256984,6.67589044992741
7917,8B,18534,264.0,0.571969696969697,0.08611699126082295,6.67666590083513,7.251640279868783,6.86832402717968,7.339212285087494,7.033102492471159,6.833888925480976,6.736833668791252
7931,CTG2,21485,309.0,0.47249190938511326,0.05762481438187161,6.7661887143770425,7.1560890831157336,6.8961555039566065,7.4637046706151295,7.068420406492975,6.719784724418291,6.785049546936628
7946,CT9A,16397,186.0,0.6774193548387096,0.137634172578202,10.263754213229593,11.67639753191348,10.734635319457553,,11.038644307351454,10.56505436425732,10.419192245187023
7946,CT9B,17195,186.0,0.6935483870967742,0.15300803031854562,10.54025115716289,12.152994225783155,11.077832180036312,,11.404476621167488,10.874740420513032,10.707281784825
7985,1,10019,199.0,0.4723618090452261,0.2243696673378639,10.242600489609554,12.540729354137893,11.008643444452334,12.751877699721765,11.539000817088828,10.795917202764459,10.50862446401942
7985,2,9907,199.0,0.47738693467336685,0.23046481086972917,10.361172069897275,12.74905763137487,11.157133923723139,12.926148585022549,11.721181547694304,10.93265291875747,10.594427755933017
8068,5A,14497,326.0,0.4325153374233129,0.11470145740707315,6.897563581757885,7.688724177143467,7.161283780219746,8.375576900615693,7.152713228743327,6.988135040792814,7.025860021842664
8068,5B,12349,327.0,0.43119266055045874,0.13253978520189835,6.9159915532405725,7.832635588165222,7.221539564882122,8.592708068488076,7.073309260680937,6.9417024630438675,7.059442262530638
50006,4001,22097,303.0,0.6831683168316832,0.09682433718625444,6.437780295686797,7.061114105767399,6.6455582323803295,,6.828833669557236,6.575237243129335,6.503630008833743
55087,CC4,20361,298.0,0.5805369127516778,0.0014306879514948837,7.544636242963745,7.555430263134965,7.548234249687484,,7.826940494376725,7.499819680336235,7.554414422587563
55089,CT1,21823,181.0,0.4861878453038674,0.2135950222811363,11.2286638391609,13.627050542073862,12.028126073465222,14.092616801809257,12.563566492800145,11.794263971244908,11.742999242079362
55089,CT2,23243,178.0,0.4887640449438202,0.2098663627261218,11.462553672366814,13.868158119139387,12.264421821291005,14.471443245517065,12.900162728100788,11.982158739050794,11.99386318145936
55089,CT3,21923,178.0,0.4887640449438202,0.23922852092756372,11.420470155385816,14.15257233895615,12.331170883242596,14.263074520303434,12.837561601693007,12.115350789846868,11.983905638449343
55107,RISEP1,18210,310.0,0.6709677419354839,0.046880860903316314,6.74506641537937,7.0612809357824,6.850471255513714,,6.916418475745024,6.8307985497917665,6.7777346410813255
55107,RISEP2,18152,308.0,0.6753246753246753,0.04965766718766765,6.808374156291723,7.146462134233975,6.92107014893914,,6.962272453545276,6.88717564982329,6.837567790866807
55117,RS-5,22401,224.0,0.4642857142857143,0.3868333924782808,8.856715759107018,12.282789162418238,9.998740226877425,12.140145474625246,10.823391834795869,9.861068223424596,9.208346135922449
55117,RS-6,20295,216.0,0.4537037037037037,0.39732890471038207,8.973199524796266,12.538511063731287,10.161636704441271,12.615383117515334,10.97004749770585,10.005312480446229,9.27997857787997
55124,P2,19800,297.0,0.4444444444444444,0.08603518570601677,6.985110957334151,7.586076275725527,7.185432730131276,8.122415287366984,6.974009800165353,6.878171709636478,7.117234735657069
55131,GTG-1,12283,315.0,0.5142857142857142,0.030286934316817473,7.364247643207929,7.587288127870546,7.438594471428801,7.929359514239946,7.58248500248867,7.324484153936651,7.476358561812511
55131,GTG-3,11339,315.0,0.5142857142857142,0.003899636724629772,7.260906080215783,7.28922097622028,7.270344378883948,8.074526904081104,7.379534153053872,7.153613728666898,7.311504614011997
55131,GTG-4,12107,322.0,0.5062111801242236,0.009308421286281664,7.309841058976271,7.377884139088979,7.332522085680506,8.52903549187383,7.39952206127391,7.219030073207513,7.399662811696542
55137,CTG-1,18591,307.0,0.5374592833876222,0.14847701416294246,6.307651747731335,7.24419304561415,6.619832180358939,7.235078413563428,6.942994979547651,6.4918517227307495,6.403711223106067
55137,CTG-2,18833,306.0,0.5392156862745098,0.15027555845106907,6.315022126426805,7.264015603106452,6.631353285320022,7.217464123078809,6.945188206694293,6.49479791975239,6.417076489529359
55137,CTG-3,18905,308.0,0.5422077922077922,0.15719424433033724,6.3555275977331505,7.354579955779416,6.6885450504152395,7.323329725600051,7.021570774492498,6.565987794758895,6.460850867130363
55139,CTG1,12077,388.0,0.4072164948453608,0.14231903395198703,6.971213111005013,7.963349426436672,7.301925216148899,8.464022000364322,7.467296075698053,7.162243719296653,7.107520202403542
55139,CTG2,12069,387.0,0.40568475452196384,0.12546271720755278,6.9618482722588455,7.835300673283147,7.252999072600279,8.322742610175835,7.658248166284007,7.0866292392124555,7.072656542649465
55146,CTGEN1,13094,289.0,0.5882352941176471,0.03689864021490186,7.05223640776367,7.312454341684174,7.138975719070504,,7.28843871030356,7.072874961181744,7.135640755363551
55146,CTGEN2,13984,285.0,0.6,0.052608385145170015,6.960985922384778,7.327192150779704,7.083054665183088,,7.258718270321926,7.0346812811949535,7.057695297198515
55146,CTGEN3,15614,289.0,0.5882352941176471,0.007874930921124061,7.050678757888205,7.106202366053611,7.0691866272766735,,7.196183779029189,6.983195437707957,7.102311190243851
55168,CTG-1A,15533,308.0,0.525974025974026,0.07443227181053487,6.888557541871398,7.40128852921048,7.0594678709844265,7.448983674021487,7.19647025627704,7.022118860378247,6.938729640106261
55168,CTG-1B,15562,307.0,0.5374592833876222,0.08652447648325408,6.776187619866727,7.362493706228004,6.971622981987153,7.348616182375295,7.133422270459308,6.924303950440567,6.838561829571677
55170,1,11613,251.0,0.47410358565737054,0.231772284155658,10.033568466130669,12.359071547757956,10.808736160006431,12.562755036216526,11.27386771081807,10.564745974140944,10.297050681934431
55170,2,13232,258.0,0.46124031007751937,0.23361354401304518,9.93778470269546,12.259385806730773,10.711651737373897,12.396908324293346,11.268838345864662,10.446631393631924,10.17116582057737
55173,CT1,18970,313.0,0.5591054313099042,0.26632760248079224,6.4878602909289835,8.215756567442435,7.063825716433468,,7.439646828400427,7.060123421293957,6.545876011330637
55173,CT2,18919,309.0,0.56957928802589,0.26782978737496654,6.41213524928226,8.129496069717055,6.9845888560938585,,7.321103226699303,6.971528415529374,6.518031667697357
55173,CT3,18450,299.0,0.5719063545150501,0.005552782075324212,7.222632815466455,7.262738521500826,7.236001384144579,,7.487508588137652,7.148545425191547,7.255474383429237
55173,CT4,17929,298.0,0.5838926174496645,0.011885476164268355,7.166492819342417,7.2516699989281115,7.194885212537648,,7.561862486971086,7.143044528143714,7.216150256887029
55183,1,15791,312.0,0.5993589743589743,0.08946826660195921,6.723482111292669,7.325020401319305,6.9239948746348805,,7.116761481618204,6.84670955411601,6.798438699937728
55183,2,14501,311.0,0.6012861736334405,0.08907128332671856,6.727379248468385,7.326595551555,6.927118016163923,,7.142888961624741,6.847729432345058,6.805495398834786
55193,CT1,19523,303.0,0.5577557755775577,0.10072318672556282,6.917474768193762,7.614224870939911,7.149724802442478,7.741752098690569,7.314822366639588,7.149698082583698,6.9736306688475835
55193,CT2,19231,302.0,0.5529801324503312,0.11230976047755889,6.828106736234802,7.594969768296538,7.083727746922047,7.571771602406344,7.262384818828835,7.045224050623955,6.887493827133767
55197,AA-001,18878,309.0,0.7216828478964401,0.13966720657256015,6.601067006382593,7.523019595562341,6.908384536109176,7.414632861607613,,6.859656387871149,6.69487772202117
55197,AA-002,17315,304.0,0.7401315789473685,0.10821588947782343,6.847753327009397,7.588789044216443,7.094765232745079,,,7.035554462774957,6.929322816243062
55197,AA-003,18365,308.0,0.724025974025974,0.1272537443634291,6.674470293405574,7.523821629883907,6.957587405565018,,,6.912685190393497,6.766588541644806
55206,CU1,15866,274.0,0.551094890510949,0.06315766209845623,7.538362794287415,8.014468164424592,7.69706458433314,8.277124326099448,7.991450280403675,7.499758121375899,7.586024531903254
55206,CU2,19636,287.22999999999956,0.5326741635623028,0.03198081927184344,7.674885414270949,7.9203345376368555,7.756701788726251,8.324320818378569,7.992590407776743,7.511667018004159,7.795740445245363
55210,1,13592,231.0,0.3722943722943723,0.5433811489458613,6.590727792998242,10.172005033547048,7.784486873181178,10.828024997462553,9.990927790847248,7.102466831363213,6.93234886082207
55225,CTG-1,13489,288.0,0.5451388888888888,0.06503619450870379,7.153621958834979,7.618866307991504,7.3087034085538205,8.152645817552212,7.497640486066616,7.273277620962347,7.2004961680429505
55225,CTG-2,13571,285.0,0.5473684210526316,0.05974826624724531,7.115952017580072,7.541117813329068,7.257673949496405,7.910179856115108,7.433564150316718,7.196956253850893,7.147866048421704
55225,CTG-3,13192,289.0,0.5294117647058824,0.061439341613208805,7.060432482130171,7.494220805336763,7.205028589865702,7.8304381912361745,7.369465155983238,7.150939562926292,7.105765814420134
55225,CTG-4,13431,291.0,0.5292096219931272,0.05859653687933866,7.228974295520499,7.652567154427757,7.370171915156252,7.926918475879142,7.544139301122296,7.318967187549967,7.275409547582122
55226,GT1,19459,286.0,0.6153846153846154,0.10748489029160135,6.6513559629439225,7.366276228911338,6.889662718266394,,7.069564875953247,6.819917273338554,6.716554884796026
55226,GT2,19063,285.0,0.624561403508772,0.09390695997340173,6.72294313640496,7.354274288418797,6.933386853742906,,7.0855784216449775,6.881013415512186,6.772806788677739
55226,GT3,21410,286.0,0.6293706293706294,0.12032244619358229,6.635437290628285,7.4338293370007955,6.901567972752455,,7.044713160369626,6.864208880492387,6.714794534758452
55226,GT4,18809,284.0,0.5774647887323944,0.1298106709113778,6.752961507697597,7.629567971650532,7.045163662348576,7.723021089329598,7.297782780485553,6.9807418954182765,6.845142099595318
55230,CT-1,17406,316.0,0.49683544303797467,0.032055364819153824,7.079262161173686,7.30619049240054,7.154904938249303,7.437183367692114,7.151005135095704,6.992845230360812,7.190206428893353
55230,CT-2,17644,318.0,0.4968553459119497,0.024057323655545245,7.134705648156167,7.306347571120908,7.191919622477747,7.4673101042564864,7.180032153210929,7.039134323086346,7.234306000912918
55230,CT-3,17100,331.0,0.48338368580060426,0.009603689872954724,6.811119588498657,6.876531468714204,6.8329235485705055,7.018346229896874,6.7700036090535685,6.672481636010083,6.8861337382361425
55230,CT-4,16555,330.0,0.47878787878787876,0.012547912305635126,6.777098699370029,6.862137139536358,6.805444846092138,7.016239239575621,6.738603646357497,6.635705168160699,6.861033762473217
55231,1,19648,296.0,0.3716216216216216,0.6852580029427262,6.832066130318807,11.513794122753712,8.392642127797108,11.339661288095565,10.431445410101768,7.207406575079985,7.181342413339865
55231,2,20357,295.0,0.3728813559322034,0.6917793054913197,6.8181146794297955,11.53474531712591,8.390324891995167,11.225368957718402,10.320841667543952,7.188208517684101,7.192422197991778
55239,1,12121,277.0,0.4657039711191336,0.7937860941373789,6.532804334845299,11.718453571565885,8.261354080418826,11.008371339749438,10.562909614223132,7.092440923849987,7.029829050552492
55239,2,13126,276.0,0.4673913043478261,0.7907428101115713,6.5392467079000856,11.710109025717841,8.262867480506005,10.990768968981058,10.506435248043823,7.191019506098289,7.0409652835927945
55239,3,12982,276.0,0.4782608695652174,0.803317568202661,6.541002874652991,11.795505397525845,8.292503715610609,10.947646541896258,10.491540255514394,7.10996839721831,7.027922811205836
55242,CT-1,17337,244.0,0.6434426229508197,0.1448037617210342,7.138616172384914,8.172314647628859,7.483182330799562,,7.7014475217685,,7.214997141230141
55259,CT1,21955,179.0,0.5586592178770949,0.2557627354024359,10.876191653113674,13.65791618107517,11.803433162434173,,12.45464073572564,12.00670908545701,11.081231450989957
55259,CT2,23304,184.0,0.5434782608695652,0.19496349718299624,10.642539941462942,12.717446747360277,11.33417554342872,12.484769402925425,11.730112933791201,11.598580481346279,11.043202370335067
55269,AA-001,18701,297.0,0.6734006734006734,0.06357845056766692,6.689136705334539,7.114421652695017,6.830898354454699,,6.927074347074347,6.802517004465439,6.75511949911048
55269,AA-002,18379,300.0,0.6433333333333333,0.05036361405840309,6.789094662343221,7.131018005723439,6.903069110136627,,7.043653376729047,6.869467013708292,6.833694232335221
55269,AA-003,18740,291.0,0.6804123711340206,0.09965008618283733,6.372504664323257,7.007525303323602,6.584178210656705,,6.669816562827752,6.531610550359157,6.4622824118269735
55282,CTG1,17104,301.0,0.46511627906976744,0.025566442833935055,6.921005171401328,7.0979506544693285,6.979986999090662,7.4875055932701775,7.058288107951849,6.8276503313249775,6.996953315785666
55282,CTG2,17442,300.0,0.45666666666666667,0.02207230869960459,6.920327489541122,7.0730750941926335,6.971243357758293,7.499125420362471,7.067652279675223,6.839062755435177,6.996393162007677
55283,1,15624,249.0,0.43373493975903615,0.12968997129357912,7.322358226236034,8.27199465439789,7.638903702289985,8.48644196142192,7.7844360469254505,7.479802857964519,7.540768221499826
55283,2,15947,254.0,0.42913385826771655,0.09815271341391975,7.189056411430255,7.894681805097871,7.424264875986125,8.085547321364295,7.642611407981175,7.2873829743658805,7.2917133160196785
55292,CTG-1,8595,295.0,0.4135593220338983,0.1544766953975529,6.528539888494802,7.537047156240587,6.864708977743397,7.775552449136528,7.049770998224495,6.795242573869426,6.642849467518564
55292,CTG-2,8692,294.0,0.41496598639455784,0.16829443030391505,6.496881008381723,7.59026989643965,6.861343971067699,7.8399140566135985,7.100832290933729,6.796487637865245,6.622324586078072
55292,CTG-3,8818,295.0,0.41694915254237286,0.16469684461352443,6.509386068298719,7.5814614141187535,6.866744516905397,7.832777622728128,7.144527508687859,6.802181875478573,6.630794480019723
55293,CT-1,19352,279.0,0.4265232974910394,0.08555633143674606,7.133422544167509,7.7437320076346605,7.336859031989891,8.165227585438304,7.418874200685524,7.235964880954743,7.214479033146375
55293,CT-2,19664,279.0,0.4229390681003584,0.06154115597360706,7.273357608754313,7.720968443806483,7.42256122043837,8.1388231715721,7.482342426487166,7.312808221760172,7.327130826555755
55293,CT-3,19656,280.0,0.42142857142857143,0.09574079771265512,7.213946973538222,7.904616011441566,7.444169986172669,8.400673420232993,7.60706001807156,7.333561470371094,7.294098714804618
55295,1,7422,251.0,0.2788844621513944,0.4195470453180406,7.978753523656967,11.326215989828153,9.094574345714028,10.783557287759695,10.504306878222865,9.860026575507376,7.424578089156179
55295,2,9048,249.0,0.28112449799196787,0.3610184288092859,8.618555402085025,11.730012731951545,9.655707845373867,11.072145001855537,10.74411202433393,10.48674141244545,7.402668920367207
55297,1,21594,409.0,0.3765281173594132,0.6940092427657414,6.545603069064769,11.088312098471523,8.059839412200354,10.238761580219927,9.710557737862086,7.084841692428623,7.027698661777735
55297,2,20982,394.0,0.4035532994923858,0.625917628639486,6.5031736999785075,10.573624760899726,7.85999072028558,10.761362183427588,9.37444305458383,7.115430590257158,7.022321933699447
55297,3,20209,407.0,0.3808353808353808,0.6250761983157777,6.482132493682648,10.53395922981297,7.832741405726088,10.874132624839646,9.192779867801299,7.018288091788495,6.955055818541049
55298,1A,21520,320.65000000000146,0.5582410728208301,0.00330493559852151,6.635948626180032,6.657880009024654,6.643259087128238,,7.1858215169043085,6.721973684605705,6.754771056260547
55298,2A,21405,318.0,0.5566037735849056,0.027404789576395458,6.716063347689212,6.900115650514377,6.7774141152976,,7.003358358455704,6.7096629594658665,6.75155380891222
55298,2B,20605,320.0,0.55625,0.029912339247984275,6.8240977991713425,7.028222527601578,6.892139375314754,7.799732720372052,7.155393268602298,6.820397510714417,6.8563624709872615
55299,CTG2,17383,358.0,0.5446927374301676,0.0021842950282355464,7.114180506649583,7.129719975760228,7.119360329686464,7.301273303349986,7.224933299306313,7.024312219416124,7.154199649253463
55306,4CTGA,14321,294.0,0.5544217687074829,0.04764475338403522,7.086094074522368,7.423709279159059,7.198632476067932,7.751946090391542,7.346312726719905,7.156598606627018,7.1273188685942435
55306,4CTGB,14996,277.0,0.5776173285198556,0.05643716390350965,7.093661306214727,7.494007432029552,7.227110014819669,7.981817534870481,7.432031352876626,7.169788373437708,7.146938814453646
55322,CTG-1,13524,312.0,0.40384615384615385,0.08919584491554823,6.985089665633835,7.608130640170909,7.192769990479527,7.9894916535211635,7.273817571289446,7.054023453247787,7.091104280497474
55322,CTG-2,14109,318.0,0.4119496855345912,0.08528961422736554,6.976283290974963,7.571287801603033,7.1746181278509855,7.8807651763812485,7.289337003396196,7.090031829396688,7.07621384452749
55322,CTG-3,14562,316.0,0.3924050632911392,0.09141450131977279,6.9837064475526995,7.622118489819411,7.196510461641605,7.859736821410784,7.290626165082664,7.079709260774545,7.100828344506677
55322,CTG-4,14377,316.0,0.3924050632911392,0.08604406805149634,6.9724903465714245,7.572431780440216,7.1724708245276885,7.7954094391979085,7.286634544510337,7.084467285395676,7.084491802731414
55327,CTG-1,17159,296.0,0.41216216216216217,0.26413186066522204,6.657341706499139,8.415757758520941,7.243480390506406,9.290244990739183,7.4506835967760265,7.090412887276904,7.027428744036694
55327,CTG-2,18627,299.0,0.43812709030100333,0.34901918924287517,6.592499995163437,8.893408998559039,7.359469662961971,9.655200859405047,7.865608943949406,7.044216608973294,6.905121601165941
55327,CTG-3,19152,295.0,0.4745762711864407,0.4601226569324444,6.424738735899639,9.380906593158574,7.410128021652617,9.330997031622058,8.113886521576735,6.964578629517568,6.827861984931573
55328,CTG-2,21305,313.0,0.65814696485623,0.0029344141098898912,7.207024384751311,7.228172778796245,7.214073849432956,1.662761955937668,7.4821643717728055,7.2154690674951505,7.212616382073818
55333,1,14141,299.0,0.6655518394648829,0.046368461302746335,6.794612838147989,7.109668580600797,6.899631418965592,,7.004715445457771,6.950197085505023,6.827055792904839
55333,2,13803,288.0,0.6875,0.001938822537642941,6.868805136068822,6.8821225302733104,6.873244267470318,,6.949349188980043,6.924830488206892,6.86838624351748
55333,3,12928,285.0,0.7087719298245614,0.008083980470051485,6.966361157229611,7.0226770847719795,6.985133133077068,,7.15716057585825,7.055129868833476,6.977987616223633
55334,CTG1,13286,292.0,0.5856164383561644,0.11065177632998799,6.875936000738714,7.636770533151766,7.129547511543065,,7.458608356822656,7.004950747937082,7.043657032873835
55334,CTG2,13154,281.0,0.604982206405694,0.12120827744715516,6.861470264896416,7.693137256459386,7.138692595417405,,7.411376478989678,7.026918762876861,6.997765896168932
55340,1,20847,411.0,0.5036496350364964,0.3169281713327408,6.231465582583651,8.2063925743948,6.889774579854034,7.582291310059312,7.368140109898384,7.243125874149905,5.351219641157601
55340,2,20492,410.0,0.4975609756097561,0.34335193489091503,6.214152353627414,8.34779358795232,6.925366098402383,7.752608999261566,7.462823692134284,7.287168081305573,5.3995794816961
55345,CTG-1,12418,302.0,0.5,0.02477425137160729,6.846501480230317,7.016118428917625,6.903040463126085,7.6204224112643,7.236955339665048,6.83463975929842,6.9350908695493185
55345,CTG-2,11747,309.0,0.4884142394822007,0.035081753146572026,6.809557746681705,7.048448970588119,6.889188154650507,7.66074569789675,7.260018054083755,6.807004504585217,6.9112342256313495
55358,CT2,19563,306.0,0.5065359477124183,0.005798950491149075,7.219807838048027,7.2616751462564775,7.233763607450844,7.638016063317012,7.2312933704769,7.063882604832626,7.312737527998569
55364,CT12,19774,303.0,0.6468646864686468,0.06440428140388627,6.9427992494438815,7.389945246035756,7.091847914974506,7.739854540601854,7.256266646257463,7.201568860383132,7.124598136025321
55375,CT1,19818,313.0,0.5431309904153354,0.03494448156716294,6.629909812535685,6.861588573771791,6.707136066281053,7.0746840974842975,6.830951955412849,6.5847894103793525,6.6599190766054885
55375,CT2,19547,313.0,0.5335463258785943,0.03638167066686572,6.698590120214471,6.942296019900435,6.779825420109793,7.160364485220587,6.870926927306021,6.6343730162335435,6.723773899057451
55380,CTG-1,18800,291.0,0.5807560137457045,0.054220205797975436,7.070828754551117,7.454210544785122,7.198622684629119,,7.46927938108484,7.125986708514874,7.132383118728854
55380,CTG-2,18588,293.0,0.5836177474402731,0.03350132704005696,7.091211432097326,7.328776425394209,7.170399763196286,,7.4123371227230415,7.117614714028764,7.140975019037595
55380,CTG-3,18131,282.0,0.599290780141844,0.05576595155775119,7.0774275545302,7.472107036689625,7.208987381916676,,7.428845544563292,7.132832593668317,7.142315245488844
55380,CTG-4,18014,283.0,0.5971731448763251,0.04735030913147346,7.0681229987792795,7.402800807750756,7.179682268436438,,7.416505611723923,7.106730186829391,7.117319045904332
55380,CTG-5,18434,287.0,0.6027874564459931,0.029634956806467026,7.045533737701867,7.254327825697168,7.115131767033635,,7.3357416394113635,7.077460907785979,7.093152572014731
55380,CTG-6,18049,288.0,0.6041666666666666,0.028404370326572302,7.024892408054604,7.224430053517313,7.091404956542173,,7.290643593233521,7.042832036348988,7.058719060667135
55380,CTG-7,18899,286.0,0.6048951048951049,0.03934249322102991,6.973633847835117,7.247993990219515,7.065087228629916,,7.255206170023911,7.016485228114351,7.015093831291516
55380,CTG-8,18933,289.0,0.5951557093425606,0.03718796785598834,7.000739114451031,7.261082375607396,7.087520201503152,,7.265433346131307,7.024316422412852,7.0302720722555065
55382,CCCT2,19167,352.0,0.36079545454545453,0.0003425823870242864,7.088951634592011,7.091380184564489,7.089761151249504,8.315880258899677,6.979741484139629,6.83156934413401,7.156966109480695
55382,CCCT3,19659,351.0,0.37606837606837606,0.0012319399416400793,7.038621952442405,7.047293111959723,7.041512338948179,8.237682550127031,6.954208331239635,6.7772383914018475,7.072716975006228
55382,CCCT4,19369,350.0,0.3171428571428571,0.0264343239652113,7.007334008953159,7.19256814627827,7.069078721394863,8.601993439475157,7.027903062558994,6.765356960078627,7.074101433792522
55386,CT-1,18729,286.0,0.5454545454545454,0.1457138685023866,7.157333493161338,8.200256244611577,7.504974410311418,8.200464914605064,7.794317592068513,7.474528861706913,7.314457702102101
55386,CT-2,19482,281.0,0.5516014234875445,0.14228435194487993,7.259632354147466,8.29256443901542,7.603943049103449,8.075046260601388,7.867328279698697,7.539894103383815,7.390527364872733
55393,1,11930,298.0,0.6409395973154363,0.04877975889022644,6.993880669911291,7.335040482696581,7.107600607506389,,7.250627689974514,7.1377103263976425,7.015022146235573
55393,2,12299,295.0,0.6372881355932203,0.03609187661402385,7.082425317521247,7.338043338209263,7.167631324417253,,7.28558025704617,7.1975874755546805,7.088146315043428
55400,CTG-1,20625,273.0,0.7435897435897436,0.12357656971705634,6.1486732179282155,6.908505162510918,6.401950532789115,,,6.411545805353833,6.1858541237017315
55400,CTG-2,20577,268.0,0.7574626865671642,0.37555762393855213,6.002723473547384,8.257092038433012,6.754179661842594,,,6.667815784198619,6.177866401061014
55406,1,13651,276.0,0.391304347826087,0.5852837200483267,6.496188298906093,10.298301552624263,7.763559383478817,10.611711573088884,8.951737151065887,7.16034628893483,7.011566901621708
55406,2,14093,274.0,0.39416058394160586,0.77364332471804,6.383001811536807,11.321168554695415,8.029057392589676,10.831669294458523,9.523729557216901,7.081649878355884,6.987178463794982
55411,CT1,18798,415.0,0.619277108433735,0.07124278008820144,6.8005954368087345,7.285088761982125,6.962093211866531,7.642745313267281,7.088070861581806,6.95146785513381,6.857236389494723
55411,CT2,19629,418.0,0.6257416267942584,0.05897804307563275,6.796802745107428,7.197664870184953,6.930423453466603,7.386103504163639,7.049149878788375,6.959899490438995,6.8450964272611445
55412,CT1,13182,308.0,0.38636363636363635,0.09040711752881508,6.833687611937873,7.451501611025548,7.039625611633765,7.817752695784773,7.05877768881772,6.897327790973872,6.892389530030172
55412,CT2,12579,310.0,0.38387096774193546,0.10298426243491493,6.796676277649922,7.496626971112582,7.029993175470808,7.774823758878956,7.138409870353566,6.8886581322267055,6.855562111604845
55419,500,22972,371.0,0.6253369272237197,0.4981005406676931,4.952372546639664,7.4191519897087215,5.774632360996016,,5.859821877653014,5.6218741899200175,5.326888344366546
55419,600,23709,374.0,0.6256684491978609,0.48489795720608936,4.9303361608727405,7.321046093619246,5.727239471788242,,5.745854319041154,5.572511654319031,5.288378242865385
55419,700,23692,378.0,0.6190476190476191,0.5432167169545271,5.085606083615295,7.848192324080765,6.006468163770452,,5.949807622675502,5.7659686462763275,5.417038831973499
55419,800,23941,372.0,0.6263440860215054,0.45579252488908956,5.043281042711994,7.341970842894975,5.8095109761063215,,5.750309643489615,5.619359928157857,5.34255875348973
55439,CTGDB1,13424,316.0,0.4525316455696203,0.011046584730265424,7.034466537819493,7.112173368461733,7.06036881470024,7.58863020662022,7.132351474955025,6.923500977336362,7.093571310321
55439,CTGDB2,13425,317.0,0.4479495268138801,0.0121190818505458,6.961161135343805,7.0455240169178746,6.989282095868495,7.547872544294168,7.110047880663035,6.83420166255051,7.0203861202500475
55439,CTGDB3,13895,318.0,0.449685534591195,0.013484286037709875,6.910787868789818,7.003974909158516,6.941850215579385,7.539721162397085,7.0990246229984795,6.795254991823687,6.98598918733863
55440,CTGDB3,15810,313.2900000000009,0.5043250662325627,0.03219903002729483,7.095153185521275,7.323610235990129,7.1713055356775595,7.656258829854775,7.358586149998444,7.117022804272263,7.13326195650307
55455,CC1A,11781,270.0,0.5037037037037037,0.11573656715700999,6.531164280139756,7.287058813461615,6.783129124580376,7.496833270441017,6.989389974834523,6.698898492430439,6.635438908555789
55455,CC1B,11500,268.0,0.4962686567164179,0.12819937733653164,6.629696054489599,7.479618960605625,6.913003689861608,7.651817375544673,7.177917074590533,6.852409701921865,6.71766763700046
55455,CC2A,14256,265.0,0.5245283018867924,0.14764398540832513,6.526331072707456,7.489904602376174,6.847522249263696,7.473944874169298,7.160133335386226,6.798746657921102,6.632834756370178
55455,CC2B,14073,265.0,0.5169811320754717,0.14857587225137112,6.701883292177378,7.697621448039523,7.033796010798093,7.785593943771635,7.361895650204428,6.960634799654053,6.7987609022589925
55463,CT-01,11964,338.0,0.47928994082840237,0.028962717783208736,7.3853429023624475,7.599242504575795,7.456642769766897,7.751874352778737,7.387546584636739,7.311279003224143,7.470778853273198
55463,CT-02,11937,337.0,0.4807121661721068,0.016882663941567656,7.380140863074586,7.504737301107305,7.421673009085492,7.64883338095624,7.322744199565714,7.279590835735094,7.456831257433467
55463,CT-03,11509,337.0,0.4836795252225519,0.02108971004458639,7.432385690047797,7.589132549190438,7.484634643095344,7.74309390122092,7.403608411090512,7.348852305096143,7.513852388721477
55463,CT-04,12398,348.0,0.46839080459770116,0.006019594273977721,7.515335389388179,7.560574659265163,7.530415146013842,7.7305659268949265,7.3627889552615615,7.380714024748377,7.560963273235885
55464,CTG1,19398,263.0,0.41825095057034223,0.40313872838052084,8.985883266964104,12.60844082058381,10.193402451504005,12.359279152910586,11.3626050106284,9.882366977490905,9.412617463433122
55464,CTG2,21100,251.0,0.41832669322709165,0.37599246171034517,8.737281068736937,12.022432886426536,9.832331674633469,11.847204675436586,11.13254896365792,9.734961714778072,9.119147381382856
55464,CTG3,20946,257.0,0.45525291828793774,0.4204152928860567,9.116564539987598,12.949307691181122,10.39414559038544,12.527830364502123,11.87666544844173,10.207753942922672,9.536893601764833
55464,CTG4,21616,254.0,0.452755905511811,0.45933851011963467,8.63759170142973,12.605170204586184,9.960117869148549,12.127004934644217,11.476908089064564,9.75463982614359,9.132228271845126
55464,CTG5,21863,248.0,0.532258064516129,0.5270477609846758,7.902987551817315,12.068239446092393,9.291404849909007,10.744087070950762,10.553484617419585,9.114660394992148,8.418957401875165
55467,CTGEN1,18402,284.0,0.6126760563380281,0.11350214353306219,7.353242119162336,8.187850861604858,7.631445033309843,,7.855962614015991,7.529375164507355,7.469055446539754
55467,CTGEN2,17848,285.0,0.6070175438596491,0.10024036521662316,7.3529501453736374,8.090012553365513,7.598637614704264,,7.843777208873179,7.517700476412691,7.457567584193187
55467,CTGEN3,17465,283.0,0.607773851590106,0.08935869211143992,7.321384683858592,7.975614043652924,7.539461137123371,,7.984297778065077,7.4354721033844,7.407994608445187
55470,EPN802,23969,184.0,0.7119565217391305,0.8114284361863611,10.863434089182846,19.67833342378209,13.801733867382593,,14.253567186340014,13.177046708206364,11.786926203890447
55481,5,19429,316.0,0.47468354430379744,0.03084333097947844,7.041451655234596,7.2586334792129925,7.1138455965607275,7.518470275922003,7.137913257322663,6.969830177532909,7.071121707143995
55481,6,18746,315.0,0.47619047619047616,0.008725540896501004,7.025484229039244,7.086785378997449,7.04591794569198,7.387456110567417,7.016319453604069,6.893843935219507,7.047398724591044
55501,CTGDB1,14290,331.0,0.41389728096676737,0.045742984488436514,7.5936088353637565,7.940963166531056,7.709393612419524,8.213984107470418,7.6459835689187035,7.555505540371493,7.729892835504392
55501,CTGDB2,14016,336.0,0.40773809523809523,0.052500725188078794,7.590882316650467,7.98940914309198,7.7237245921309725,8.274592144225418,7.6750029217797815,7.59394068331968,7.727542931021617
55501,CTGDB3,13734,330.0,0.4121212121212121,0.048987045404922616,7.670014561639189,8.045745913226625,7.795258345501668,8.333713019653613,7.682935432431976,7.609812719055607,7.793122478495851
55501,CTGDB4,10921,328.0,0.4115853658536585,0.0499905341288421,7.673938589597737,8.057562878563662,7.801813352586379,8.40487553423255,7.732477181792391,7.633634433408191,7.808323778995267
55502,1,23028,314.0,0.4968152866242038,0.01162291173577992,7.229010309554441,7.3130324583194355,7.257017692476107,7.881963891493029,7.407614037516439,7.204778741581504,7.244338093125534
55502,2,23260,317.0,0.48637223974763405,0.0035809616746607627,7.1527168375931955,7.178330442458317,7.161254705881569,7.792288886071823,7.312044138140244,7.10333740626924,7.16135588027928
55502,3,22469,318.0,0.48226415094339625,0.0011690628467615092,7.155193231457665,7.163558102025961,7.157981521647097,7.762464644540737,7.31185598242857,7.101406579491146,7.169080740369084
55502,4,22901,313.0,0.48881789137380194,0.001919954783741286,7.11785797534258,7.131523940812331,7.12241329716583,7.676443953823414,7.248296412693546,7.063994108463344,7.137857942719946
55503,1,23016,333.0,0.5285285285285285,0.009345940311354772,6.836630563072087,6.900525304245342,6.857928810129839,7.30052831783601,7.0218806013109525,6.8205636024170735,6.85966850561609
55503,2,21046,331.0,0.525679758308157,0.019081221978456554,6.828066266602694,6.958354114719351,6.871495549308247,7.317365386303989,7.014240357478834,6.82729912745967,6.863788055537769
55503,3,21123,330.0,0.5272727272727272,0.01504757116237782,6.825262034648423,6.927965650816671,6.859496573371171,7.283913608639136,7.0099661021620205,6.816843144654877,6.852850695233752
55514,CTG01,12760,260.0,0.5384615384615384,0.16642820446219922,6.468666267129166,7.545234779232669,6.827522437830333,7.516338577934125,7.163624612306154,6.775788614683289,6.571683201043627
55514,CTG02,12642,265.0,0.5207547169811321,0.17940685099109618,6.782651030865257,7.999505093684306,7.18826905180494,7.969351432346974,7.454204120277424,7.125452494763413,6.900134537351527
55518,CTG1,13701,293.0,0.5767918088737202,0.09186446105265501,6.9871296972519215,7.6289986011949695,7.20108599856627,,7.322245937067196,7.159620262931991,7.051024072842437
55518,CTG2,13834,293.0,0.5767918088737202,0.10181694397132435,6.956931014637787,7.66526446996753,7.193042166414369,,7.285931395809905,7.149922644252574,7.009407892481229
55518,CTG3,14035,295.0,0.576271186440678,0.09470718297826299,7.006467643148826,7.670030456259801,7.227655247519151,,7.325861963634026,7.261865881670443,7.063661806138476
55620,1-1,18668,316.8199999999997,0.6375860109841556,0.04057815188452208,6.783867941968007,7.059144765681725,6.875626883205914,7.303523044455033,7.092753576491816,6.809606633550258,6.823352496486794
55656,CT001,12820,236.0,0.5635593220338984,0.1649486753097488,8.575938175418113,9.990527816991635,9.047468055942621,11.426251909692752,9.590391165668695,9.00499485798851,8.654549919264518
55656,CT002,12153,236.0,0.5677966101694916,0.16127336593114053,8.49096146118518,9.860327396022107,8.947416772797487,,9.46820423616085,8.803579556932194,8.550795003295105
55656,CT004,13403,266.0,0.5864661654135338,0.1102852948776547,7.321209266007324,8.12863098876996,7.590349840261536,,8.049982283669712,7.5075665835608865,7.357568408921689
55661,1,5283,303.0,0.5907590759075908,0.06990367539802787,7.135481187452406,7.6342775481888125,7.301746641031207,,7.467926317640556,7.2534600506232385,7.180853809739669
55661,2,5159,298.0,0.5906040268456376,0.06163106849797303,7.070426218718494,7.506184141314199,7.21567885958373,,7.753967545034986,7.177222948256282,7.106641832907341
55662,CT1,14969,256.0,0.6328125,0.19014197408572414,6.899354158699175,8.211210978350787,7.3366397652497115,,7.64210808065393,7.289320515437588,7.042764288501194
55662,CT2,16534,256.0,0.62890625,0.18580336295400166,6.764895844299293,8.021836242203651,7.183875976934078,,7.461508234967481,7.154926255291312,6.906289348494185
55664,GT-1,17497,284.0,0.6302816901408451,0.03118680225917957,6.993559556118526,7.211666315082989,7.06626180910668,,7.183881156673707,7.0300578490942,7.011992021209405
55664,GT-2,17346,289.0,0.6332179930795848,0.04670898533747689,6.797412946208352,7.114913207845574,6.903246366754092,,7.043554262714745,6.8712836690684576,6.820351548114783
55667,CT01,20894,333.0,0.5765765765765766,0.0523717670940848,6.7879072856267735,7.143401985045861,6.906405518766469,,7.04329872858445,6.852785793377506,6.829684209612715
55667,CT02,21577,331.0,0.5770392749244713,0.05149810794952522,6.78886159218157,7.138475119310122,6.905399434557754,,7.035565247175042,6.8495262189073705,6.823348320893415
55687,BHG1,14329,296.0,0.44594594594594594,0.06630576008935987,7.069410415341831,7.538153046314708,7.225657958999457,7.783969712788491,7.280007549002062,7.134019504442679,7.191683801843252
55687,BHG2,14522,290.0,0.4482758620689655,0.06143587427635484,7.043044786215876,7.47574040022457,7.187276657552108,7.66276313671272,7.2008723058227035,7.044267332364874,7.131469567030924
55701,CT01,19185,363.0,0.39944903581267216,0.12862280385683422,6.74054222691369,7.607529667654718,7.029538040494033,8.991572877821547,6.720513438195393,6.52619455859289,6.968777726481136
55701,CT02,18753,361.0,0.4099722991689751,0.12473634695728156,6.7504650436753275,7.5924933934862135,7.031141160278955,8.882741641496295,6.816057755772577,6.619510026703234,6.983429658394043
55706,CTG1,18392,299.0,0.4983277591973244,0.88098414463313,6.2817188270631155,11.815813514749143,8.12641705629179,10.156819141078401,10.918905629605181,6.7933510523358835,6.94930318832717
55706,CTG2,18749,295.0,0.5050847457627119,0.7737573822694155,6.46877382760884,11.474035330952361,8.137194328723348,9.92031256685636,10.3121200353417,6.940745223829409,7.059236473152081
55706,CTG3,16465,295.0,0.5084745762711864,0.7347899532745807,6.47831781956788,11.238520667506045,8.065052102213935,9.491201220243706,10.753240587599668,6.937934867544932,7.060886763712624
55710,3,22999,204.0,0.6421568627450981,0.23710648878004043,8.884551257574316,10.991136010644054,9.58674617526423,,10.07842244928327,9.379552349432895,9.12015218265905
55710,4,22808,204.0,0.6568627450980392,0.2084535339839976,9.289097546161964,11.225442757181504,9.934545949835142,,10.412713904270852,9.731983893274124,9.473442478447208
55714,SN-01,17401,417.0,0.6858513189448441,0.1002414608261067,6.225333340062929,6.849369848200303,6.433345509442054,,6.5439902866157365,6.371416644215026,6.321347066595021
55714,SN-02,15443,405.0,0.7234567901234568,0.10960088628620794,6.164174785339519,6.839773805035826,6.389374458571623,,6.485296793048056,6.297668018822577,6.266522862594963
55801,1,20702,305.0,0.6524590163934426,0.049464158769053176,6.800442076828624,7.136820223416626,6.912568125691293,7.521769302907158,7.18339662948018,6.876491731934441,6.834295826919727
55801,2,19688,307.0,0.6636482084690554,0.05672333926706559,6.839853534523498,7.227832867099312,6.969179978715436,7.57003367003367,7.233018694774377,6.943855125507896,6.86713006128271
55801,3,20995,306.0,0.6437908496732027,0.06138588101386779,6.68628268571962,7.096726039090289,6.8230971368431765,7.433510895883777,7.089735747492048,6.80937375438012,6.7120284482767385
55835,1,16434,318.0,0.3490566037735849,0.06620236325160374,7.570930121276731,8.072143587318003,7.738001276623823,8.182147158744133,7.733475688426659,7.652775367259654,7.677255945078796
55835,2,16701,318.0,0.3522012578616352,0.07195388692627522,7.580285009853038,8.125715980320944,7.762095333342341,8.250355483629479,7.808721168085471,7.67453035623367,7.68711638854522
55841,A01,13653,288.0,0.5,0.04879398799428425,7.170453449567619,7.520328469099395,7.287078456078211,7.740119476497527,7.3948588534442345,7.20093356233319,7.252986409089271
55841,A03,12899,282.0,0.5283687943262412,0.04768754577814292,7.232460683069166,7.577358982981646,7.347426783039993,7.738876017792372,7.44711892996971,7.250805673863024,7.318980556988402
55927,CT01,20700,320.0,0.509375,0.020343609630525235,6.929141412358655,7.070105160326385,6.976129328347898,7.3832481467354345,7.036207025132374,6.855474963744232,7.0350391451809875
55927,CT02,21397,317.0,0.5141955835962145,0.015991927521342562,6.951572572368431,7.062741617105099,6.988628920613987,7.338720853948557,7.051528893010611,6.852749397257269,7.069950407200378
55927,CT03,20644,318.0,0.5062893081761006,0.02037020720151813,6.892922019675253,7.033332269439945,6.939725436263482,7.327181690972154,6.995654093879009,6.817219010891079,7.002207766449742
55970,2,12984,302.0,0.46688741721854304,0.1683057116503546,6.698542061969739,7.82594495072939,7.074343024889623,9.97131845339442,7.480581075805772,6.9376314606541545,6.791980152582313
55970,3,8057,300.0,0.47,0.1615884910507907,6.683379140382597,7.763336290797351,7.043364857187515,9.995882732790907,7.217088112439963,6.916064492377969,6.7672885040671105
55976,CT101,19301,199.5,0.6616541353383458,0.2904657248958391,10.769412203489676,13.897557325878399,11.812127244285916,12.260385055162397,11.085717299578059,11.20247704268272,10.88480900652181
55976,CT201,19815,199.0,0.5527638190954773,0.15439928463206162,11.028323598912149,12.73108887327507,11.595912023699787,12.265738787744226,11.286274061368402,11.1966726741873,10.960067376546448
55976,CT301,19542,199.0,0.6934673366834171,0.2136669149353699,11.01571789355002,13.369412351663204,11.800282712921081,12.53666400921251,11.290746866700834,11.325554087157153,10.988916899754749
55985,CTG1,6514,281.0,0.5480427046263345,0.08257803617764836,6.789136845136498,7.349770433149185,6.976014707807393,7.412466233923316,7.15013045832718,6.903469448793962,6.854637475495334
55985,CTG2,8745,283.0,0.5477031802120141,0.08915843548662128,6.756862311838162,7.3592935843601675,6.957672736012163,7.387143211715066,7.137473085304902,6.914314551131726,6.82729843430888
56031,CTG-1,21414,327.0,0.48623853211009177,0.026243766278427158,6.723636035306683,6.9000895679584815,6.782453879523948,7.386330563861806,6.939739996623333,6.706711096116428,6.7414396303724144
56046,1,19946,258.0,0.38372093023255816,0.18042941243433783,6.829821510963664,8.06212219321824,7.2405884050485225,8.312025033885037,7.554193467424676,7.077866127109012,6.97289743344428
56102,CTG1A,20619,264.0,0.5681818181818182,0.04119231468188574,7.11204008134179,7.405001474402605,7.2096938790287295,,7.367323297135842,7.1148015027127585,7.413857794916656
56102,CTG1B,21206,264.0,0.5681818181818182,0.054534962407772974,7.019405003592063,7.40220799158789,7.147005999590672,,7.317883786354432,7.070632568040578,7.265445900491787
56104,CT-1,11530,365.0,0.5232876712328767,0.02487794155785178,7.328090291467161,7.510398093468942,7.388859558801088,7.620657834142195,7.479740922755267,7.323085549253266,7.387726863263499
56196,CTG7A,17107,283.0,0.519434628975265,0.15315208799581473,6.554130969692528,7.557909812698972,6.888723917361343,7.5353505824203975,7.218454875840499,6.768175348257925,6.618808208018005
56196,CTG7B,17318,280.0,0.38571428571428573,0.28058956403907764,6.500020481752246,8.323858394972184,7.107966452825558,7.990489288297154,8.16975426838998,7.036172582645062,6.617202113869147
56237,CT01,22194,262.0,0.6564885496183206,0.12475175407500216,6.869204627331206,7.726149953690896,7.154853069451104,,7.470824322067619,7.11640994488563,7.042067483587137
56237,CT02,20120,267.0,0.6441947565543071,0.10469949705272838,6.880538368582564,7.600927275225158,7.120668004130094,,7.38905739331967,7.080786625458333,7.02838437494939
56237,CT03,20470,311.0,0.5884244372990354,0.029710548784336054,6.791373456480751,6.993148888872167,6.858631933944556,,6.958222740616542,6.811490808687099,6.891757793590058
56237,CT04,19124,308.0,0.5909090909090909,0.011957374061038053,6.852238056205975,6.934172829799309,6.879549647403754,,6.989391826775206,6.834477154683853,6.943816867988266
56259,CT-1,15517,310.0,0.5387096774193548,0.021148879075988152,7.112103117173119,7.262516125974172,7.162240786773469,7.338278218689411,7.231887573120274,7.108371307036333,7.160238748795516
56259,CT-2,17206,313.0,0.5335463258785943,0.01587169002352202,7.139955187431818,7.253278342948573,7.177729572604069,7.356402193212169,7.233169684652799,7.120054965935105,7.195803071152269
56400,1,22958,307.0,0.5244299674267101,0.0049221133093092515,7.16388602217354,7.199147480909654,7.175639841752244,7.64817243332128,7.295305076971323,7.056134404132304,7.212408454910081
56458,HOBB1,20091,299.0,0.5652173913043478,0.07163260061166041,7.190688357180341,7.705776064393156,7.362384259584612,9.155882352941175,7.568231802484915,7.306735573793237,7.213457588322075
56458,HOBB2,20068,294.0,0.5510204081632653,0.048931281285434815,7.219905479364814,7.573184705229866,7.337665221319831,9.78421849549198,7.448790133951364,7.210951621610192,7.183979716277601
56467,CT1,6447,315.0,0.5873015873015873,0.04740764511469687,7.008817344791716,7.341088870147334,7.119574519910255,,7.417351806064341,7.105797496790758,7.027522972097405
56467,CT2,6312,314.0,0.5923566878980892,0.051400808175770064,6.934121739121959,7.290541200502003,7.05292822624864,,7.355626866108541,7.081317220543806,6.9759840728475195
56476,GT1,15734,288.0,0.65625,0.007949755789603193,7.113002365441876,7.1695489971780075,7.131851242687252,7.992159959567882,7.425788190817291,7.13522097011671,7.132192598309514
56476,GT2,15673,286.0,0.6518881118881119,0.03651996401627052,7.0702166227302,7.328420679379546,7.156284641613316,8.018708240534522,7.4565623572185435,7.133203357834834,7.086138395286009
56532,CT1,13609,324.0,0.5617283950617284,0.009938394709964923,7.109344037317028,7.179999504488821,7.1328958597076255,,7.34138558126198,7.070839272039379,7.124917518838733
56565,CTG-6A,19420,185.9300000000003,0.5808637659334149,0.13288552036080833,10.486620898884961,11.880140973859817,10.951127590543246,,11.297307509229674,10.808464355431806,10.632218483869131
56565,CTG-6B,19628,188.0,0.574468085106383,0.14562280718974657,10.374368765998991,11.885113468525391,10.87795033350779,,11.237514603435594,10.752084368040025,10.559845501719177
56610,1,9796,306.0,0.4738562091503268,0.0656546288681517,7.574321126888949,8.071610369403043,7.740084207726981,8.218897794982404,7.842554078669194,7.610684585069659,7.657900326297259
56798,U1,14732,319.0,0.6426332288401254,0.006470802318812029,6.844648726453703,6.888939095304294,6.859412182737233,,6.971886072499319,6.826800986026568,6.850397691391479
56806,CBY41,12375,183.0,0.5792349726775956,0.10732399588651743,9.893981660888148,10.955843307962589,10.247935543246294,,10.795097677447362,10.466985790761832,10.159837876778523
56806,CBY42,12362,184.0,0.5815217391304348,0.12074861739007706,9.915461021606752,11.11273923075097,10.314553757988158,,10.852105961004339,10.496018834476208,10.212198774098749
56807,1A,16239,329.0,0.513677811550152,0.027036822057964063,6.725673620056242,6.907514460941646,6.786287233684711,7.264760132573978,6.865268446973008,6.713579243892343,6.76806857615726
56807,1B,15238,326.0,0.5122699386503068,0.02678820858166358,6.696007127691557,6.875381163292464,6.7557984728918585,7.943411680911681,6.932632779515638,6.667837705395881,6.735145381560224
56846,GT1,14794,373.0,0.353887399463807,0.1486016688059124,7.584472734079771,8.711538039376967,7.9601611691788365,8.08040022251996,8.068355083165871,8.322628595464082,6.898840802298839
56846,GT2,14923,373.0,0.3512064343163539,0.15132488446546927,7.519202751065097,8.657045238642462,7.898483580257553,8.045052762383378,8.020553929481881,8.2828867162209,6.837364787483904
56963,E101,6578,381.65999999999985,0.40753550280354256,0.06555280849087004,7.037245563203428,7.498556773911329,7.191015966772729,7.709778653115147,7.205694673723053,7.078929962127273,7.0819956711777525
56963,E102,6014,384.0,0.40625,0.07247089002875319,7.020411269253791,7.529186722304502,7.190003086937362,7.730920162916683,7.216735755558227,7.070456891855339,7.0694281857811205
57028,CT1,17270,318.0,0.6132075471698113,0.100265965696618,6.655440148235943,7.322754281834862,6.877878192768915,,6.973447498324091,6.821383295492612,6.7227385159191675
57349,1,7654,317.0,0.5236593059936908,0.09041052139426418,6.724321054568321,7.332270427134272,6.9269708454236385,7.67381750260946,6.989866152105668,6.77730014772535,6.720561645540493
57664,CT3,18612,313.0,0.5399361022364217,0.036143526882706965,7.353948871806422,7.619746520548611,7.442548088053819,7.8288607789994655,7.680111172215995,7.267133808495695,7.3777032109728236
57664,CT4,18313,313.0,0.5399361022364217,0.04033351532382808,7.260555981585696,7.553399727528495,7.358170563566628,7.806754075504076,7.596873571470638,7.219579129163003,7.287718007297807
57794,CTG01A,20428,382.0,0.6375392670157068,0.0913914286992123,6.64784300416367,7.2553988740822515,6.850361627469864,7.472424757656724,7.008319618711572,6.77676616492934,6.681603198725013
57794,CTG01B,19528,383.0,0.6344647519582245,0.10007708122496532,6.623436594649141,7.286290796720251,6.8443879953395115,7.4572986839170206,6.997592698231604,6.771362334150116,6.668762675832633
57839,1,15570,372.0,0.4435483870967742,0.07008424728689136,6.3299671714039984,6.7735981559625795,6.477844166256858,7.085387617597227,6.5496308157060525,6.301550448261039,6.390341754191377
57839,2,16410,377.0,0.4482758620689655,0.08418309963086645,6.492732357258465,7.039310692166104,6.674925135561011,7.33015381573186,6.782265980115779,6.518286607068868,6.562285691269738
57978,CT1,9162,201.0,0.6218905472636815,0.1766122247040583,10.323935464725126,12.147268674851356,10.931713201433869,,11.413134733408855,10.828034918763104,10.429613428213054
58001,CTG1,17872,386.0,0.5492227979274611,0.062098020069295136,7.476391967324909,7.940661105757767,7.631148346802527,8.324516712227316,7.78529796264001,7.621056725059702,7.589412441241267
58001,CTG2,17510,378.0,0.5529100529100529,0.016752513459306086,7.580808030953585,7.7078056195245495,7.623140560477239,8.337710541043093,7.684261326264176,7.641364115210835,7.680586934481891
58001,CTG3,15562,378.0,0.5264550264550265,0.027308610224635408,7.6496537039568935,7.858555115311692,7.719287507741826,7.939366154251726,7.805947055064079,7.658568166401572,7.678643071424266
58001,CTG4,15586,387.0,0.524547803617571,0.005812282869922301,7.535727422738712,7.5795272021503,7.550327349209241,7.678093638140414,7.574387119393727,7.4207026539511025,7.542856872835015
58005,CTG1,14416,383.0,0.5483028720626631,0.0020016403968838702,7.105780986571419,7.120004204845551,7.110522059329463,7.290125800767643,7.130272783243749,7.106678151771291,7.110385093397106
58079,U001,14798,360.0,0.4361111111111111,0.12254618177102795,6.330418799194745,7.106187452047597,6.589008350145695,7.29246399382371,6.797690223727779,6.503307854204221,6.412096016486278
58079,U002,15138,363.0,0.43526170798898073,0.13320572845881073,6.3109718849172305,7.151629492130703,6.59119108732172,7.322348678077011,6.820529289910556,6.536960706063374,6.402482192121376
58215,01A,19587,348.0,0.2614942528735632,0.17018176956144543,6.7608362702065845,7.911407350385544,7.144359963599571,9.114427566484549,7.339213874475797,6.849275785979669,6.889543309271689
58215,01B,19535,348.0,0.2672413793103448,0.24050810497343839,6.697379971440349,8.30815413665853,7.234304693179743,9.789950242241718,7.419854793880043,6.879957160385334,6.884074490167385
58215,01C,20113,347.0,0.25936599423631124,0.24178876253519685,6.670598806690462,8.28347463752891,7.208224083636611,9.720164425158018,7.42159536328872,6.802889606472669,6.840809407907808
58236,CT1,13360,363.0,0.4986225895316804,0.12263754423731342,7.064704232761482,7.9311022106303035,7.3535035587177555,8.144894745566054,7.596818445864427,7.235153056201226,7.121534567752697
58236,CT2,13201,355.0,0.5070422535211268,0.11493409140333959,7.121881460234653,7.940428434949013,7.394730451806105,8.325534694913104,7.73371188695864,7.343859147482966,7.270071462538306
58557,1,17437,327.0,0.3333333333333333,0.03628121461450192,6.943278740325969,7.195189326432044,7.02724893569466,7.578571203974467,7.01375749640033,6.853220883381028,7.007543523833106
58697,01A,18475,346.0,0.3699421965317919,0.0708976624126024,6.8468497563972495,7.332275399016111,7.00865830393687,7.557823442460077,7.06773399934295,6.911400019898711,6.942701743538703
58697,01B,18564,352.0,0.3664772727272727,0.06860582246658557,6.7604903105035286,7.2242993085330065,6.9150933098466885,7.441693641202705,6.956320317889933,6.822652234096025,6.852404557973322
59004,CT1,17201,398.0,0.4547738693467337,0.10490882139703238,6.656090857432413,7.35437350439721,6.8888517397540125,7.6840333596854045,7.1109738128725475,6.768098001658137,6.732587443901424
59004,CT2,18486,398.0,0.4547738693467337,0.10506176918096015,6.695026674232363,7.398418021340935,6.9294904566018865,7.670618747684328,7.1305063107278555,6.823397653432798,6.775027372834742
59338,1CTGA,12679,279.0,0.4014336917562724,0.05621363277292114,7.034448781403196,7.429880701960918,7.166259421589103,7.797979304447973,7.262947564964504,7.080795130257312,7.070729635265654
59338,1CTGB,13456,283.0,0.392226148409894,0.04986305000754413,7.142218709387862,7.498351518058887,7.260929645611537,7.900883104095511,7.326297626317235,7.155998628507222,7.1938809686915635
59784,3CTGA,14891,283.0,0.38515901060070673,0.1169633649596991,6.814212705842798,7.611225953469308,7.079883788384968,7.737781638239629,7.259059307155969,7.0029968214771365,6.921782662683923
59784,3CTGB,16232,282.0,0.475177304964539,0.11899403884774386,6.7870083623091,7.5946218990336725,7.056212874550624,7.735752524386132,7.275670489789068,6.995185794479724,6.877096026686232
60302,11,18911,391.0,0.37084398976982097,0.10661242219654007,6.9922515120750335,7.737712382384772,7.240738468844946,7.914643573976751,7.3423973239174884,6.958242011009577,7.077422588773421
60302,12,17823,392.0,0.38010204081632654,0.10627249043578108,6.988139358751786,7.730786331918641,7.235688349807406,7.8989179604295225,7.334438306722273,6.966394607081157,7.070369048405278
60368,CT1,22585,374.0,0.5213903743315508,0.05919403389579596,6.781019285641463,7.182415171083769,6.914817914122231,7.573624161073824,7.142524524869077,6.880291051009534,6.81883963882926
60368,CT2,22625,373.0,0.5388739946380697,0.06452836544503476,6.805221596850038,7.244351422986021,6.951598205562034,7.596188871428842,7.415079918318476,6.889607199029928,6.848592346337847
60368,CT3,22033,372.0,0.521505376344086,0.07551239904993177,6.7263169432222085,7.234237272375121,6.895623719606513,7.52158631415241,7.334946223017052,6.837158705587497,6.7723174117514615
60768,2CTGA,17171,279.0,0.4659498207885305,0.11440653393187007,6.877758958764178,7.664619522455255,7.1400458133278715,7.9025997299912785,7.353030272329389,7.045120582679467,6.980984823547566
60768,2CTGB,16437,281.0,0.48398576512455516,0.08785611299618461,6.909528103397407,7.516572385199802,7.111876197331538,7.749963547404575,7.300521359139289,7.022178699458461,6.986869836066329
60903,1,2729,346.0,0.4161849710982659,0.12913830654846853,6.701283015124323,7.566675355399494,6.98974712854938,7.863029293071255,,6.845422043293425,6.802271860443306
60903,2,2338,346.0,0.407514450867052,0.10871294982549083,6.668419068851242,7.393362576498613,6.9100669047337,7.632531382549413,7.023617705169413,6.790949744091393,6.768607181284024
