cluster_id,slope_category,capacity_limit_mw,connect_cost_per_mw,mean_capacity_factor,screened_acres_5acmw,built_mw_basecase,built_acres_5acmw
Oahu_CentralTrackingPV_Reference_wSlope_Flat_PV_01,Flat,313.29,32050.0,0.2635,1566.0,313.29,1566.0
Oahu_CentralTrackingPV_Reference_wSlope_Flat_PV_02,Flat,248.87,27107.0,0.263,1244.0,248.87,1244.0
Oahu_CentralTrackingPV_Reference_wSlope_Flat_PV_03,Flat,68.97,22643.0,0.2561,345.0,68.97,345.0
Oahu_CentralTrackingPV_Reference_wSlope_Flat_PV_04,Flat,70.72,16132.0,0.2732,354.0,70.72,354.0
Oahu_CentralTrackingPV_Reference_wSlope_Flat_PV_05,Flat,47.02,10304.0,0.284,235.0,47.02,235.0
Oahu_CentralTrackingPV_Reference_wSlope_Flat_PV_06,Flat,5.86,754.0,0.2139,29.0,5.86,29.0
Oahu_CentralTrackingPV_Reference_wSlope_Flat_PV_07,Flat,276.12,10789.0,0.2564,1381.0,276.12,1381.0
Oahu_CentralTrackingPV_Reference_wSlope_Flat_PV_08,Flat,318.14,17947.0,0.2575,1591.0,318.14,1591.0
Oahu_CentralTrackingPV_Reference_wSlope_Flat_PV_09,Flat,275.15,36275.0,0.2645,1376.0,275.15,1376.0
Oahu_CentralTrackingPV_Reference_wSlope_Flat_PV_10,Flat,338.98,25484.0,0.2533,1695.0,338.98,1695.0
Oahu_CentralTrackingPV_Reference_wSlope_Flat_PV_11,Flat,186.18,32396.0,0.264,931.0,186.19,931.0
Oahu_CentralTrackingPV_Reference_wSlope_Flat_PV_12,Flat,118.98,36774.0,0.2749,595.0,118.98,595.0
Oahu_CentralTrackingPV_Reference_wSlope_Flat_PV_13,Flat,248.99,35871.0,0.2643,1245.0,248.99,1245.0
Oahu_CentralTrackingPV_Reference_wSlope_Flat_PV_14,Flat,41.51,25351.0,0.2134,208.0,41.51,208.0
Oahu_CentralTrackingPV_Reference_wSlope_Flat_PV_15,Flat,218.65,13214.0,0.2102,1093.0,218.65,1093.0
Oahu_CentralTrackingPV_Reference_wSlope_Flat_PV_16,Flat,153.59,20038.0,0.2339,768.0,153.59,768.0
Oahu_CentralTrackingPV_Reference_wSlope_Flat_PV_17,Flat,10.15,25211.0,0.2108,51.0,10.15,51.0
Oahu_CentralTrackingPV_Reference_wSlope_Flat_PV_18,Flat,0.28,15601.0,0.1476,1.0,0.0,0.0
Oahu_CentralTrackingPV_Reference_wSlope_Moderate_PV_01,Moderate,85.6,30942.0,0.2513,428.0,85.6,428.0
Oahu_CentralTrackingPV_Reference_wSlope_Moderate_PV_02,Moderate,24.44,26913.0,0.2633,122.0,24.44,122.0
Oahu_CentralTrackingPV_Reference_wSlope_Moderate_PV_03,Moderate,75.27,22356.0,0.2538,376.0,3.09,15.0
Oahu_CentralTrackingPV_Reference_wSlope_Moderate_PV_04,Moderate,29.92,17502.0,0.272,150.0,29.92,150.0
Oahu_CentralTrackingPV_Reference_wSlope_Moderate_PV_05,Moderate,1.1,11097.0,0.2792,5.0,1.1,5.0
Oahu_CentralTrackingPV_Reference_wSlope_Moderate_PV_06,Moderate,1.43,1247.0,0.2098,7.0,1.43,7.0
Oahu_CentralTrackingPV_Reference_wSlope_Moderate_PV_07,Moderate,41.09,9952.0,0.2418,205.0,41.09,205.0
Oahu_CentralTrackingPV_Reference_wSlope_Moderate_PV_08,Moderate,126.63,18254.0,0.2586,633.0,126.63,633.0
Oahu_CentralTrackingPV_Reference_wSlope_Moderate_PV_09,Moderate,72.06,33095.0,0.2508,360.0,72.06,360.0
Oahu_CentralTrackingPV_Reference_wSlope_Moderate_PV_10,Moderate,62.17,25760.0,0.2468,311.0,62.17,311.0
Oahu_CentralTrackingPV_Reference_wSlope_Moderate_PV_11,Moderate,28.81,31757.0,0.2647,144.0,28.81,144.0
Oahu_CentralTrackingPV_Reference_wSlope_Moderate_PV_12,Moderate,52.51,36699.0,0.2693,263.0,52.51,263.0
Oahu_CentralTrackingPV_Reference_wSlope_Moderate_PV_13,Moderate,67.14,34608.0,0.2548,336.0,67.14,336.0
Oahu_CentralTrackingPV_Reference_wSlope_Moderate_PV_14,Moderate,9.29,26961.0,0.2397,46.0,9.29,46.0
Oahu_CentralTrackingPV_Reference_wSlope_Moderate_PV_15,Moderate,64.57,15120.0,0.2196,323.0,64.57,323.0
Oahu_CentralTrackingPV_Reference_wSlope_Moderate_PV_16,Moderate,53.4,18961.0,0.2324,267.0,53.4,267.0
Oahu_CentralTrackingPV_Reference_wSlope_Moderate_PV_17,Moderate,2.99,25783.0,0.2108,15.0,2.99,15.0
Oahu_CentralTrackingPV_Reference_wSlope_Moderate_PV_18,Moderate,1.04,15613.0,0.1476,5.0,0.0,0.0
Oahu_CentralTrackingPV_Reference_wSlope_Steep_PV_01,Steep,139.45,31896.0,0.253,697.0,139.45,697.0
Oahu_CentralTrackingPV_Reference_wSlope_Steep_PV_02,Steep,37.31,26229.0,0.2612,187.0,0.0,0.0
Oahu_CentralTrackingPV_Reference_wSlope_Steep_PV_03,Steep,181.32,22115.0,0.2522,907.0,0.0,0.0
Oahu_CentralTrackingPV_Reference_wSlope_Steep_PV_04,Steep,48.74,17094.0,0.2719,244.0,48.74,244.0
Oahu_CentralTrackingPV_Reference_wSlope_Steep_PV_05,Steep,0.54,11049.0,0.2792,3.0,0.54,3.0
Oahu_CentralTrackingPV_Reference_wSlope_Steep_PV_06,Steep,3.04,1509.0,0.2151,15.0,3.04,15.0
Oahu_CentralTrackingPV_Reference_wSlope_Steep_PV_07,Steep,86.49,10599.0,0.2383,432.0,86.49,432.0
Oahu_CentralTrackingPV_Reference_wSlope_Steep_PV_08,Steep,257.49,17888.0,0.2608,1287.0,257.49,1287.0
Oahu_CentralTrackingPV_Reference_wSlope_Steep_PV_09,Steep,176.38,32010.0,0.2437,882.0,73.89,369.0
Oahu_CentralTrackingPV_Reference_wSlope_Steep_PV_10,Steep,131.26,25279.0,0.2449,656.0,131.26,656.0
Oahu_CentralTrackingPV_Reference_wSlope_Steep_PV_11,Steep,72.59,31601.0,0.2644,363.0,72.59,363.0
Oahu_CentralTrackingPV_Reference_wSlope_Steep_PV_12,Steep,145.83,36662.0,0.2681,729.0,145.83,729.0
Oahu_CentralTrackingPV_Reference_wSlope_Steep_PV_13,Steep,162.71,34111.0,0.2484,814.0,162.71,814.0
Oahu_CentralTrackingPV_Reference_wSlope_Steep_PV_14,Steep,25.53,25819.0,0.226,128.0,25.53,128.0
Oahu_CentralTrackingPV_Reference_wSlope_Steep_PV_15,Steep,122.65,15292.0,0.2191,613.0,122.65,613.0
Oahu_CentralTrackingPV_Reference_wSlope_Steep_PV_16,Steep,115.41,18816.0,0.2372,577.0,115.42,577.0
Oahu_CentralTrackingPV_Reference_wSlope_Steep_PV_17,Steep,0.7,25949.0,0.2108,4.0,0.7,4.0
Oahu_CentralTrackingPV_Reference_wSlope_Steep_PV_18,Steep,2.75,15607.0,0.1476,14.0,0.0,0.0
