scenario,total_cost_npv,mipgap,solved_at_hst
C1_LSFO250_highbrent,28634805977.84,0.001,2026-07-17 13:16
C1_LSFO250_highbrent,28673246281.24,0.0025,2026-07-16 15:28
C1_LSFO250_highbrent_adv,26937269469.19,0.001,2026-07-18 14:59
C1_LSFO250_highbrent_adv,26958168978.63,0.0025,2026-07-16 15:00
C1_LSFO250_lowbrent,27407729252.02,0.001,2026-07-17 14:42
C1_LSFO250_lowbrent,27434012877.45,0.0025,2026-07-16 15:04
C1_LSFO250_lowbrent_adv,25976472034.19,0.001,2026-07-18 16:57
C1_LSFO250_lowbrent_adv,26011259396.40,0.0025,2026-07-16 14:54
C1_LSFO250_refbrent,27945728927.04,0.001,2026-07-17 12:47
C1_LSFO250_refbrent,27985886228.62,0.0025,2026-07-16 16:25
C1_LSFO250_refbrent_adv,26437850895.92,0.001,2026-07-18 06:47
C1_LSFO250_refbrent_adv,26462200868.43,0.0025,2026-07-16 15:21
C2_LSFO375_highbrent,28934489658.19,0.001,2026-07-17 12:52
C2_LSFO375_highbrent,28972016047.93,0.0025,2026-07-16 15:35
C2_LSFO375_highbrent_adv,27295566057.03,0.001,2026-07-18 15:12
C2_LSFO375_highbrent_adv,27304729823.60,0.0025,2026-07-16 15:15
C2_LSFO375_lowbrent,27614947211.95,0.001,2026-07-18 09:35
C2_LSFO375_lowbrent,27638808259.81,0.0025,2026-07-16 17:03
C2_LSFO375_lowbrent_adv,26239485563.07,0.001,2026-07-18 15:31
C2_LSFO375_lowbrent_adv,26265877505.09,0.0025,2026-07-16 15:00
C2_LSFO375_refbrent,28176007094.85,0.001,2026-07-17 15:00
C2_LSFO375_refbrent,28206120468.06,0.0025,2026-07-16 16:43
C2_LSFO375_refbrent_adv,26746454312.44,0.001,2026-07-18 06:57
C2_LSFO375_refbrent_adv,26786693519.93,0.0025,2026-07-16 15:39
C3_LSFO500_highbrent,29282097286.08,0.001,2026-07-17 15:41
C3_LSFO500_highbrent,29323057492.04,0.0025,2026-07-16 15:41
C3_LSFO500_highbrent_adv,27682349542.95,0.001,2026-07-18 05:08
C3_LSFO500_highbrent_adv,27697870722.21,0.0025,2026-07-16 15:18
C3_LSFO500_lowbrent,27922888833.87,0.001,2026-07-17 18:33
C3_LSFO500_lowbrent,27937381656.89,0.0025,2026-07-16 15:58
C3_LSFO500_lowbrent_adv,26598471358.38,0.001,2026-07-18 05:13
C3_LSFO500_lowbrent_adv,26621263796.59,0.0025,2026-07-16 15:15
C3_LSFO500_refbrent,28489331442.34,0.001,2026-07-17 14:45
C3_LSFO500_refbrent,28528023892.60,0.0025,2026-07-16 16:43
C3_LSFO500_refbrent_adv,27113760343.79,0.001,2026-07-18 07:02
C3_LSFO500_refbrent_adv,27149023442.97,0.0025,2026-07-16 15:45
C4_NOTHERMAL_highbrent,28276278312.08,0.001,2026-07-18 11:20
C4_NOTHERMAL_highbrent,28310120809.36,0.0025,2026-07-16 15:20
C4_NOTHERMAL_highbrent_adv,26399196711.72,0.001,2026-07-18 06:07
C4_NOTHERMAL_highbrent_adv,26434390077.63,0.0025,2026-07-16 15:26
C4_NOTHERMAL_lowbrent,27257455187.46,0.001,2026-07-17 13:53
C4_NOTHERMAL_lowbrent,27289831878.23,0.0025,2026-07-16 15:36
C4_NOTHERMAL_lowbrent_adv,25636300495.49,0.001,2026-07-18 05:38
C4_NOTHERMAL_lowbrent_adv,25665966721.95,0.0025,2026-07-16 15:18
C4_NOTHERMAL_refbrent,27722149165.18,0.001,2026-07-18 11:19
C4_NOTHERMAL_refbrent,27758238800.96,0.0025,2026-07-16 16:39
C4_NOTHERMAL_refbrent_adv,25980722200.09,0.001,2026-07-18 11:56
C4_NOTHERMAL_refbrent_adv,26017097741.87,0.0025,2026-07-16 15:44
C5_LNG375_highbrent,28049110931.07,0.001,2026-07-17 12:53
C5_LNG375_highbrent,28082186823.55,0.0025,2026-07-16 16:18
C5_LNG375_highbrent_adv,26624936549.75,0.001,2026-07-18 05:57
C5_LNG375_highbrent_adv,26647946176.84,0.0025,2026-07-16 15:07
C5_LNG375_highbrent_j120,28393965312.20,0.001,2026-07-18 10:23
C5_LNG375_highbrent_j120,28434093576.71,0.0025,2026-07-16 14:55
C5_LNG375_highbrent_j120_adv,26968696427.09,0.001,2026-07-18 10:21
C5_LNG375_highbrent_j120_adv,26979279285.82,0.0025,2026-07-16 16:18
C5_LNG375_lowbrent,26833736557.77,0.001,2026-07-17 16:31
C5_LNG375_lowbrent,26847529926.89,0.0025,2026-07-16 16:37
C5_LNG375_lowbrent_adv,25484214015.46,0.001,2026-07-18 05:54
C5_LNG375_lowbrent_adv,25507785649.91,0.0025,2026-07-16 15:27
C5_LNG375_lowbrent_j120,27187291438.22,0.001,2026-07-18 12:34
C5_LNG375_lowbrent_j120,27221650729.68,0.0025,2026-07-16 14:58
C5_LNG375_lowbrent_j120_adv,25829908405.70,0.001,2026-07-18 10:16
C5_LNG375_lowbrent_j120_adv,25862864282.54,0.0025,2026-07-16 16:23
C5_LNG375_refbrent,27337586409.44,0.001,2026-07-17 15:12
C5_LNG375_refbrent,27356959397.74,0.0025,2026-07-16 17:24
C5_LNG375_refbrent_adv,25952770148.25,0.001,2026-07-18 07:39
C5_LNG375_refbrent_adv,25974031742.30,0.0025,2026-07-16 15:50
C5_LNG375_refbrent_j120,27682026540.88,0.001,2026-07-18 13:30
C5_LNG375_refbrent_j120,27721872674.21,0.0025,2026-07-16 15:17
C5_LNG375_refbrent_j120_adv,26301284718.25,0.001,2026-07-18 10:49
C5_LNG375_refbrent_j120_adv,26321127149.22,0.0025,2026-07-16 16:43
C6_STATUSQUO_highbrent,29529892143.73,0.001,2026-07-17 12:21
C6_STATUSQUO_highbrent,29570516281.84,0.0025,2026-07-16 16:06
C6_STATUSQUO_highbrent_adv,28226173404.18,0.001,2026-07-18 05:52
C6_STATUSQUO_highbrent_adv,28263177021.29,0.0025,2026-07-16 15:10
C6_STATUSQUO_highbrent_j120,29957520281.76,0.001,2026-07-18 10:55
C6_STATUSQUO_highbrent_j120,29990865474.24,0.0025,2026-07-16 14:51
C6_STATUSQUO_highbrent_j120_adv,28649198770.83,0.001,2026-07-18 10:06
C6_STATUSQUO_highbrent_j120_adv,28690434078.86,0.0025,2026-07-16 16:19
C6_STATUSQUO_lowbrent,28256352777.81,0.001,2026-07-17 12:06
C6_STATUSQUO_lowbrent,28298440967.69,0.0025,2026-07-16 16:00
C6_STATUSQUO_lowbrent_adv,26999471497.99,0.001,2026-07-18 05:50
C6_STATUSQUO_lowbrent_adv,27020250121.21,0.0025,2026-07-16 15:09
C6_STATUSQUO_lowbrent_j120,28687535170.86,0.001,2026-07-18 12:34
C6_STATUSQUO_lowbrent_j120,28724868066.07,0.0025,2026-07-16 14:58
C6_STATUSQUO_lowbrent_j120_adv,27429438113.64,0.001,2026-07-18 10:09
C6_STATUSQUO_lowbrent_j120_adv,27457356878.48,0.0025,2026-07-16 16:21
C6_STATUSQUO_refbrent,28779906325.13,0.001,2026-07-17 13:57
C6_STATUSQUO_refbrent,28793935037.34,0.0025,2026-07-16 16:51
C6_STATUSQUO_refbrent_adv,27507180977.47,0.001,2026-07-18 07:19
C6_STATUSQUO_refbrent_adv,27536772214.33,0.0025,2026-07-16 15:33
C6_STATUSQUO_refbrent_j120,29206942256.23,0.001,2026-07-18 11:53
C6_STATUSQUO_refbrent_j120,29241803405.55,0.0025,2026-07-16 15:14
C6_STATUSQUO_refbrent_j120_adv,27933803026.27,0.001,2026-07-18 10:38
C6_STATUSQUO_refbrent_j120_adv,27974883731.36,0.0025,2026-07-16 16:25
be_pv15_C1_LSFO250_refbrent,29898237885.63,0.001,2026-07-18 04:31
be_pv15_C1_LSFO250_refbrent,29932841434.13,0.0025,2026-07-16 17:18
be_pv15_C1_LSFO250_refbrent_adv,28330057442.90,0.001,2026-07-18 08:07
be_pv15_C1_LSFO250_refbrent_adv,28372291033.78,0.0025,2026-07-16 15:53
be_pv15_C4_NOTHERMAL_refbrent,29846572223.79,0.001,2026-07-17 16:45
be_pv15_C4_NOTHERMAL_refbrent,29883409176.93,0.0025,2026-07-16 16:54
be_pv15_C4_NOTHERMAL_refbrent_adv,28020604175.25,0.001,2026-07-18 07:46
be_pv15_C4_NOTHERMAL_refbrent_adv,28057672720.81,0.0025,2026-07-16 15:34
be_pv15_wb_C6_LNG500_refbrent,29167523684.27,0.001,2026-07-18 20:04
be_pv15_wb_C6_LNG500_refbrent,29201615652.13,0.0025,2026-07-17 10:14
be_pv15_wb_C6_LNG500_refbrent_j120,29589808542.42,0.001,2026-07-19 02:27
be_pv15_wb_C6_LNG500_refbrent_j120,29623803713.84,0.0025,2026-07-17 10:19
be_pv17_C1_LSFO250_refbrent,30455107423.17,0.001,2026-07-17 17:29
be_pv17_C1_LSFO250_refbrent,30494839042.81,0.0025,2026-07-16 17:09
be_pv17_C1_LSFO250_refbrent_adv,28873937570.55,0.001,2026-07-18 08:05
be_pv17_C1_LSFO250_refbrent_adv,28896510986.72,0.0025,2026-07-16 15:58
be_pv17_C4_NOTHERMAL_refbrent,30454239754.01,0.001,2026-07-17 17:31
be_pv17_C4_NOTHERMAL_refbrent,30492011207.47,0.0025,2026-07-16 16:45
be_pv17_C4_NOTHERMAL_refbrent_adv,28668657641.30,0.001,2026-07-18 07:43
be_pv17_C4_NOTHERMAL_refbrent_adv,28708106220.64,0.0025,2026-07-16 15:48
be_pv17_wb_C6_LNG500_refbrent,29674071616.41,0.001,2026-07-18 12:10
be_pv17_wb_C6_LNG500_refbrent,29718562274.41,0.0025,2026-07-17 09:33
be_pv17_wb_C6_LNG500_refbrent_j120,30102606078.76,0.001,2026-07-18 12:36
be_pv17_wb_C6_LNG500_refbrent_j120,30120741193.05,0.0025,2026-07-17 09:52
egs_high_lng_forced_refbrent,27498752804.55,0.001,2026-07-17 09:07
egs_high_lng_forced_refbrent,27546410649.07,0.0025,2026-07-16 15:10
egs_high_lng_forced_refbrent_adv,26053433905.91,0.001,2026-07-18 14:06
egs_high_lng_forced_refbrent_adv,26067007691.68,0.0025,2026-07-16 14:42
egs_high_lng_forced_refbrent_j120,27930722808.33,0.001,2026-07-18 09:44
egs_high_lng_forced_refbrent_j120,27945102432.34,0.0025,2026-07-16 15:15
egs_high_lng_forced_refbrent_j120_adv,26482638414.41,0.001,2026-07-18 09:48
egs_high_lng_forced_refbrent_j120_adv,26494446669.21,0.0025,2026-07-16 16:32
egs_high_no_lng_highbrent,28606580604.21,0.001,2026-07-17 22:22
egs_high_no_lng_highbrent,28643744906.47,0.0025,2026-07-16 15:00
egs_high_no_lng_highbrent_adv,26465429553.41,0.001,2026-07-18 14:38
egs_high_no_lng_highbrent_adv,26482803313.58,0.0025,2026-07-16 14:50
egs_high_no_lng_lowbrent,27460142157.17,0.001,2026-07-18 08:34
egs_high_no_lng_lowbrent,27487370686.83,0.0025,2026-07-16 15:03
egs_high_no_lng_lowbrent_adv,25640153911.10,0.001,2026-07-18 14:39
egs_high_no_lng_lowbrent_adv,25675045861.87,0.0025,2026-07-16 14:56
egs_high_no_lng_refbrent,27978390597.38,0.001,2026-07-18 03:27
egs_high_no_lng_refbrent,28009257023.92,0.0025,2026-07-16 15:55
egs_high_no_lng_refbrent_adv,26006642428.13,0.001,2026-07-18 14:06
egs_high_no_lng_refbrent_adv,26037815982.43,0.0025,2026-07-16 14:55
egs_low_lng_forced_refbrent,27046408401.23,0.001,2026-07-17 10:10
egs_low_lng_forced_refbrent,27064160600.16,0.0025,2026-07-16 14:57
egs_low_lng_forced_refbrent_adv,25810310014.75,0.001,2026-07-18 14:19
egs_low_lng_forced_refbrent_adv,25835067505.90,0.0025,2026-07-16 14:51
egs_low_lng_forced_refbrent_j120,27472715423.57,0.001,2026-07-18 12:19
egs_low_lng_forced_refbrent_j120,27484709098.80,0.0025,2026-07-16 14:55
egs_low_lng_forced_refbrent_j120_adv,26236251287.37,0.001,2026-07-18 10:11
egs_low_lng_forced_refbrent_j120_adv,26259510793.80,0.0025,2026-07-16 16:38
egs_low_no_lng_highbrent,27834161896.07,0.001,2026-07-18 03:06
egs_low_no_lng_highbrent,27872855035.98,0.0025,2026-07-16 14:52
egs_low_no_lng_highbrent_adv,25958403883.00,0.001,2026-07-18 07:57
egs_low_no_lng_highbrent_adv,25985819411.92,0.0025,2026-07-16 14:50
egs_low_no_lng_lowbrent,26810509113.62,0.001,2026-07-18 08:34
egs_low_no_lng_lowbrent,26829113310.43,0.0025,2026-07-16 15:47
egs_low_no_lng_lowbrent_adv,25199385863.44,0.001,2026-07-18 14:59
egs_low_no_lng_lowbrent_adv,25219725759.49,0.0025,2026-07-16 14:59
egs_low_no_lng_refbrent,27281946267.08,0.001,2026-07-18 08:33
egs_low_no_lng_refbrent,27310446874.36,0.0025,2026-07-16 16:12
egs_low_no_lng_refbrent_adv,25538804507.52,0.001,2026-07-18 20:38
egs_low_no_lng_refbrent_adv,25563198178.08,0.0025,2026-07-16 14:56
egs_none_lng_forced_refbrent,27504676487.97,0.001,2026-07-17 10:07
egs_none_lng_forced_refbrent,27534854287.97,0.0025,2026-07-16 14:49
egs_none_lng_forced_refbrent_adv,26056320079.01,0.001,2026-07-18 14:02
egs_none_lng_forced_refbrent_adv,26087135163.84,0.0025,2026-07-16 14:47
egs_none_lng_forced_refbrent_j120,27928328329.75,0.001,2026-07-18 09:56
egs_none_lng_forced_refbrent_j120,27953907568.55,0.0025,2026-07-16 15:03
egs_none_lng_forced_refbrent_j120_adv,26478403056.34,0.001,2026-07-18 09:52
egs_none_lng_forced_refbrent_j120_adv,26521733101.10,0.0025,2026-07-16 16:15
egs_none_no_lng_refbrent,27976983827.22,0.001,2026-07-18 02:35
egs_none_no_lng_refbrent,28002885766.55,0.0025,2026-07-16 15:27
egs_none_no_lng_refbrent_adv,26008561424.31,0.001,2026-07-18 13:39
egs_none_no_lng_refbrent_adv,26031504790.77,0.0025,2026-07-16 14:52
egs_ref_lng_forced_refbrent,27355978984.35,0.001,2026-07-17 09:51
egs_ref_lng_forced_refbrent,27391815378.95,0.0025,2026-07-16 15:27
egs_ref_lng_forced_refbrent_adv,26051946958.15,0.001,2026-07-18 14:21
egs_ref_lng_forced_refbrent_adv,26090704276.76,0.0025,2026-07-16 14:50
egs_ref_lng_forced_refbrent_j120,27780780250.12,0.001,2026-07-18 11:03
egs_ref_lng_forced_refbrent_j120,27798344048.24,0.0025,2026-07-16 15:17
egs_ref_lng_forced_refbrent_j120_adv,26475179113.31,0.001,2026-07-18 10:02
egs_ref_lng_forced_refbrent_j120_adv,26496878514.84,0.0025,2026-07-16 16:35
egs_ref_no_lng_refbrent,27739246646.48,0.001,2026-07-18 08:38
egs_ref_no_lng_refbrent,27753898174.21,0.0025,2026-07-16 15:55
egs_ref_no_lng_refbrent_adv,25979207609.79,0.001,2026-07-18 08:09
egs_ref_no_lng_refbrent_adv,26011065448.95,0.0025,2026-07-16 14:57
lc_C1_LSFO250_highbrent,28986467665.65,0.001,2026-07-17 23:07
lc_C1_LSFO250_highbrent,29015684176.04,0.0025,2026-07-16 14:53
lc_C1_LSFO250_highbrent_adv,27304085186.82,0.001,2026-07-18 08:43
lc_C1_LSFO250_highbrent_adv,27331007090.19,0.0025,2026-07-16 15:54
lc_C1_LSFO250_lowbrent,27775858948.99,0.001,2026-07-18 11:31
lc_C1_LSFO250_lowbrent,27814190218.19,0.0025,2026-07-16 14:52
lc_C1_LSFO250_lowbrent_adv,26352793930.59,0.001,2026-07-18 08:54
lc_C1_LSFO250_lowbrent_adv,26389240551.83,0.0025,2026-07-16 15:43
lc_C1_LSFO250_refbrent,28307558134.74,0.001,2026-07-17 16:40
lc_C1_LSFO250_refbrent,28337428528.79,0.0025,2026-07-16 14:47
lc_C1_LSFO250_refbrent_adv,26805129851.42,0.001,2026-07-18 08:13
lc_C1_LSFO250_refbrent_adv,26842191583.70,0.0025,2026-07-16 15:40
lc_C2_LSFO375_highbrent,29282241491.58,0.001,2026-07-18 01:04
lc_C2_LSFO375_highbrent,29319629817.16,0.0025,2026-07-16 15:10
lc_C2_LSFO375_highbrent_adv,27655017331.75,0.001,2026-07-18 08:47
lc_C2_LSFO375_highbrent_adv,27671451122.41,0.0025,2026-07-16 16:02
lc_C2_LSFO375_lowbrent,27981133075.99,0.001,2026-07-17 19:26
lc_C2_LSFO375_lowbrent,28020141751.75,0.0025,2026-07-16 14:48
lc_C2_LSFO375_lowbrent_adv,26623734953.38,0.001,2026-07-18 08:44
lc_C2_LSFO375_lowbrent_adv,26658169091.12,0.0025,2026-07-16 16:02
lc_C2_LSFO375_refbrent,28535486714.19,0.001,2026-07-17 17:38
lc_C2_LSFO375_refbrent,28573322019.22,0.0025,2026-07-16 14:47
lc_C2_LSFO375_refbrent_adv,27119577822.32,0.001,2026-07-18 08:44
lc_C2_LSFO375_refbrent_adv,27148444402.41,0.0025,2026-07-16 15:50
lc_C3_LSFO500_highbrent,29637663864.19,0.001,2026-07-18 06:51
lc_C3_LSFO500_highbrent,29674119949.40,0.0025,2026-07-16 14:46
lc_C3_LSFO500_highbrent_adv,28046140186.23,0.001,2026-07-18 08:54
lc_C3_LSFO500_highbrent_adv,28071800610.61,0.0025,2026-07-16 16:09
lc_C3_LSFO500_lowbrent,28293756611.53,0.001,2026-07-18 21:13
lc_C3_LSFO500_lowbrent,28314807690.05,0.0025,2026-07-16 15:27
lc_C3_LSFO500_lowbrent_adv,26987336191.51,0.001,2026-07-18 10:15
lc_C3_LSFO500_lowbrent_adv,27013288117.13,0.0025,2026-07-16 16:03
lc_C3_LSFO500_refbrent,28849271964.84,0.001,2026-07-18 03:24
lc_C3_LSFO500_refbrent,28862667270.07,0.0025,2026-07-16 15:08
lc_C3_LSFO500_refbrent_adv,27497972041.13,0.001,2026-07-18 08:47
lc_C3_LSFO500_refbrent_adv,27539173454.30,0.0025,2026-07-16 16:06
lc_C4_NOTHERMAL_highbrent,28607201316.30,0.001,2026-07-18 13:28
lc_C4_NOTHERMAL_highbrent,28635331734.77,0.0025,2026-07-16 14:32
lc_C4_NOTHERMAL_highbrent_adv,26773423249.11,0.001,2026-07-18 09:16
lc_C4_NOTHERMAL_highbrent_adv,26803195856.61,0.0025,2026-07-16 16:03
lc_C4_NOTHERMAL_lowbrent,27607693496.61,0.001,2026-07-18 04:25
lc_C4_NOTHERMAL_lowbrent,27646474701.22,0.0025,2026-07-16 14:48
lc_C4_NOTHERMAL_lowbrent_adv,25999852352.60,0.001,2026-07-18 08:53
lc_C4_NOTHERMAL_lowbrent_adv,26037081672.43,0.0025,2026-07-16 16:09
lc_C4_NOTHERMAL_refbrent,28062881331.29,0.001,2026-07-18 20:42
lc_C4_NOTHERMAL_refbrent,28088874423.63,0.0025,2026-07-16 14:44
lc_C4_NOTHERMAL_refbrent_adv,26357722843.08,0.001,2026-07-18 17:34
lc_C4_NOTHERMAL_refbrent_adv,26382767920.96,0.0025,2026-07-16 16:18
lc_C5_LNG375_highbrent,28396519946.91,0.001,2026-07-18 06:16
lc_C5_LNG375_highbrent,28415203268.07,0.0025,2026-07-16 15:56
lc_C5_LNG375_highbrent_adv,27001947662.40,0.001,2026-07-18 09:38
lc_C5_LNG375_highbrent_adv,27024373018.00,0.0025,2026-07-16 16:03
lc_C5_LNG375_highbrent_j120,28745810987.21,0.001,2026-07-18 13:39
lc_C5_LNG375_highbrent_j120,28771145508.08,0.0025,2026-07-16 15:20
lc_C5_LNG375_highbrent_j120_adv,27345692097.57,0.001,2026-07-18 10:54
lc_C5_LNG375_highbrent_j120_adv,27375962398.34,0.0025,2026-07-16 16:33
lc_C5_LNG375_lowbrent,27188297787.23,0.001,2026-07-18 07:31
lc_C5_LNG375_lowbrent,27207814808.71,0.0025,2026-07-16 16:01
lc_C5_LNG375_lowbrent_adv,25861082695.02,0.001,2026-07-18 09:14
lc_C5_LNG375_lowbrent_adv,25901260166.42,0.0025,2026-07-16 16:04
lc_C5_LNG375_lowbrent_j120,27541029007.42,0.001,2026-07-18 14:47
lc_C5_LNG375_lowbrent_j120,27574666913.54,0.0025,2026-07-16 15:38
lc_C5_LNG375_lowbrent_j120_adv,26208388816.34,0.001,2026-07-18 11:13
lc_C5_LNG375_lowbrent_j120_adv,26241539420.51,0.0025,2026-07-16 16:35
lc_C5_LNG375_refbrent,27688287607.27,0.001,2026-07-18 08:19
lc_C5_LNG375_refbrent,27726639400.59,0.0025,2026-07-16 15:42
lc_C5_LNG375_refbrent_adv,26329302063.35,0.001,2026-07-18 09:25
lc_C5_LNG375_refbrent_adv,26371258476.61,0.0025,2026-07-16 16:02
lc_C5_LNG375_refbrent_j120,28034802093.72,0.001,2026-07-18 13:02
lc_C5_LNG375_refbrent_j120,28077342913.07,0.0025,2026-07-16 15:22
lc_C5_LNG375_refbrent_j120_adv,26671072846.37,0.001,2026-07-18 11:03
lc_C5_LNG375_refbrent_j120_adv,26716804302.97,0.0025,2026-07-16 16:31
lc_C6_STATUSQUO_highbrent,29884737000.29,0.001,2026-07-18 08:23
lc_C6_STATUSQUO_highbrent,29927785168.29,0.0025,2026-07-16 15:19
lc_C6_STATUSQUO_highbrent_adv,28599968949.67,0.001,2026-07-18 09:27
lc_C6_STATUSQUO_highbrent_adv,28639008863.98,0.0025,2026-07-16 16:19
lc_C6_STATUSQUO_highbrent_j120,30310835854.04,0.001,2026-07-18 13:10
lc_C6_STATUSQUO_highbrent_j120,30349460429.38,0.0025,2026-07-16 15:28
lc_C6_STATUSQUO_highbrent_j120_adv,29028364039.96,0.001,2026-07-18 11:17
lc_C6_STATUSQUO_highbrent_j120_adv,29051762666.89,0.0025,2026-07-16 16:42
lc_C6_STATUSQUO_lowbrent,28620366235.36,0.001,2026-07-18 07:16
lc_C6_STATUSQUO_lowbrent,28637750352.76,0.0025,2026-07-16 15:20
lc_C6_STATUSQUO_lowbrent_adv,27381340509.05,0.001,2026-07-18 09:27
lc_C6_STATUSQUO_lowbrent_adv,27399439878.07,0.0025,2026-07-16 16:05
lc_C6_STATUSQUO_lowbrent_j120,29045950336.34,0.001,2026-07-18 13:07
lc_C6_STATUSQUO_lowbrent_j120,29080627075.32,0.0025,2026-07-16 15:35
lc_C6_STATUSQUO_lowbrent_j120_adv,27804162567.98,0.001,2026-07-18 11:11
lc_C6_STATUSQUO_lowbrent_j120_adv,27842339813.89,0.0025,2026-07-16 16:31
lc_C6_STATUSQUO_refbrent,29136725799.74,0.001,2026-07-18 08:33
lc_C6_STATUSQUO_refbrent,29179880335.66,0.0025,2026-07-16 15:23
lc_C6_STATUSQUO_refbrent_adv,27886601526.19,0.001,2026-07-18 09:26
lc_C6_STATUSQUO_refbrent_adv,27908153117.46,0.0025,2026-07-16 16:18
lc_C6_STATUSQUO_refbrent_j120,29554405305.87,0.001,2026-07-18 13:00
lc_C6_STATUSQUO_refbrent_j120,29596813548.09,0.0025,2026-07-16 15:30
lc_C6_STATUSQUO_refbrent_j120_adv,28315091887.13,0.001,2026-07-18 11:08
lc_C6_STATUSQUO_refbrent_j120_adv,28320040914.04,0.0025,2026-07-16 16:48
lngconv_heco_refbrent,26210935246.83,0.001,2026-07-18 23:02
lngconv_heco_refbrent,26246075036.32,0.0025,2026-07-17 10:23
lngconv_noplant_refbrent,27251986968.11,0.001,2026-07-19 11:01
lngconv_noplant_refbrent,27284076403.67,0.0025,2026-07-17 07:41
lngconv_opt_refbrent,27252155940.55,0.001,2026-07-19 11:10
lngconv_opt_refbrent,27286408640.45,0.0025,2026-07-17 07:39
lngconv_wjera_refbrent,26756044293.47,0.001,2026-07-18 12:16
lngconv_wjera_refbrent,26786994403.50,0.0025,2026-07-17 07:33
norps_LNG500_refbrent,26557777852.81,0.001,2026-07-18 19:51
norps_LNG500_refbrent,26584859272.01,0.0025,2026-07-16 18:10
norps_LNG500_refbrent_j120,27125864455.79,0.001,2026-07-18 20:33
norps_LNG500_refbrent_j120,27152437187.35,0.0025,2026-07-16 17:57
norps_LNGOPT_refbrent,26559095684.67,0.001,2026-07-19 10:56
norps_LNGOPT_refbrent,26576626818.26,0.0025,2026-07-16 18:49
norps_NOTHERMAL_refbrent,27441151261.76,0.001,2026-07-19 10:55
norps_NOTHERMAL_refbrent,27467828547.91,0.0025,2026-07-16 17:45
wb_C5_LNG375_refbrent,27338298089.23,0.001,2026-07-17 15:48
wb_C5_LNG375_refbrent,27377047676.75,0.0025,2026-07-16 17:35
wb_C5_LNG375_refbrent_adv,25955785359.95,0.001,2026-07-18 07:48
wb_C5_LNG375_refbrent_adv,25978437156.42,0.0025,2026-07-16 15:49
wb_C5_LNG375_refbrent_j120,27685882815.38,0.001,2026-07-18 12:41
wb_C5_LNG375_refbrent_j120,27721727293.06,0.0025,2026-07-16 15:09
wb_C5_LNG375_refbrent_j120_adv,26300232545.14,0.001,2026-07-18 10:54
wb_C5_LNG375_refbrent_j120_adv,26313747591.62,0.0025,2026-07-16 16:50
wb_C6_LNG500_highbrent,28088822149.45,0.001,2026-07-17 14:38
wb_C6_LNG500_highbrent,28128117048.97,0.0025,2026-07-16 16:19
wb_C6_LNG500_highbrent_adv,26761320963.89,0.001,2026-07-18 06:48
wb_C6_LNG500_highbrent_adv,26789570870.46,0.0025,2026-07-16 15:15
wb_C6_LNG500_highbrent_j120,28516166391.88,0.001,2026-07-18 11:05
wb_C6_LNG500_highbrent_j120,28556610034.45,0.0025,2026-07-16 14:56
wb_C6_LNG500_highbrent_j120_adv,27185659313.11,0.001,2026-07-18 10:31
wb_C6_LNG500_highbrent_j120_adv,27215495911.10,0.0025,2026-07-16 16:21
wb_C6_LNG500_lowbrent,26838542901.34,0.001,2026-07-17 13:04
wb_C6_LNG500_lowbrent,26873055170.67,0.0025,2026-07-16 16:08
wb_C6_LNG500_lowbrent_adv,25558496706.90,0.001,2026-07-18 06:47
wb_C6_LNG500_lowbrent_adv,25592381820.16,0.0025,2026-07-16 15:35
wb_C6_LNG500_lowbrent_j120,27265751446.29,0.001,2026-07-18 11:41
wb_C6_LNG500_lowbrent_j120,27295507019.61,0.0025,2026-07-16 14:49
wb_C6_LNG500_lowbrent_j120_adv,25990031494.55,0.001,2026-07-18 11:02
wb_C6_LNG500_lowbrent_j120_adv,26010912718.16,0.0025,2026-07-16 16:42
wb_C6_LNG500_refbrent,27355234773.85,0.001,2026-07-17 12:04
wb_C6_LNG500_refbrent,27381430183.97,0.0025,2026-07-16 14:49
wb_C6_LNG500_refbrent_adv,26047248994.69,0.001,2026-07-18 13:29
wb_C6_LNG500_refbrent_adv,26078278278.16,0.0025,2026-07-16 14:27
wb_C6_LNG500_refbrent_j120,27782880892.05,0.001,2026-07-18 09:59
wb_C6_LNG500_refbrent_j120,27808627148.25,0.0025,2026-07-16 14:46
wb_C6_LNG500_refbrent_j120_adv,26473577221.98,0.001,2026-07-18 09:41
wb_C6_LNG500_refbrent_j120_adv,26494340551.18,0.0025,2026-07-16 16:11
wr_C1_LSFO250_highbrent,30057925891.89,0.001,2026-07-17 14:38
wr_C1_LSFO250_highbrent,30092421029.40,0.0025,2026-07-16 16:19
wr_C1_LSFO250_highbrent_adv,28392811823.52,0.001,2026-07-18 07:13
wr_C1_LSFO250_highbrent_adv,28431505556.99,0.0025,2026-07-16 15:17
wr_C1_LSFO250_lowbrent,28776200285.15,0.001,2026-07-17 17:02
wr_C1_LSFO250_lowbrent,28804795601.17,0.0025,2026-07-16 16:32
wr_C1_LSFO250_lowbrent_adv,27397394425.88,0.001,2026-07-18 06:57
wr_C1_LSFO250_lowbrent_adv,27431258269.06,0.0025,2026-07-16 15:15
wr_C1_LSFO250_refbrent,29327394435.93,0.001,2026-07-17 10:02
wr_C1_LSFO250_refbrent,29369608033.15,0.0025,2026-07-16 14:53
wr_C1_LSFO250_refbrent_adv,27872505902.85,0.001,2026-07-18 13:17
wr_C1_LSFO250_refbrent_adv,27904068481.47,0.0025,2026-07-16 14:29
wr_C4_NOTHERMAL_highbrent,29665537085.80,0.001,2026-07-17 12:30
wr_C4_NOTHERMAL_highbrent,29685770120.70,0.0025,2026-07-16 16:13
wr_C4_NOTHERMAL_highbrent_adv,27822010019.71,0.001,2026-07-18 06:35
wr_C4_NOTHERMAL_highbrent_adv,27861802302.29,0.0025,2026-07-16 15:15
wr_C4_NOTHERMAL_lowbrent,28532956647.92,0.001,2026-07-17 17:11
wr_C4_NOTHERMAL_lowbrent,28567129143.01,0.0025,2026-07-16 16:02
wr_C4_NOTHERMAL_lowbrent_adv,27008682861.28,0.001,2026-07-18 05:55
wr_C4_NOTHERMAL_lowbrent_adv,27040221633.07,0.0025,2026-07-16 15:26
wr_C4_NOTHERMAL_refbrent,29076751200.04,0.001,2026-07-17 09:27
wr_C4_NOTHERMAL_refbrent,29105320249.30,0.0025,2026-07-16 14:49
wr_C4_NOTHERMAL_refbrent_adv,27382479826.56,0.001,2026-07-18 13:29
wr_C4_NOTHERMAL_refbrent_adv,27415124813.61,0.0025,2026-07-16 14:42
wr_C5_LNG375_refbrent,28729573557.13,0.001,2026-07-17 13:26
wr_C5_LNG375_refbrent,28773607385.93,0.0025,2026-07-16 17:39
wr_C5_LNG375_refbrent_adv,27392094660.67,0.001,2026-07-18 07:49
wr_C5_LNG375_refbrent_adv,27424203862.94,0.0025,2026-07-16 15:33
wr_C5_LNG375_refbrent_j120,29079439141.10,0.001,2026-07-18 12:21
wr_C5_LNG375_refbrent_j120,29119979560.08,0.0025,2026-07-16 14:54
wr_C5_LNG375_refbrent_j120_adv,27739554528.71,0.001,2026-07-18 10:52
wr_C5_LNG375_refbrent_j120_adv,27777512834.85,0.0025,2026-07-16 16:28
wr_C6_LNG500_refbrent,28781557645.65,0.001,2026-07-17 13:31
wr_C6_LNG500_refbrent,28795678103.35,0.0025,2026-07-16 17:03
wr_C6_LNG500_refbrent_adv,27509217421.92,0.001,2026-07-18 07:43
wr_C6_LNG500_refbrent_adv,27517825708.57,0.0025,2026-07-16 15:46
wr_C6_LNG500_refbrent_j120,29203882207.18,0.001,2026-07-18 11:56
wr_C6_LNG500_refbrent_j120,29241372311.09,0.0025,2026-07-16 15:07
wr_C6_LNG500_refbrent_j120_adv,27935813355.24,0.001,2026-07-18 10:48
wr_C6_LNG500_refbrent_j120_adv,27974883731.36,0.0025,2026-07-16 16:31
