year,world_demand_mbd,change_mbd,pct_change,episode,basis,source,world_gdp_growth_pct,gdp_source
1965,30.8799991607666,,,,EI consumption,"Energy Institute Statistical Review of World Energy 2025, world oil consumption (thousand b/d), via OWID mirror of EI consolidated dataset",5.63,World Bank WDI NY.GDP.MKTP.KD.ZG (market exchange rates)
1966,33.310001373291016,2.430000066757202,7.869999885559082,,EI consumption,"Energy Institute Statistical Review of World Energy 2025, world oil consumption (thousand b/d), via OWID mirror of EI consolidated dataset",5.42,World Bank WDI NY.GDP.MKTP.KD.ZG (market exchange rates)
1967,35.63999938964844,2.3299999237060547,6.989999771118164,,EI consumption,"Energy Institute Statistical Review of World Energy 2025, world oil consumption (thousand b/d), via OWID mirror of EI consolidated dataset",3.74,World Bank WDI NY.GDP.MKTP.KD.ZG (market exchange rates)
1968,38.52999877929688,2.890000104904175,8.109999656677246,,EI consumption,"Energy Institute Statistical Review of World Energy 2025, world oil consumption (thousand b/d), via OWID mirror of EI consolidated dataset",5.95,World Bank WDI NY.GDP.MKTP.KD.ZG (market exchange rates)
1969,41.970001220703125,3.440000057220459,8.930000305175781,,EI consumption,"Energy Institute Statistical Review of World Energy 2025, world oil consumption (thousand b/d), via OWID mirror of EI consolidated dataset",5.96,World Bank WDI NY.GDP.MKTP.KD.ZG (market exchange rates)
1970,45.70000076293945,3.7300000190734863,8.890000343322754,,EI consumption,"Energy Institute Statistical Review of World Energy 2025, world oil consumption (thousand b/d), via OWID mirror of EI consolidated dataset",3.77,World Bank WDI NY.GDP.MKTP.KD.ZG (market exchange rates)
1971,48.18000030517578,2.4800000190734863,5.429999828338623,,EI consumption,"Energy Institute Statistical Review of World Energy 2025, world oil consumption (thousand b/d), via OWID mirror of EI consolidated dataset",4.11,World Bank WDI NY.GDP.MKTP.KD.ZG (market exchange rates)
1972,51.880001068115234,3.700000047683716,7.679999828338623,,EI consumption,"Energy Institute Statistical Review of World Energy 2025, world oil consumption (thousand b/d), via OWID mirror of EI consolidated dataset",5.54,World Bank WDI NY.GDP.MKTP.KD.ZG (market exchange rates)
1973,56.08000183105469,4.199999809265137,8.100000381469727,,EI consumption,"Energy Institute Statistical Review of World Energy 2025, world oil consumption (thousand b/d), via OWID mirror of EI consolidated dataset",6.46,World Bank WDI NY.GDP.MKTP.KD.ZG (market exchange rates)
1974,55.290000915527344,-0.7900000214576721,-1.409999966621399,First oil shock,EI consumption,"Energy Institute Statistical Review of World Energy 2025, world oil consumption (thousand b/d), via OWID mirror of EI consolidated dataset",1.99,World Bank WDI NY.GDP.MKTP.KD.ZG (market exchange rates)
1975,55.02999877929688,-0.2599999904632568,-0.4699999988079071,First oil shock,EI consumption,"Energy Institute Statistical Review of World Energy 2025, world oil consumption (thousand b/d), via OWID mirror of EI consolidated dataset",0.81,World Bank WDI NY.GDP.MKTP.KD.ZG (market exchange rates)
1976,58.38999938964844,3.359999895095825,6.110000133514404,,EI consumption,"Energy Institute Statistical Review of World Energy 2025, world oil consumption (thousand b/d), via OWID mirror of EI consolidated dataset",5.22,World Bank WDI NY.GDP.MKTP.KD.ZG (market exchange rates)
1977,60.540000915527344,2.150000095367432,3.680000066757202,,EI consumption,"Energy Institute Statistical Review of World Energy 2025, world oil consumption (thousand b/d), via OWID mirror of EI consolidated dataset",3.94,World Bank WDI NY.GDP.MKTP.KD.ZG (market exchange rates)
1978,63.400001525878906,2.859999895095825,4.71999979019165,,EI consumption,"Energy Institute Statistical Review of World Energy 2025, world oil consumption (thousand b/d), via OWID mirror of EI consolidated dataset",4.14,World Bank WDI NY.GDP.MKTP.KD.ZG (market exchange rates)
1979,64.33000183105469,0.9300000071525574,1.4700000286102295,,EI consumption,"Energy Institute Statistical Review of World Energy 2025, world oil consumption (thousand b/d), via OWID mirror of EI consolidated dataset",4.14,World Bank WDI NY.GDP.MKTP.KD.ZG (market exchange rates)
1980,61.43000030517578,-2.900000095367432,-4.510000228881836,Second oil shock / early-80s recession,EI consumption,"Energy Institute Statistical Review of World Energy 2025, world oil consumption (thousand b/d), via OWID mirror of EI consolidated dataset",1.82,World Bank WDI NY.GDP.MKTP.KD.ZG (market exchange rates)
1981,59.61000061035156,-1.8200000524520876,-2.9600000381469727,Second oil shock / early-80s recession,EI consumption,"Energy Institute Statistical Review of World Energy 2025, world oil consumption (thousand b/d), via OWID mirror of EI consolidated dataset",1.89,World Bank WDI NY.GDP.MKTP.KD.ZG (market exchange rates)
1982,58.06999969482422,-1.5399999618530271,-2.5799999237060547,Second oil shock / early-80s recession,EI consumption,"Energy Institute Statistical Review of World Energy 2025, world oil consumption (thousand b/d), via OWID mirror of EI consolidated dataset",0.41,World Bank WDI NY.GDP.MKTP.KD.ZG (market exchange rates)
1983,57.970001220703125,-0.1000000014901161,-0.1700000017881393,Second oil shock / early-80s recession,EI consumption,"Energy Institute Statistical Review of World Energy 2025, world oil consumption (thousand b/d), via OWID mirror of EI consolidated dataset",2.58,World Bank WDI NY.GDP.MKTP.KD.ZG (market exchange rates)
1984,58.88999938964844,0.9200000166893004,1.590000033378601,,EI consumption,"Energy Institute Statistical Review of World Energy 2025, world oil consumption (thousand b/d), via OWID mirror of EI consolidated dataset",4.73,World Bank WDI NY.GDP.MKTP.KD.ZG (market exchange rates)
1985,59.29999923706055,0.4099999964237213,0.699999988079071,,EI consumption,"Energy Institute Statistical Review of World Energy 2025, world oil consumption (thousand b/d), via OWID mirror of EI consolidated dataset",3.66,World Bank WDI NY.GDP.MKTP.KD.ZG (market exchange rates)
1986,61.02000045776367,1.7200000286102295,2.900000095367432,,EI consumption,"Energy Institute Statistical Review of World Energy 2025, world oil consumption (thousand b/d), via OWID mirror of EI consolidated dataset",3.31,World Bank WDI NY.GDP.MKTP.KD.ZG (market exchange rates)
1987,62.540000915527344,1.5199999809265137,2.490000009536743,,EI consumption,"Energy Institute Statistical Review of World Energy 2025, world oil consumption (thousand b/d), via OWID mirror of EI consolidated dataset",3.75,World Bank WDI NY.GDP.MKTP.KD.ZG (market exchange rates)
1988,64.4000015258789,1.8600000143051147,2.970000028610229,,EI consumption,"Energy Institute Statistical Review of World Energy 2025, world oil consumption (thousand b/d), via OWID mirror of EI consolidated dataset",4.53,World Bank WDI NY.GDP.MKTP.KD.ZG (market exchange rates)
1989,65.56999969482422,1.1699999570846558,1.8200000524520876,,EI consumption,"Energy Institute Statistical Review of World Energy 2025, world oil consumption (thousand b/d), via OWID mirror of EI consolidated dataset",3.64,World Bank WDI NY.GDP.MKTP.KD.ZG (market exchange rates)
1990,66.63999938964844,1.0700000524520874,1.6299999952316284,Gulf War (no world-level decline),EI consumption,"Energy Institute Statistical Review of World Energy 2025, world oil consumption (thousand b/d), via OWID mirror of EI consolidated dataset",2.71,World Bank WDI NY.GDP.MKTP.KD.ZG (market exchange rates)
1991,66.72000122070312,0.0799999982118606,0.1199999973177909,Gulf War (no world-level decline),EI consumption,"Energy Institute Statistical Review of World Energy 2025, world oil consumption (thousand b/d), via OWID mirror of EI consolidated dataset",1.23,World Bank WDI NY.GDP.MKTP.KD.ZG (market exchange rates)
1992,67.5999984741211,0.8799999952316284,1.3200000524520874,,EI consumption,"Energy Institute Statistical Review of World Energy 2025, world oil consumption (thousand b/d), via OWID mirror of EI consolidated dataset",2.06,World Bank WDI NY.GDP.MKTP.KD.ZG (market exchange rates)
1993,67.58999633789062,-0.0099999997764825,-0.0099999997764825,,EI consumption,"Energy Institute Statistical Review of World Energy 2025, world oil consumption (thousand b/d), via OWID mirror of EI consolidated dataset",1.86,World Bank WDI NY.GDP.MKTP.KD.ZG (market exchange rates)
1994,69.1500015258789,1.559999942779541,2.309999942779541,,EI consumption,"Energy Institute Statistical Review of World Energy 2025, world oil consumption (thousand b/d), via OWID mirror of EI consolidated dataset",3.42,World Bank WDI NY.GDP.MKTP.KD.ZG (market exchange rates)
1995,70.41000366210938,1.2599999904632568,1.8200000524520876,,EI consumption,"Energy Institute Statistical Review of World Energy 2025, world oil consumption (thousand b/d), via OWID mirror of EI consolidated dataset",3.18,World Bank WDI NY.GDP.MKTP.KD.ZG (market exchange rates)
1996,71.9000015258789,1.4900000095367432,2.119999885559082,,EI consumption,"Energy Institute Statistical Review of World Energy 2025, world oil consumption (thousand b/d), via OWID mirror of EI consolidated dataset",3.59,World Bank WDI NY.GDP.MKTP.KD.ZG (market exchange rates)
1997,74.08000183105469,2.180000066757202,3.0299999713897705,,EI consumption,"Energy Institute Statistical Review of World Energy 2025, world oil consumption (thousand b/d), via OWID mirror of EI consolidated dataset",4.0,World Bank WDI NY.GDP.MKTP.KD.ZG (market exchange rates)
1998,74.37000274658203,0.2899999916553497,0.3899999856948852,,EI consumption,"Energy Institute Statistical Review of World Energy 2025, world oil consumption (thousand b/d), via OWID mirror of EI consolidated dataset",2.78,World Bank WDI NY.GDP.MKTP.KD.ZG (market exchange rates)
1999,75.7300033569336,1.3600000143051147,1.830000042915344,,EI consumption,"Energy Institute Statistical Review of World Energy 2025, world oil consumption (thousand b/d), via OWID mirror of EI consolidated dataset",3.58,World Bank WDI NY.GDP.MKTP.KD.ZG (market exchange rates)
2000,76.69999694824219,0.9700000286102296,1.2799999713897705,,EI consumption,"Energy Institute Statistical Review of World Energy 2025, world oil consumption (thousand b/d), via OWID mirror of EI consolidated dataset",4.57,World Bank WDI NY.GDP.MKTP.KD.ZG (market exchange rates)
2001,77.56999969482422,0.8700000047683716,1.1299999952316284,,EI consumption,"Energy Institute Statistical Review of World Energy 2025, world oil consumption (thousand b/d), via OWID mirror of EI consolidated dataset",2.03,World Bank WDI NY.GDP.MKTP.KD.ZG (market exchange rates)
2002,78.31999969482422,0.75,0.9700000286102296,,EI consumption,"Energy Institute Statistical Review of World Energy 2025, world oil consumption (thousand b/d), via OWID mirror of EI consolidated dataset",2.32,World Bank WDI NY.GDP.MKTP.KD.ZG (market exchange rates)
2003,79.9000015258789,1.5800000429153442,2.0199999809265137,,EI consumption,"Energy Institute Statistical Review of World Energy 2025, world oil consumption (thousand b/d), via OWID mirror of EI consolidated dataset",3.07,World Bank WDI NY.GDP.MKTP.KD.ZG (market exchange rates)
2004,82.94000244140625,3.039999961853028,3.799999952316284,,EI consumption,"Energy Institute Statistical Review of World Energy 2025, world oil consumption (thousand b/d), via OWID mirror of EI consolidated dataset",4.5,World Bank WDI NY.GDP.MKTP.KD.ZG (market exchange rates)
2005,84.25,1.309999942779541,1.5800000429153442,,EI consumption,"Energy Institute Statistical Review of World Energy 2025, world oil consumption (thousand b/d), via OWID mirror of EI consolidated dataset",4.06,World Bank WDI NY.GDP.MKTP.KD.ZG (market exchange rates)
2006,85.08000183105469,0.8299999833106995,0.9900000095367432,,EI consumption,"Energy Institute Statistical Review of World Energy 2025, world oil consumption (thousand b/d), via OWID mirror of EI consolidated dataset",4.49,World Bank WDI NY.GDP.MKTP.KD.ZG (market exchange rates)
2007,86.33999633789062,1.2599999904632568,1.4800000190734863,,EI consumption,"Energy Institute Statistical Review of World Energy 2025, world oil consumption (thousand b/d), via OWID mirror of EI consolidated dataset",4.43,World Bank WDI NY.GDP.MKTP.KD.ZG (market exchange rates)
2008,85.4000015258789,-0.9399999976158142,-1.090000033378601,Global financial crisis,EI consumption,"Energy Institute Statistical Review of World Energy 2025, world oil consumption (thousand b/d), via OWID mirror of EI consolidated dataset",2.09,World Bank WDI NY.GDP.MKTP.KD.ZG (market exchange rates)
2009,84.05000305175781,-1.350000023841858,-1.5800000429153442,Global financial crisis,EI consumption,"Energy Institute Statistical Review of World Energy 2025, world oil consumption (thousand b/d), via OWID mirror of EI consolidated dataset",-1.33,World Bank WDI NY.GDP.MKTP.KD.ZG (market exchange rates)
2010,87.05999755859375,3.009999990463257,3.5799999237060547,,EI consumption,"Energy Institute Statistical Review of World Energy 2025, world oil consumption (thousand b/d), via OWID mirror of EI consolidated dataset",4.52,World Bank WDI NY.GDP.MKTP.KD.ZG (market exchange rates)
2011,87.88999938964844,0.8299999833106995,0.949999988079071,,EI consumption,"Energy Institute Statistical Review of World Energy 2025, world oil consumption (thousand b/d), via OWID mirror of EI consolidated dataset",3.31,World Bank WDI NY.GDP.MKTP.KD.ZG (market exchange rates)
2012,89.12000274658203,1.2300000190734863,1.399999976158142,,EI consumption,"Energy Institute Statistical Review of World Energy 2025, world oil consumption (thousand b/d), via OWID mirror of EI consolidated dataset",2.75,World Bank WDI NY.GDP.MKTP.KD.ZG (market exchange rates)
2013,90.61000061035156,1.4900000095367432,1.6699999570846558,,EI consumption,"Energy Institute Statistical Review of World Energy 2025, world oil consumption (thousand b/d), via OWID mirror of EI consolidated dataset",2.89,World Bank WDI NY.GDP.MKTP.KD.ZG (market exchange rates)
2014,91.48999786376952,0.8799999952316284,0.9700000286102296,,EI consumption,"Energy Institute Statistical Review of World Energy 2025, world oil consumption (thousand b/d), via OWID mirror of EI consolidated dataset",3.17,World Bank WDI NY.GDP.MKTP.KD.ZG (market exchange rates)
2015,93.3499984741211,1.8600000143051147,2.0299999713897705,,EI consumption,"Energy Institute Statistical Review of World Energy 2025, world oil consumption (thousand b/d), via OWID mirror of EI consolidated dataset",3.13,World Bank WDI NY.GDP.MKTP.KD.ZG (market exchange rates)
2016,95.13999938964844,1.7899999618530271,1.919999957084656,,EI consumption,"Energy Institute Statistical Review of World Energy 2025, world oil consumption (thousand b/d), via OWID mirror of EI consolidated dataset",2.79,World Bank WDI NY.GDP.MKTP.KD.ZG (market exchange rates)
2017,97.2300033569336,2.0899999141693115,2.200000047683716,,EI consumption,"Energy Institute Statistical Review of World Energy 2025, world oil consumption (thousand b/d), via OWID mirror of EI consolidated dataset",3.45,World Bank WDI NY.GDP.MKTP.KD.ZG (market exchange rates)
2018,98.4499969482422,1.2200000286102295,1.25,,EI consumption,"Energy Institute Statistical Review of World Energy 2025, world oil consumption (thousand b/d), via OWID mirror of EI consolidated dataset",3.29,World Bank WDI NY.GDP.MKTP.KD.ZG (market exchange rates)
2019,98.9000015258789,0.449999988079071,0.4600000083446502,,EI consumption,"Energy Institute Statistical Review of World Energy 2025, world oil consumption (thousand b/d), via OWID mirror of EI consolidated dataset",2.68,World Bank WDI NY.GDP.MKTP.KD.ZG (market exchange rates)
2020,90.12000274658205,-8.779999732971191,-8.880000114440918,COVID-19 pandemic,EI consumption,"Energy Institute Statistical Review of World Energy 2025, world oil consumption (thousand b/d), via OWID mirror of EI consolidated dataset",-2.89,World Bank WDI NY.GDP.MKTP.KD.ZG (market exchange rates)
2021,95.30999755859376,5.190000057220459,5.760000228881836,,EI consumption,"Energy Institute Statistical Review of World Energy 2025, world oil consumption (thousand b/d), via OWID mirror of EI consolidated dataset",6.49,World Bank WDI NY.GDP.MKTP.KD.ZG (market exchange rates)
2022,98.3000030517578,2.990000009536743,3.140000104904175,,EI consumption,"Energy Institute Statistical Review of World Energy 2025, world oil consumption (thousand b/d), via OWID mirror of EI consolidated dataset",3.44,World Bank WDI NY.GDP.MKTP.KD.ZG (market exchange rates)
2023,100.69000244140624,2.390000104904175,2.430000066757202,,EI consumption,"Energy Institute Statistical Review of World Energy 2025, world oil consumption (thousand b/d), via OWID mirror of EI consolidated dataset",2.86,World Bank WDI NY.GDP.MKTP.KD.ZG (market exchange rates)
2024,101.41999816894533,0.7300000190734863,0.7200000286102295,,EI consumption,"Energy Institute Statistical Review of World Energy 2025, world oil consumption (thousand b/d), via OWID mirror of EI consolidated dataset",2.9,World Bank WDI NY.GDP.MKTP.KD.ZG (market exchange rates)
2025,104.5,0.83,0.8,,IEA demand (NOTE: IEA basis runs ~2-3 mb/d above EI consumption basis; do not splice levels),IEA Oil Market Report Dec 2025 (+830 kb/d growth); level ~104.4-104.5 mb/d per IEA OMR Aug/Dec 2025 (Aug 2025 OMR: 104.4 mb/d),3.5,IMF WEO Update July 2026 (PPP weights; runs ~0.5pp above market-rate basis). WB market-rate 2025: 2.92
2026,103.5,-1.0,-0.96,"2026 Hormuz war (forecast; part supply-rationing, pent-up demand expected)",IEA demand forecast (level = 2025 IEA level minus 1.0; approximate),"IEA Oil Market Report July 2026: -1.0 mb/d in 2026, first annual decline since 2020; Q2 -4.8, Q3 -1.7, Q4 +1.2 mb/d y-o-y; +2.0 mb/d 2027",3.0,"IMF WEO Update July 2026 projection (PPP weights; ~0.5pp above market-rate basis); world growth 3.0% vs 3.5% in 2025, 3.4% expected 2027"
