date,ghi_midday,temp_midday,temp_evening
2007-01-01,518.6709401709402,25.98128205128205,24.831837606837592
2007-01-02,565.2803418803419,25.640940170940162,24.87980769230771
2007-01-03,531.4982905982906,25.264871794871798,24.465705128205137
2007-01-04,467.4307692307692,24.83384615384615,24.18942307692305
2007-01-05,491.3282051282052,24.754700854700843,24.21335470085467
2007-01-06,468.4316239316239,25.58538461538462,24.590811965811966
2007-01-07,433.3974358974359,25.521709401709405,24.965811965811962
2007-01-08,200.15641025641025,24.55837606837607,23.572970085470107
2007-01-09,515.276923076923,25.46025641025641,24.928418803418808
2007-01-10,446.68974358974356,25.475897435897437,24.91645299145302
2007-01-11,592.7931623931624,25.286410256410257,24.722649572649555
2007-01-12,635.7931623931624,25.238461538461546,24.266773504273488
2007-01-13,604.1239316239316,24.48350427350427,23.894337606837624
2007-01-14,660.8632478632478,25.24162393162394,24.322222222222223
2007-01-15,612.7128205128205,24.88982905982906,24.119123931623896
2007-01-16,670.0059829059829,25.010341880341876,23.96239316239317
2007-01-17,587.2538461538462,25.07837606837607,24.371794871794872
2007-01-18,622.859829059829,25.141965811965814,24.438782051282068
2007-01-19,532.4418803418803,25.210940170940177,24.34679487179487
2007-01-20,563.8316239316239,25.055470085470088,24.426282051282065
2007-01-21,663.5683760683761,25.0908547008547,24.655876068376074
2007-01-22,693.4760683760684,24.94615384615384,24.309401709401705
2007-01-23,316.26410256410253,23.96136752136752,23.37649572649575
2007-01-24,674.0564102564102,24.959658119658123,24.387713675213668
2007-01-25,660.5529914529914,24.675555555555547,24.089957264957274
2007-01-26,692.974358974359,24.845641025641022,23.547863247863244
2007-01-27,703.7752136752136,24.44854700854701,23.93728632478633
2007-01-28,544.3564102564103,24.632735042735035,24.23931623931623
2007-01-29,570.4341880341881,24.86,24.400000000000027
2007-01-30,388.2307692307692,25.07649572649573,24.566025641025615
2007-01-31,607.1341880341881,25.59752136752137,24.87927350427352
2007-02-01,350.7452991452991,24.848119658119664,21.99615384615384
2007-02-02,679.9470085470086,23.285299145299145,22.640491452991462
2007-02-03,708.4478632478633,22.458290598290596,21.627029914529924
2007-02-04,709.2059829059829,22.884529914529914,22.781089743589742
2007-02-05,697.2136752136752,24.421025641025636,23.738354700854696
2007-02-06,603.9940170940171,24.77444444444445,24.221474358974362
2007-02-07,265.2452991452991,24.670598290598292,22.92307692307692
2007-02-08,566.6179487179487,23.65051282051282,22.517628205128204
2007-02-09,458.4,23.232393162393162,22.86826923076923
2007-02-10,674.9948717948718,23.531880341880342,22.60202991452992
2007-02-11,751.0521367521367,23.674188034188035,22.532051282051295
2007-02-12,790.9641025641025,24.390000000000004,23.711645299145317
2007-02-13,794.1452991452991,24.650940170940167,23.958867521367523
2007-02-14,706.2401709401709,24.89666666666667,24.628098290598288
2007-02-15,678.551282051282,25.227777777777785,24.166239316239313
2007-02-16,598.5957264957265,24.509487179487184,23.952670940170968
2007-02-17,685.8811965811966,25.115213675213674,23.939529914529935
2007-02-18,695.5495726495726,24.99982905982906,23.795940170940153
2007-02-19,605.7136752136752,24.525811965811965,23.59230769230769
2007-02-20,623.0752136752137,24.50649572649572,23.533974358974366
2007-02-21,621.3059829059829,24.31324786324786,23.071794871794886
2007-02-22,636.1196581196581,24.295641025641025,23.60149572649572
2007-02-23,660.7162393162394,25.025555555555563,23.880448717948713
2007-02-24,685.5641025641025,24.689230769230768,23.844658119658106
2007-02-25,672.2213675213675,24.71649572649573,23.940384615384612
2007-02-26,749.731623931624,24.62145299145299,24.064529914529928
2007-02-27,560.034188034188,24.719572649572648,24.015705128205134
2007-02-28,723.6017094017094,24.79888888888889,24.100213675213684
2007-03-01,739.0923076923077,24.912136752136753,23.91346153846154
2007-03-02,789.6991452991454,24.675213675213673,24.291132478632477
2007-03-03,708.0418803418803,24.79615384615385,24.4094017094017
2007-03-04,729.6683760683761,25.09470085470085,24.25202991452992
2007-03-05,664.5726495726497,25.015811965811963,24.713888888888896
2007-03-06,816.2205128205128,25.803589743589743,25.37649572649573
2007-03-07,775.3837606837607,25.876752136752135,25.440491452991452
2007-03-08,486.7102564102564,25.330341880341884,24.84925213675213
2007-03-09,583.9504273504274,26.017521367521375,24.84561965811966
2007-03-10,602.4358974358975,24.934871794871803,23.87542735042735
2007-03-11,711.4435897435898,25.07333333333333,25.022329059829055
2007-03-12,570.0769230769231,25.99786324786325,25.22596153846154
2007-03-13,382.3940170940171,25.01863247863246,24.030235042735033
2007-03-14,543.3811965811966,25.22888888888889,24.777029914529912
2007-03-15,504.3974358974359,25.56025641025641,24.550747863247857
2007-03-16,605.2350427350427,25.277863247863255,24.138141025641037
2007-03-17,681.0470085470085,25.263247863247866,24.211111111111123
2007-03-18,703.1991452991454,24.772393162393165,23.972970085470106
2007-03-19,778.5658119658119,25.22094017094016,24.119337606837618
2007-03-20,839.7247863247864,25.384786324786326,24.504273504273513
2007-03-21,716.7042735042735,25.434529914529918,24.261752136752133
2007-03-22,574.4786324786326,25.68461538461538,24.33386752136751
2007-03-23,724.0598290598291,25.6208547008547,24.419658119658116
2007-03-24,756.4222222222222,25.18649572649573,24.118910256410267
2007-03-25,655.2991452991453,24.990170940170934,24.12371794871795
2007-03-26,741.8264957264958,25.384188034188035,24.373611111111106
2007-03-27,704.0589743589744,25.59606837606837,24.760149572649564
2007-03-28,766.4076923076923,25.943333333333335,24.727136752136747
2007-03-29,688.3529914529914,25.223504273504275,24.047435897435896
2007-03-30,780.0367521367522,24.54076923076923,23.881196581196583
2007-03-31,745.4188034188035,24.842136752136753,23.967094017094013
2007-04-01,467.79829059829063,24.049316239316234,23.222970085470088
2007-04-02,867.0940170940172,24.103931623931626,23.26848290598291
2007-04-03,893.5692307692309,23.88529914529915,22.996153846153838
2007-04-04,899.3931623931624,23.879914529914533,23.407051282051277
2007-04-05,941.4632478632478,24.595384615384614,24.39882478632478
2007-04-06,829.6649572649573,25.1791452991453,24.616666666666674
2007-04-07,621.2282051282052,25.336068376068376,24.554914529914523
2007-04-08,700.1051282051283,25.023333333333333,24.273290598290604
2007-04-09,790.5658119658119,25.989572649572654,24.82179487179487
2007-04-10,692.2307692307693,25.9682905982906,24.85576923076922
2007-04-11,863.6649572649573,26.327094017094026,25.523397435897444
2007-04-12,685.257264957265,26.289914529914533,24.960149572649563
2007-04-13,626.2726495726496,25.46102564102564,24.869337606837604
2007-04-14,874.9444444444446,26.27401709401709,25.132158119658136
2007-04-15,689.9803418803419,25.758717948717948,24.8068376068376
2007-04-16,847.7692307692308,25.96683760683761,24.674252136752138
2007-04-17,612.1,25.47871794871795,24.570726495726507
2007-04-18,666.8239316239317,25.28760683760684,24.45064102564102
2007-04-19,775.4598290598291,25.684188034188026,24.709615384615386
2007-04-20,849.8452991452992,25.350512820512815,24.264850427350428
2007-04-21,840.1350427350428,25.481623931623936,24.494764957264955
2007-04-22,872.071794871795,25.58769230769231,24.365811965811943
2007-04-23,821.0034188034188,25.356324786324787,24.40470085470085
2007-04-24,819.5299145299144,25.4457264957265,24.534615384615407
2007-04-25,747.3068376068376,25.46512820512821,24.475747863247854
2007-04-26,844.0649572649572,25.77068376068376,24.601282051282052
2007-04-27,870.0264957264957,25.697264957264963,24.728525641025644
2007-04-28,734.1094017094017,25.474273504273505,24.378632478632472
2007-04-29,769.2709401709402,25.485897435897442,24.499358974358966
2007-04-30,819.7222222222223,25.838034188034186,24.970619658119663
2007-05-01,796.2923076923078,25.744529914529913,24.785042735042744
2007-05-02,797.3111111111111,26.168717948717948,25.216025641025645
2007-05-03,666.2051282051282,26.487606837606837,25.32232905982907
2007-05-04,703.6452991452991,26.592735042735047,25.438141025641027
2007-05-05,870.8777777777777,26.58196581196581,25.879487179487185
2007-05-06,790.8777777777779,26.144017094017094,24.82831196581197
2007-05-07,619.5735042735043,25.779316239316227,24.652243589743602
2007-05-08,802.0897435897435,25.849145299145295,24.88760683760683
2007-05-09,829.5051282051281,25.859743589743584,24.912606837606834
2007-05-10,830.1837606837607,25.534444444444453,24.39113247863248
2007-05-11,758.1282051282052,25.296239316239316,24.488247863247864
2007-05-12,863.994017094017,25.64068376068376,24.739316239316224
2007-05-13,795.1632478632479,26.010683760683765,24.96303418803419
2007-05-14,841.3854700854702,26.43495726495727,25.459401709401707
2007-05-15,741.3444444444444,26.25316239316239,25.30961538461539
2007-05-16,845.6700854700855,26.23589743589743,25.417521367521367
2007-05-17,819.7786324786324,26.07393162393162,25.100320512820502
2007-05-18,747.7846153846154,26.745470085470096,25.93728632478633
2007-05-19,799.6358974358975,27.00897435897436,26.26207264957265
2007-05-20,766.802564102564,26.880769230769232,26.24861111111111
2007-05-21,693.7145299145299,27.07649572649573,26.584615384615383
2007-05-22,827.2760683760683,27.447606837606845,26.595085470085472
2007-05-23,869.0914529914529,26.858803418803415,25.495512820512822
2007-05-24,770.7188034188034,26.431282051282057,25.394017094017094
2007-05-25,763.3290598290598,26.51222222222222,25.438247863247863
2007-05-26,887.0649572649572,26.77324786324786,25.44252136752137
2007-05-27,913.9854700854701,26.51452991452992,25.203205128205123
2007-05-28,712.2017094017094,26.306495726495722,25.340811965811973
2007-05-29,866.3521367521367,26.75358974358975,25.609401709401716
2007-05-30,847.331623931624,26.76547008547008,25.649786324786326
2007-05-31,827.6598290598291,26.726410256410254,25.72777777777779
2007-06-01,858.5615384615385,27.289572649572655,26.001816239316238
2007-06-02,924.8111111111111,27.197264957264952,26.177670940170945
2007-06-03,784.7247863247864,27.14316239316239,25.864636752136747
2007-06-04,603.2034188034188,26.626410256410253,25.829487179487177
2007-06-05,840.068376068376,27.46581196581196,26.075213675213682
2007-06-06,833.5726495726497,27.42051282051282,25.89177350427351
2007-06-07,864.5119658119659,26.86495726495726,25.89487179487179
2007-06-08,912.9393162393162,27.222820512820515,26.11848290598289
2007-06-09,738.8538461538462,27.231880341880338,26.309401709401712
2007-06-10,870.7991452991453,27.352307692307686,26.377777777777784
2007-06-11,907.5692307692309,27.275982905982904,26.32297008547009
2007-06-12,851.2222222222223,27.357350427350422,26.384401709401715
2007-06-13,661.3854700854702,27.33709401709401,26.04989316239316
2007-06-14,553.717094017094,26.78564102564102,25.863675213675204
2007-06-15,781.6102564102564,26.974871794871795,25.994337606837597
2007-06-16,734.7529914529915,26.740940170940178,26.020940170940168
2007-06-17,897.8042735042734,27.107008547008547,26.000961538461524
2007-06-18,901.7803418803418,27.060170940170945,25.985042735042725
2007-06-19,952.8820512820514,26.889999999999997,25.94551282051282
2007-06-20,857.2307692307692,27.374700854700855,26.42435897435898
2007-06-21,825.2410256410255,27.181965811965814,26.18589743589743
2007-06-22,943.1470085470086,27.24991452991453,26.106944444444448
2007-06-23,882.8478632478633,26.750427350427344,25.705555555555556
2007-06-24,898.357264957265,26.273760683760678,25.753205128205124
2007-06-25,865.6427350427351,26.714188034188034,25.696581196581207
2007-06-26,688.7598290598291,26.898632478632475,26.20779914529915
2007-06-27,843.2649572649573,26.974273504273505,26.035149572649562
2007-06-28,700.7700854700854,26.499658119658125,25.771367521367512
2007-06-29,881.2376068376068,26.63461538461538,25.86805555555555
2007-06-30,922.251282051282,26.827606837606833,25.895512820512817
2007-07-01,751.7367521367521,27.12717948717948,25.831089743589747
2007-07-02,744.6837606837607,27.00076923076923,26.059401709401712
2007-07-03,835.125641025641,27.11324786324787,26.175641025641028
2007-07-04,695.2649572649573,27.297435897435896,26.18344017094017
2007-07-05,793.4905982905982,27.274700854700853,26.25918803418804
2007-07-06,922.442735042735,27.210683760683764,26.02542735042734
2007-07-07,862.5487179487179,27.226837606837613,26.33952991452992
2007-07-08,868.4222222222222,27.395213675213675,26.494337606837608
2007-07-09,777.7196581196581,27.238461538461536,26.350320512820502
2007-07-10,813.4675213675214,27.41606837606838,26.30886752136753
2007-07-11,703.6572649572649,27.327179487179485,26.241880341880346
2007-07-12,767.6871794871795,27.243333333333332,26.150320512820507
2007-07-13,638.7307692307693,27.042478632478634,26.194764957264965
2007-07-14,488.76239316239315,26.94145299145299,26.257051282051293
2007-07-15,674.0222222222222,27.073675213675216,26.280662393162395
2007-07-16,749.5307692307692,27.45931623931624,26.458547008547
2007-07-17,888.3333333333334,27.195042735042726,26.231730769230772
2007-07-18,837.8247863247864,27.45666666666667,26.56559829059827
2007-07-19,831.0504273504273,27.707264957264954,26.73482905982906
2007-07-20,802.8709401709401,27.643076923076926,26.564850427350443
2007-07-21,756.0940170940171,27.540341880341877,26.527350427350424
2007-07-22,764.7854700854701,27.357692307692297,26.30929487179488
2007-07-23,792.3974358974359,27.314273504273494,26.5232905982906
2007-07-24,833.3256410256411,27.460769230769223,26.456517094017094
2007-07-25,883.3632478632478,27.23461538461538,26.29647435897436
2007-07-26,814.4376068376068,26.93564102564103,26.374038461538444
2007-07-27,797.4974358974359,27.67632478632479,26.46271367521367
2007-07-28,780.7589743589743,27.57299145299146,26.899252136752132
2007-07-29,878.3324786324786,27.010256410256414,26.478418803418794
2007-07-30,830.7555555555555,27.457094017094022,26.439423076923074
2007-07-31,780.5136752136752,27.61649572649573,26.795512820512823
2007-08-01,847.6358974358975,28.13623931623932,27.139316239316233
2007-08-02,841.1384615384616,27.566581196581193,26.25598290598291
2007-08-03,841.1042735042735,27.39247863247863,26.550961538461543
2007-08-04,802.974358974359,27.17940170940171,26.60822649572649
2007-08-05,920.6760683760683,27.487264957264962,26.668162393162394
2007-08-06,768.4589743589743,28.027264957264958,27.035256410256416
2007-08-07,879.4794871794871,27.75410256410256,26.743589743589745
2007-08-08,858.5521367521367,27.88264957264957,26.820085470085477
2007-08-09,862.2128205128205,27.627179487179497,26.42115384615384
2007-08-10,816.1529914529914,27.90059829059829,26.79871794871795
2007-08-11,638.5905982905982,28.14410256410256,27.127350427350418
2007-08-12,890.7752136752136,27.842820512820502,26.707585470085462
2007-08-13,807.6239316239316,27.60641025641026,26.344230769230762
2007-08-14,848.402564102564,27.503333333333337,26.408547008547
2007-08-15,503.4418803418804,27.30170940170941,26.50769230769231
2007-08-16,844.4615384615385,27.547777777777775,26.510790598290594
2007-08-17,910.4444444444446,27.612478632478638,26.621367521367546
2007-08-18,651.4794871794873,27.505213675213678,26.820512820512825
2007-08-19,708.2940170940171,27.499401709401713,26.624145299145304
2007-08-20,675.7247863247864,27.692222222222227,26.569658119658136
2007-08-21,790.6786324786324,27.307008547008543,26.483333333333334
2007-08-22,852.3803418803418,27.614273504273495,26.60021367521367
2007-08-23,772.8452991452991,27.759401709401708,26.838461538461534
2007-08-24,749.7350427350427,27.555128205128206,27.15619658119658
2007-08-25,770.7803418803419,27.839401709401717,27.42628205128205
2007-08-26,812.4188034188035,28.382222222222225,27.58119658119658
2007-08-27,799.7324786324787,28.36649572649572,27.135149572649574
2007-08-28,783.7470085470086,28.3008547008547,27.047756410256405
2007-08-29,770.2282051282051,27.88606837606838,27.10181623931623
2007-08-30,792.725641025641,28.379999999999995,26.95844017094016
2007-08-31,837.3299145299145,27.77017094017095,26.637713675213693
2007-09-01,858.9059829059828,27.563418803418802,26.880128205128198
2007-09-02,819.3606837606837,27.934102564102567,27.228311965811976
2007-09-03,857.7076923076924,27.846923076923076,27.032478632478625
2007-09-04,865.1547008547008,28.042307692307695,27.02745726495726
2007-09-05,645.8427350427351,28.087008547008544,26.99444444444444
2007-09-06,852.1324786324785,28.244188034188028,27.3181623931624
2007-09-07,863.0726495726497,28.567863247863244,27.597649572649573
2007-09-08,799.834188034188,28.141452991452997,26.94871794871793
2007-09-09,889.7538461538461,27.88145299145299,26.840277777777782
2007-09-10,799.4871794871794,27.779401709401714,27.080769230769235
2007-09-11,824.3589743589744,27.614017094017093,26.433653846153845
2007-09-12,903.6940170940172,27.63495726495726,26.4698717948718
2007-09-13,635.6811965811966,27.30658119658119,26.686217948717953
2007-09-14,770.2059829059829,27.13290598290598,26.669658119658116
2007-09-15,612.2760683760683,27.33102564102564,26.944978632478648
2007-09-16,707.2239316239317,27.406410256410265,26.831196581196572
2007-09-17,766.2222222222223,27.735299145299138,26.747008547008534
2007-09-18,540.7452991452992,27.56205128205128,26.58643162393163
2007-09-19,783.376923076923,27.259316239316234,26.654059829059833
2007-09-20,764.1102564102564,27.79452991452991,26.760897435897427
2007-09-21,663.6102564102564,27.467350427350425,26.66057692307692
2007-09-22,835.4358974358975,27.649230769230776,26.709188034188045
2007-09-23,765.5401709401709,27.250683760683756,26.397329059829048
2007-09-24,739.9264957264957,27.090256410256398,26.474679487179486
2007-09-25,754.1829059829059,27.543675213675215,26.66677350427351
2007-09-26,722.7811965811966,27.414188034188037,26.468696581196596
2007-09-27,617.3923076923077,26.903846153846153,26.4397435897436
2007-09-28,693.5760683760684,27.505384615384617,26.75726495726495
2007-09-29,666.3136752136752,27.924615384615386,27.00074786324786
2007-09-30,599.9008547008547,27.6517094017094,26.570726495726507
2007-10-01,582.6940170940171,27.184786324786323,26.37692307692307
2007-10-02,582.1068376068376,27.24982905982905,26.36260683760687
2007-10-03,626.5948717948718,27.050256410256413,26.178846153846116
2007-10-04,654.4119658119658,27.130683760683763,26.35662393162393
2007-10-05,679.9239316239316,26.99675213675214,26.31335470085469
2007-10-06,627.1555555555556,26.831111111111106,26.210897435897426
2007-10-07,745.9418803418804,27.167948717948725,26.24476495726495
2007-10-08,733.2521367521367,26.612222222222233,26.10961538461538
2007-10-09,772.4341880341881,27.004871794871793,26.354059829059818
2007-10-10,626.8444444444444,27.085982905982906,26.071474358974363
2007-10-11,753.0555555555555,26.86931623931623,26.04893162393162
2007-10-12,635.9042735042734,26.997179487179487,25.883547008547
2007-10-13,689.0136752136752,26.755128205128205,25.890170940170943
2007-10-14,715.1410256410256,26.83042735042735,26.13333333333334
2007-10-15,665.731623931624,26.908119658119652,26.496153846153874
2007-10-16,602.8991452991453,27.172051282051285,26.283440170940167
2007-10-17,730.4957264957264,27.336752136752136,26.557692307692307
2007-10-18,729.0307692307692,26.89940170940171,26.034508547008535
2007-10-19,727.5128205128206,27.315811965811964,26.588782051282053
2007-10-20,686.5769230769231,27.288547008547006,26.568696581196573
2007-10-21,676.3427350427351,27.71444444444444,26.812820512820515
2007-10-22,791.0709401709403,28.029572649572646,26.796047008547013
2007-10-23,801.5094017094018,27.505299145299148,26.527564102564106
2007-10-24,788.0811965811965,27.50777777777778,26.344337606837605
2007-10-25,501.58717948717947,27.13504273504273,26.3402777777778
2007-10-26,647.0683760683761,27.224615384615397,26.2434829059829
2007-10-27,618.4452991452991,27.48213675213675,26.26634615384617
2007-10-28,606.9367521367521,26.89393162393162,25.90235042735044
2007-10-29,690.5982905982906,27.127094017094016,26.179914529914523
2007-10-30,556.0632478632479,26.890769230769234,25.664316239316236
2007-10-31,522.231623931624,26.43461538461538,25.305341880341903
2007-11-01,655.2307692307693,26.799743589743592,26.05758547008548
2007-11-02,684.5042735042736,26.86384615384615,26.384081196581196
2007-11-03,576.4376068376068,26.998547008547014,26.586324786324788
2007-11-04,238.54102564102564,25.782051282051277,24.716666666666665
2007-11-05,517.1897435897436,26.45017094017093,26.067735042735045
2007-11-06,542.0931623931624,26.776239316239327,26.465705128205137
2007-11-07,588.9051282051282,27.37752136752137,26.68653846153846
2007-11-08,567.3299145299145,26.9394017094017,25.94829059829059
2007-11-09,647.3059829059829,26.421880341880332,25.611538461538448
2007-11-10,613.0794871794872,26.658632478632477,25.95512820512822
2007-11-11,580.6025641025641,26.700598290598286,25.760470085470082
2007-11-12,697.8675213675212,27.085641025641024,26.266559829059837
2007-11-13,697.1794871794872,26.657094017094032,25.84732905982907
2007-11-14,552.9410256410256,26.414273504273496,25.58183760683761
2007-11-15,685.5410256410256,26.77846153846154,25.807478632478624
2007-11-16,649.0290598290599,26.79307692307692,25.788461538461533
2007-11-17,613.9700854700855,26.304786324786328,25.349465811965803
2007-11-18,546.1,25.38273504273504,25.153311965811927
2007-11-19,500.5358974358975,25.748974358974372,24.557371794871788
2007-11-20,673.3128205128205,25.317606837606835,24.488461538461554
2007-11-21,469.0735042735043,26.0623076923077,25.115384615384613
2007-11-22,701.0632478632479,25.755811965811972,24.948076923076933
2007-11-23,603.8435897435897,25.617435897435904,24.802884615384624
2007-11-24,482.2786324786325,25.370000000000008,24.74529914529913
2007-11-25,651.1598290598291,26.064700854700853,25.742414529914534
2007-11-26,664.3102564102564,26.4017094017094,25.74540598290597
2007-11-27,420.72393162393166,26.735726495726492,26.2840811965812
2007-11-28,332.04786324786323,25.571452991452993,25.116559829059767
2007-11-29,618.2786324786325,26.49760683760684,25.679273504273507
2007-11-30,338.14444444444445,26.245470085470078,25.669764957264945
2007-12-01,531.6888888888889,26.17726495726496,25.782905982906005
2007-12-02,538.9307692307692,26.69905982905982,24.983119658119666
2007-12-03,233.35982905982905,25.536324786324776,25.266452991452972
2007-12-04,467.8529914529915,26.911367521367545,26.385256410256442
2007-12-05,524.3470085470086,25.312222222222214,25.333974358974388
2007-12-06,483.99230769230763,25.123931623931618,24.91399572649574
2007-12-07,333.3871794871795,25.50786324786325,25.279807692307724
2007-12-08,570.8247863247864,26.058119658119644,25.287499999999998
2007-12-09,544.3256410256411,25.368632478632485,25.015705128205127
2007-12-10,525.1752136752136,25.14299145299145,25.266987179487174
2007-12-11,556.9957264957266,25.862136752136752,25.08824786324786
2007-12-12,554.3700854700854,25.88264957264956,25.117948717948696
2007-12-13,529.234188034188,25.302051282051277,24.566452991452984
2007-12-14,542.3717948717948,25.023589743589746,24.73141025641025
2007-12-15,534.402564102564,25.41957264957264,24.489102564102577
2007-12-16,541.491452991453,25.50752136752137,24.56100427350428
2007-12-17,578.5589743589743,25.30717948717948,24.56762820512818
2007-12-18,441.3948717948718,25.0025641025641,24.17852564102563
2007-12-19,561.142735042735,25.21307692307692,24.50876068376069
2007-12-20,549.4290598290598,24.724615384615383,24.1383547008547
2007-12-21,607.1299145299146,24.694957264957274,24.09935897435898
2007-12-22,521.4931623931624,24.98564102564102,24.448611111111127
2007-12-23,495.50427350427356,25.329743589743593,24.395619658119685
2007-12-24,489.9051282051282,25.18649572649573,24.344230769230794
2007-12-25,492.34444444444443,24.940512820512815,24.117841880341878
2007-12-26,497.00598290598293,24.6005982905983,24.172008547008513
2007-12-27,394.66923076923075,24.728290598290602,24.214743589743556
2007-12-28,276.5854700854701,24.786410256410257,24.53632478632478
2007-12-29,423.02735042735037,25.096666666666675,24.35940170940173
2007-12-30,427.0854700854701,24.569743589743588,24.373504273504274
2007-12-31,398.6068376068376,24.712222222222216,24.412820512820534
2008-01-01,512.017094017094,24.018888888888892,23.587393162393155
2008-01-02,392.0444444444444,23.887692307692298,23.2011752136752
2008-01-03,498.8931623931624,24.080598290598285,23.590064102564092
2008-01-04,603.1350427350428,24.68547008547009,23.899893162393198
2008-01-05,460.85213675213674,24.91273504273504,24.100641025641032
2008-01-06,641.7675213675213,25.200598290598286,24.664316239316236
2008-01-07,624.9837606837607,25.059059829059827,24.650106837606838
2008-01-08,667.9675213675214,24.993931623931623,24.36196581196581
2008-01-09,603.1418803418803,25.10923076923077,24.909829059829057
2008-01-10,347.3820512820513,24.589999999999996,24.07542735042736
2008-01-11,514.3384615384615,24.897350427350425,24.342628205128207
2008-01-12,651.5769230769231,25.114358974358968,24.125854700854696
2008-01-13,489.85213675213674,23.368632478632467,22.051495726495737
2008-01-14,575.5495726495726,23.07341880341881,22.67297008547009
2008-01-15,455.29829059829063,22.555213675213682,22.341666666666693
2008-01-16,536.4094017094018,23.082222222222214,22.876068376068375
2008-01-17,547.0991452991453,23.2691452991453,22.974145299145306
2008-01-18,636.5042735042734,23.887777777777778,23.380235042735045
2008-01-19,644.4700854700856,24.546410256410255,23.826923076923094
2008-01-20,630.9461538461538,24.533931623931615,23.7486111111111
2008-01-21,635.3427350427351,24.495897435897433,23.45363247863249
2008-01-22,656.3376068376068,24.243760683760687,23.38226495726496
2008-01-23,468.9683760683761,24.019316239316225,23.40277777777781
2008-01-24,727.6094017094017,24.04444444444443,23.08311965811965
2008-01-25,543.9444444444445,23.64085470085471,23.265705128205116
2008-01-26,605.5957264957266,23.79521367521367,23.115598290598292
2008-01-27,600.0034188034189,23.766068376068382,22.939850427350454
2008-01-28,620.5179487179487,23.455641025641018,22.42767094017096
2008-01-29,599.8102564102564,23.108119658119662,22.54807692307692
2008-01-30,560.274358974359,23.3140170940171,23.036111111111104
2008-01-31,618.8076923076924,23.897521367521374,23.342841880341897
2008-02-01,557.2888888888889,24.20452991452992,23.55202991452992
2008-02-02,414.1401709401709,24.29461538461539,23.842628205128197
2008-02-03,452.3470085470085,24.330940170940167,23.60897435897436
2008-02-04,408.3538461538461,23.81145299145298,23.339529914529933
2008-02-05,444.9188034188034,24.0028205128205,23.594017094017094
2008-02-06,607.8931623931624,24.34658119658119,23.665064102564116
2008-02-07,634.0042735042734,24.457948717948717,23.869658119658112
2008-02-08,590.7982905982906,24.120341880341886,23.38237179487179
2008-02-09,596.0264957264957,24.0548717948718,23.457905982905974
2008-02-10,689.9521367521368,24.925042735042737,23.905982905982903
2008-02-11,671.7153846153846,24.703760683760688,23.834081196581195
2008-02-12,746.1307692307693,24.810427350427346,23.986752136752138
2008-02-13,714.8521367521367,24.35863247863248,23.952350427350424
2008-02-14,541.808547008547,24.344102564102563,23.75929487179486
2008-02-15,676.3803418803419,24.743504273504275,24.32702991452992
2008-02-16,656.6025641025641,24.43769230769231,23.98130341880342
2008-02-17,673.2991452991453,24.90136752136752,24.483333333333338
2008-02-18,744.2948717948718,25.148632478632486,24.853739316239317
2008-02-19,774.0897435897435,25.129145299145296,24.928739316239323
2008-02-20,759.2632478632479,24.79205128205128,23.71175213675213
2008-02-21,815.574358974359,25.08623931623931,24.8340811965812
2008-02-22,791.2470085470085,24.897521367521364,24.314102564102566
2008-02-23,805.2581196581197,24.915299145299148,24.665811965811965
2008-02-24,293.59829059829065,25.25529914529914,24.261431623931628
2008-02-25,783.1247863247863,23.93290598290598,23.00726495726495
2008-02-26,815.751282051282,24.00188034188034,23.792094017094023
2008-02-27,812.3324786324786,24.980085470085477,24.311004273504274
2008-02-28,634.4341880341881,24.298547008546997,24.06570512820513
2008-02-29,786.3709401709401,25.5082905982906,24.677991452991453
2008-03-01,775.2837606837606,25.570341880341886,25.284188034188038
2008-03-02,643.551282051282,25.339145299145297,25.243055555555554
2008-03-03,794.0965811965813,25.429145299145304,24.753632478632476
2008-03-04,853.0905982905982,25.591709401709398,24.64316239316239
2008-03-05,702.0777777777778,25.391452991452983,24.98792735042735
2008-03-06,858.0162393162393,25.419743589743586,24.29508547008548
2008-03-07,723.3871794871795,25.593076923076918,25.20160256410257
2008-03-08,757.142735042735,25.58735042735043,25.09423076923077
2008-03-09,738.3273504273504,25.631282051282056,25.350534188034185
2008-03-10,723.5008547008547,25.870854700854704,25.486431623931622
2008-03-11,837.4769230769231,26.1551282051282,25.0897435897436
2008-03-12,809.7923076923078,25.70222222222222,24.673076923076934
2008-03-13,720.8666666666667,25.6008547008547,24.686217948717967
2008-03-14,795.0666666666667,25.749999999999993,24.676923076923085
2008-03-15,715.7128205128205,25.27119658119657,24.446901709401708
2008-03-16,760.9940170940171,25.546923076923083,24.120405982905993
2008-03-17,705.5042735042736,25.366581196581198,24.3770299145299
2008-03-18,647.9230769230769,24.950256410256408,24.0392094017094
2008-03-19,719.6418803418803,25.005811965811965,24.024679487179498
2008-03-20,699.5307692307692,25.13350427350428,24.221581196581212
2008-03-21,571.4376068376068,25.125555555555557,24.227243589743594
2008-03-22,655.8521367521367,24.80871794871795,24.25309829059829
2008-03-23,866.1213675213676,25.134529914529917,24.176388888888905
2008-03-24,823.0564102564101,25.786068376068368,24.428739316239323
2008-03-25,833.3572649572649,25.75846153846154,24.672649572649576
2008-03-26,864.7179487179488,25.745641025641028,24.24626068376069
2008-03-27,795.1683760683761,25.34547008547009,24.446474358974342
2008-03-28,748.1897435897436,25.310598290598286,24.31869658119657
2008-03-29,774.4128205128205,25.26410256410256,24.452457264957253
2008-03-30,821.8102564102564,25.2582905982906,24.198504273504277
2008-03-31,822.4393162393162,24.92965811965812,23.85181623931623
2008-04-01,832.1470085470086,24.990683760683762,23.507371794871787
2008-04-02,880.6376068376069,24.386837606837606,23.135042735042735
2008-04-03,786.1880341880342,23.291452991452985,22.726175213675205
2008-04-04,754.2521367521367,23.855897435897436,23.1957264957265
2008-04-05,779.5162393162393,24.202051282051283,23.32638888888889
2008-04-06,621.2153846153847,24.41709401709402,23.407264957264946
2008-04-07,692.2264957264957,24.518632478632487,23.70224358974358
2008-04-08,734.2709401709401,25.442222222222224,25.134294871794864
2008-04-09,212.3965811965812,23.46931623931624,22.522649572649595
2008-04-10,412.38888888888886,24.607008547008554,23.958547008547008
2008-04-11,677.6264957264957,24.708376068376083,24.071367521367538
2008-04-12,702.017094017094,24.813931623931623,24.093376068376067
2008-04-13,739.9623931623931,24.799829059829058,24.036111111111122
2008-04-14,863.1709401709402,25.094017094017097,24.355982905982902
2008-04-15,840.4760683760684,25.321111111111115,24.478952991452985
2008-04-16,738.1025641025641,25.15700854700856,24.80908119658119
2008-04-17,448.58974358974353,24.686239316239323,24.674465811965813
2008-04-18,890.9478632478633,25.80641025641025,24.570512820512818
2008-04-19,841.5264957264957,25.272649572649577,24.256944444444443
2008-04-20,761.3350427350427,24.786837606837615,24.1457264957265
2008-04-21,864.9632478632478,25.623846153846152,24.637499999999996
2008-04-22,856.2803418803418,25.60512820512821,24.44967948717949
2008-04-23,898.8059829059828,25.80068376068376,25.28974358974359
2008-04-24,879.0239316239316,25.921367521367518,25.403525641025634
2008-04-25,660.6324786324788,26.026837606837613,25.256089743589758
2008-04-26,844.1196581196582,26.601025641025643,25.723290598290593
2008-04-27,867.4880341880341,26.3274358974359,25.511538461538464
2008-04-28,716.4102564102565,26.042393162393164,25.119871794871802
2008-04-29,704.3752136752137,25.921111111111106,24.91517094017094
2008-04-30,637.7418803418802,25.632393162393157,24.949358974358972
2008-05-01,831.9410256410256,25.673418803418798,24.83653846153846
2008-05-02,770.6307692307693,25.628717948717952,24.68002136752137
2008-05-03,696.982905982906,25.466324786324794,24.51303418803419
2008-05-04,803.3538461538461,25.704700854700853,24.576068376068378
2008-05-05,740.2692307692307,25.863675213675215,24.984615384615385
2008-05-06,778.0811965811965,25.744188034188028,24.855448717948704
2008-05-07,856.8196581196582,25.767094017094006,24.651068376068384
2008-05-08,854.8299145299145,25.564017094017096,24.305982905982912
2008-05-09,909.8692307692309,25.500256410256416,24.52061965811967
2008-05-10,881.4478632478633,25.61965811965813,24.57457264957266
2008-05-11,866.9769230769231,25.693504273504278,24.778846153846153
2008-05-12,836.8615384615384,25.84504273504274,25.04818376068376
2008-05-13,744.4598290598291,25.710256410256413,25.360149572649572
2008-05-14,720.7418803418802,25.967264957264963,25.30138888888889
2008-05-15,860.4897435897435,26.5817094017094,25.916132478632488
2008-05-16,802.7846153846153,26.78880341880342,26.257051282051275
2008-05-17,861.3675213675212,27.19589743589744,26.12318376068376
2008-05-18,925.3589743589744,27.267094017094013,26.236645299145295
2008-05-19,554.6495726495726,26.996324786324788,26.01698717948717
2008-05-20,768.7581196581197,26.706752136752147,26.027777777777764
2008-05-21,624.1521367521367,26.37495726495727,25.76025641025641
2008-05-22,446.68290598290594,26.55897435897436,25.72820512820514
2008-05-23,743.0726495726497,27.15794871794872,26.413247863247868
2008-05-24,912.6264957264957,26.774102564102567,25.648717948717938
2008-05-25,868.6666666666666,26.729829059829058,25.80929487179488
2008-05-26,844.2794871794871,26.911538461538463,26.061217948717946
2008-05-27,852.5094017094018,27.171111111111106,26.108974358974372
2008-05-28,867.3880341880342,27.12495726495726,25.955448717948716
2008-05-29,943.1128205128205,26.518205128205132,25.532371794871796
2008-05-30,780.7247863247864,26.34145299145299,25.267307692307696
2008-05-31,769.7461538461539,26.60957264957265,25.856517094017093
2008-06-01,946.6145299145298,26.413504273504277,25.53119658119658
2008-06-02,815.551282051282,26.675213675213673,25.699465811965805
2008-06-03,782.1094017094017,26.547179487179495,25.783760683760683
2008-06-04,622.0188034188034,26.52470085470086,25.976175213675212
2008-06-05,775.7615384615385,25.811452991452988,25.589529914529926
2008-06-06,801.5957264957265,26.731282051282044,26.29957264957265
2008-06-07,908.5264957264957,26.66589743589743,26.177777777777774
2008-06-08,645.8649572649572,26.528461538461535,25.884401709401708
2008-06-09,894.9957264957266,26.595897435897438,25.501602564102562
2008-06-10,887.8282051282051,26.294786324786322,25.668696581196578
2008-06-11,815.8692307692307,26.217350427350432,25.64668803418804
2008-06-12,747.5811965811965,26.351282051282055,25.868803418803424
2008-06-13,896.0461538461539,26.37675213675214,25.61356837606837
2008-06-14,899.6196581196582,26.282649572649575,25.261538461538454
2008-06-15,845.0102564102565,26.10623931623932,25.59668803418803
2008-06-16,701.8427350427351,26.597606837606826,25.94882478632478
2008-06-17,683.1572649572649,26.81965811965812,26.181089743589734
2008-06-18,783.8957264957264,26.7565811965812,25.535470085470095
2008-06-19,812.7846153846153,26.05119658119658,25.36570512820512
2008-06-20,893.0598290598291,26.02982905982906,25.102350427350448
2008-06-21,872.5393162393162,26.255811965811965,25.51709401709402
2008-06-22,822.697435897436,26.30094017094017,25.452777777777776
2008-06-23,829.8350427350427,26.761709401709403,25.875
2008-06-24,775.5606837606838,26.78897435897436,25.738141025641024
2008-06-25,612.3444444444444,26.739230769230762,25.66260683760684
2008-06-26,793.5965811965813,26.887350427350423,26.056517094017103
2008-06-27,571.4094017094018,27.049230769230768,26.308333333333334
2008-06-28,762.4957264957264,27.54632478632478,26.87574786324786
2008-06-29,911.8247863247864,27.619829059829055,27.044764957264952
2008-06-30,857.1444444444445,27.407606837606835,26.912072649572654
2008-07-01,678.0572649572649,27.118803418803413,26.600854700854697
2008-07-02,857.9598290598291,27.513675213675214,26.541880341880347
2008-07-03,819.0880341880342,27.57623931623932,26.26185897435898
2008-07-04,828.7555555555555,27.009829059829066,26.323183760683744
2008-07-05,765.6162393162393,27.432051282051283,26.736645299145295
2008-07-06,924.6384615384616,27.953162393162387,27.104914529914534
2008-07-07,918.7376068376068,27.79418803418804,26.942414529914537
2008-07-08,866.9965811965812,27.56213675213675,26.58098290598291
2008-07-09,802.9871794871794,27.727350427350427,26.981303418803428
2008-07-10,874.6504273504273,27.682478632478638,26.476175213675216
2008-07-11,821.0059829059828,27.05897435897436,26.212179487179494
2008-07-12,828.1145299145298,27.58290598290598,26.653739316239307
2008-07-13,870.6846153846154,28.04307692307692,26.807585470085474
2008-07-14,737.7666666666667,27.51205128205128,26.413141025641018
2008-07-15,694.9,27.81290598290599,26.72361111111111
2008-07-16,899.0623931623932,27.54495726495727,26.492307692307683
2008-07-17,777.982905982906,27.64752136752137,26.71388888888889
2008-07-18,724.6051282051283,27.58410256410256,26.628311965811974
2008-07-19,779.5470085470085,27.40376068376068,26.5977564102564
2008-07-20,660.1222222222223,27.03136752136752,26.374252136752126
2008-07-21,707.802564102564,27.72153846153846,26.757585470085477
2008-07-22,719.2042735042735,27.751880341880348,26.627243589743593
2008-07-23,624.4769230769231,27.399829059829063,26.33643162393162
2008-07-24,680.0162393162393,27.507692307692317,26.320085470085466
2008-07-25,860.6068376068375,27.340769230769222,26.359188034188033
2008-07-26,850.8316239316239,27.12042735042734,26.521260683760687
2008-07-27,915.6034188034188,27.414444444444438,26.505555555555556
2008-07-28,757.3803418803419,27.496068376068376,26.4102564102564
2008-07-29,874.7760683760683,27.373076923076923,26.404380341880334
2008-07-30,893.7076923076924,27.510940170940177,26.30502136752137
2008-07-31,931.2615384615385,27.498461538461537,26.518803418803422
2008-08-01,843.7290598290598,27.171282051282056,26.23429487179487
2008-08-02,804.5521367521367,27.385982905982917,26.439316239316238
2008-08-03,790.5777777777778,27.293675213675215,26.362606837606833
2008-08-04,722.851282051282,27.69264957264958,26.850534188034175
2008-08-05,881.9649572649572,27.566837606837613,26.686004273504263
2008-08-06,770.4179487179488,27.316837606837602,26.321367521367527
2008-08-07,650.1846153846153,27.410427350427348,26.17863247863248
2008-08-08,797.3350427350427,27.235897435897435,26.347222222222218
2008-08-09,887.5222222222222,27.61444444444445,26.437393162393164
2008-08-10,835.791452991453,27.29863247863248,26.30876068376068
2008-08-11,847.9051282051281,27.325811965811955,26.289316239316243
2008-08-12,847.2735042735043,27.57675213675214,26.632158119658126
2008-08-13,848.5623931623932,27.28290598290598,26.36773504273505
2008-08-14,619.8863247863248,27.726239316239315,26.87959401709401
2008-08-15,889.1316239316238,27.974273504273498,26.776175213675216
2008-08-16,777.0675213675213,27.355384615384622,26.155235042735043
2008-08-17,860.3931623931624,27.536153846153848,26.723824786324798
2008-08-18,845.8735042735043,27.689743589743586,26.377670940170926
2008-08-19,830.3239316239317,27.191794871794873,26.302243589743586
2008-08-20,856.3837606837608,27.46145299145299,26.46314102564103
2008-08-21,730.9632478632478,26.870854700854693,26.0573717948718
2008-08-22,820.2461538461539,27.327606837606844,26.18376068376068
2008-08-23,799.6948717948718,27.08948717948718,26.278846153846136
2008-08-24,807.2991452991453,27.37965811965812,26.73547008547009
2008-08-25,839.3666666666666,27.367777777777775,26.393589743589736
2008-08-26,752.5273504273504,27.655470085470093,26.58621794871795
2008-08-27,760.3102564102564,27.256068376068374,26.470512820512823
2008-08-28,840.6965811965813,27.309059829059827,26.35929487179487
2008-08-29,877.4786324786324,27.07316239316239,26.05341880341882
2008-08-30,702.3555555555556,27.209230769230764,26.494337606837618
2008-08-31,834.874358974359,27.318119658119656,26.63130341880343
2008-09-01,893.5726495726497,27.602307692307686,26.42905982905982
2008-09-02,865.3888888888889,27.484871794871786,26.672863247863262
2008-09-03,887.1059829059828,27.386239316239323,26.55844017094017
2008-09-04,797.9606837606838,27.646410256410253,26.739743589743597
2008-09-05,786.4119658119658,27.619316239316237,26.558760683760678
2008-09-06,675.8393162393162,27.505213675213678,26.49978632478633
2008-09-07,819.9384615384615,27.257521367521367,26.376282051282036
2008-09-08,777.571794871795,27.419487179487174,26.083867521367548
2008-09-09,845.142735042735,27.47418803418804,26.34337606837607
2008-09-10,776.5905982905982,27.42709401709401,26.106837606837605
2008-09-11,639.3623931623931,27.310427350427357,26.535683760683767
2008-09-12,627.0641025641025,27.734615384615388,26.820299145299142
2008-09-13,651.9991452991453,27.876923076923077,27.07168803418803
2008-09-14,733.1102564102564,27.578974358974364,27.07670940170941
2008-09-15,694.9863247863248,27.94564102564102,26.791132478632484
2008-09-16,890.3358974358974,27.237350427350425,26.359935897435886
2008-09-17,867.3675213675215,27.58512820512821,26.489316239316246
2008-09-18,845.1923076923076,27.386239316239323,26.516239316239314
2008-09-19,585.1350427350428,27.66461538461538,26.730876068376062
2008-09-20,809.1991452991454,27.493418803418802,26.336538461538463
2008-09-21,787.894017094017,27.237606837606837,26.444764957264955
2008-09-22,701.7726495726496,27.23777777777778,26.551388888888894
2008-09-23,703.5179487179487,27.443675213675213,26.438141025641016
2008-09-24,716.1393162393163,27.15905982905984,26.362072649572646
2008-09-25,703.0299145299145,27.012991452991447,26.285683760683753
2008-09-26,607.1837606837607,27.222478632478634,26.53269230769233
2008-09-27,778.7068376068376,27.651965811965812,26.96228632478632
2008-09-28,736.1521367521367,26.956239316239316,26.476068376068373
2008-09-29,837.9547008547008,27.819401709401706,26.452457264957264
2008-09-30,735.1641025641026,27.204700854700853,26.065064102564115
2008-10-01,749.725641025641,27.584871794871795,26.345940170940153
2008-10-02,729.3692307692307,27.458888888888886,26.53066239316239
2008-10-03,661.651282051282,27.381965811965802,26.35267094017093
2008-10-04,726.6008547008547,27.460512820512825,26.455128205128204
2008-10-05,780.6128205128205,27.427606837606838,26.487286324786343
2008-10-06,712.948717948718,27.77794871794871,26.831517094017087
2008-10-07,770.3162393162393,27.7191452991453,26.86388888888889
2008-10-08,689.8042735042735,27.394273504273503,26.533653846153854
2008-10-09,753.8196581196581,27.124529914529923,26.334401709401686
2008-10-10,673.2,27.071282051282047,26.553205128205132
2008-10-11,638.4452991452991,27.18905982905984,26.511004273504277
2008-10-12,687.4495726495727,26.989658119658117,26.068803418803412
2008-10-13,547.2034188034188,26.16786324786325,25.597222222222218
2008-10-14,645.9136752136752,27.214786324786324,26.73995726495727
2008-10-15,548.4811965811966,27.020769230769236,26.69839743589744
2008-10-16,742.6153846153845,27.181965811965807,25.985363247863276
2008-10-17,668.851282051282,27.00418803418803,26.087820512820528
2008-10-18,467.32991452991456,27.041709401709397,26.01666666666667
2008-10-19,503.2008547008547,27.175641025641028,26.145299145299152
2008-10-20,603.2273504273504,27.16042735042735,26.245619658119658
2008-10-21,679.5760683760684,26.619230769230768,26.0977564102564
2008-10-22,679.1683760683761,27.298547008547008,26.313995726495726
2008-10-23,755.874358974359,26.689487179487195,25.90042735042737
2008-10-24,694.2282051282052,26.47478632478633,25.372970085470087
2008-10-25,331.282905982906,26.02461538461539,25.26495726495725
2008-10-26,376.85555555555555,25.90495726495726,25.827136752136774
2008-10-27,637.6854700854701,26.707008547008552,26.214529914529912
2008-10-28,413.40427350427353,26.822649572649585,26.290811965811976
2008-10-29,590.4230769230769,27.062564102564107,26.00213675213676
2008-10-30,513.091452991453,26.42299145299146,25.395299145299163
2008-10-31,684.265811965812,25.999914529914527,25.222863247863234
2008-11-01,595.5871794871795,26.54623931623931,25.52500000000001
2008-11-02,623.0324786324786,26.13128205128205,25.42638888888888
2008-11-03,687.1,26.549230769230768,25.82820512820512
2008-11-04,521.9128205128205,27.11076923076923,26.342414529914535
2008-11-05,556.2752136752136,27.131709401709394,26.396153846153858
2008-11-06,740.8982905982906,26.713589743589743,25.731196581196574
2008-11-07,701.8051282051281,26.790256410256404,26.13632478632479
2008-11-08,630.3017094017093,26.39025641025641,26.015277777777786
2008-11-09,554.0213675213674,26.61940170940171,25.725106837606816
2008-11-10,566.4076923076923,26.37188034188033,25.67083333333331
2008-11-11,642.3162393162394,26.945555555555558,25.823183760683747
2008-11-12,621.6726495726496,26.737094017094012,25.92596153846155
2008-11-13,519.5991452991453,26.451367521367512,25.819337606837603
2008-11-14,481.8333333333333,26.078034188034188,25.938247863247863
2008-11-15,388.6991452991453,26.25239316239316,25.57596153846154
2008-11-16,601.8008547008546,25.28470085470085,24.69636752136749
2008-11-17,472.58974358974353,25.07564102564103,24.8567307692308
2008-11-18,507.42478632478634,25.669059829059837,24.85662393162394
2008-11-19,567.0666666666667,25.52641025641025,24.81303418803421
2008-11-20,558.3623931623931,26.09358974358974,25.67574786324787
2008-11-21,397.3051282051282,25.566752136752136,24.49465811965812
2008-11-22,142.45641025641027,24.69461538461536,24.710683760683775
2008-11-23,408.0282051282051,26.12470085470086,25.196581196581175
2008-11-24,574.8581196581197,26.04769230769231,25.012820512820532
2008-11-25,582.6418803418803,25.564871794871806,24.773824786324766
2008-11-26,530.9871794871794,26.073418803418804,24.95662393162394
2008-11-27,620.140170940171,26.045641025641025,24.92820512820513
2008-11-28,618.9923076923076,25.708888888888897,25.219764957264957
2008-11-29,356.74102564102566,24.660769230769226,23.83493589743593
2008-11-30,563.5632478632479,25.271538461538462,25.166666666666664
2008-12-01,559.4128205128205,25.874786324786328,25.02564102564103
2008-12-02,474.8666666666667,26.13700854700854,25.455982905982907
2008-12-03,503.791452991453,25.79991452991455,25.374038461538458
2008-12-04,653.5222222222222,25.637948717948717,24.8607905982906
2008-12-05,573.7350427350427,24.88717948717948,24.58995726495725
2008-12-06,621.4709401709401,25.734188034188037,24.78162393162393
2008-12-07,428.11623931623933,25.471794871794877,25.017094017094017
2008-12-08,502.3820512820513,24.93641025641026,24.373611111111103
2008-12-09,571.742735042735,25.20068376068376,24.50961538461539
2008-12-10,430.64358974358976,25.287777777777777,24.885576923076933
2008-12-11,195.95555555555558,24.925299145299157,24.04262820512821
2008-12-12,292.3777777777778,25.335982905982924,24.817841880341916
2008-12-13,201.98034188034188,25.384188034188053,24.58269230769231
2008-12-14,479.4641025641025,25.239914529914536,24.964850427350424
2008-12-15,510.97863247863245,25.417606837606836,25.102243589743573
2008-12-16,457.8589743589743,25.088803418803423,24.865811965812004
2008-12-17,408.72393162393166,24.99042735042736,24.59358974358973
2008-12-18,472.4931623931624,25.14495726495726,24.995405982905986
2008-12-19,356.882905982906,25.443162393162392,25.03162393162394
2008-12-20,490.31880341880344,25.048888888888893,24.119551282051276
2008-12-21,598.0811965811965,25.16529914529915,24.533119658119663
2008-12-22,510.59743589743596,25.05752136752138,24.1573717948718
2008-12-23,559.8726495726496,25.017948717948713,24.145085470085462
2008-12-24,630.2615384615385,24.8025641025641,24.087393162393138
2008-12-25,547.6,25.15170940170941,24.32393162393162
2008-12-26,353.51880341880343,23.98529914529915,23.686752136752094
2008-12-27,450.94358974358977,23.870256410256403,23.692841880341856
2008-12-28,475.6376068376068,24.24871794871794,24.090277777777736
2008-12-29,501.20512820512823,24.6374358974359,24.126388888888883
2008-12-30,361.42478632478634,24.612136752136767,24.17724358974356
2008-12-31,475.2538461538462,24.100598290598292,23.541452991452992
2018-01-01,564.1521367521367,24.73923076923077,24.113354700854707
2018-01-02,577.1299145299146,24.478119658119645,23.44668803418805
2018-01-03,664.142735042735,24.11863247863248,23.1107905982906
2018-01-04,575.0957264957265,24.378547008547002,23.73514957264955
2018-01-05,597.3324786324787,24.176581196581193,23.69935897435895
2018-01-06,514.1470085470086,24.434188034188033,23.827136752136745
2018-01-07,537.5666666666666,24.656581196581193,23.643162393162385
2018-01-08,607.3897435897436,24.570940170940172,24.004914529914547
2018-01-09,571.5128205128206,25.362393162393154,24.604807692307702
2018-01-10,640.8623931623931,24.735042735042732,24.174786324786332
2018-01-11,644.8435897435897,25.04205128205128,24.570833333333333
2018-01-12,684.359829059829,25.192649572649575,24.462393162393166
2018-01-13,695.4358974358975,24.79324786324786,24.093376068376067
2018-01-14,709.053846153846,24.778205128205123,24.120192307692303
2018-01-15,699.2205128205129,24.710769230769227,23.643803418803422
2018-01-16,689.8521367521367,24.840427350427348,23.92318376068378
2018-01-17,534.0769230769231,24.791025641025637,23.96047008547011
2018-01-18,644.617094017094,24.819572649572653,23.999145299145315
2018-01-19,519.6888888888889,25.113418803418803,24.50598290598291
2018-01-20,415.1247863247863,24.804529914529905,24.04957264957266
2018-01-21,582.7803418803419,24.70512820512821,23.953311965811977
2018-01-22,639.2188034188034,24.552905982905976,23.732051282051273
2018-01-23,484.65726495726494,24.792307692307695,24.07948717948718
2018-01-24,637.9974358974359,24.981965811965807,23.932799145299143
2018-01-25,510.9418803418804,24.720512820512816,24.426495726495723
2018-01-26,709.5290598290597,25.11025641025642,24.690918803418793
2018-01-27,554.6547008547009,25.01341880341881,24.530876068376063
2018-01-28,591.0572649572649,24.603675213675217,23.966346153846146
2018-01-29,738.7820512820513,24.75683760683761,24.022756410256413
2018-01-30,649.9735042735043,24.493846153846157,24.401495726495735
2018-01-31,515.7196581196581,25.460000000000015,24.607478632478625
2018-02-01,513.0153846153846,25.541452991452996,24.785897435897432
2018-02-02,403.62735042735045,25.307521367521367,24.709401709401696
2018-02-03,391.84615384615387,25.04538461538461,24.573183760683765
2018-02-04,235.94615384615386,25.05435897435898,24.076068376068378
2018-02-05,433.3230769230769,24.403760683760698,23.231517094017093
2018-02-06,639.7034188034188,23.775982905982918,23.217628205128207
2018-02-07,621.0957264957266,23.753589743589746,23.238354700854703
2018-02-08,741.7965811965812,22.74102564102564,21.344123931623923
2018-02-09,720.3735042735043,22.819572649572642,21.787179487179472
2018-02-10,583.7940170940171,22.571880341880338,21.845192307692304
2018-02-11,771.2888888888889,23.393846153846155,23.205341880341877
2018-02-12,739.3820512820513,23.963846153846156,23.845833333333353
2018-02-13,404.08717948717947,24.532905982905977,24.154487179487155
2018-02-14,229.9735042735043,24.080769230769214,22.900641025641022
2018-02-15,711.5948717948718,23.913162393162384,23.4621794871795
2018-02-16,689.6188034188034,24.21991452991453,23.766559829059837
2018-02-17,604.605982905983,24.345726495726502,23.664850427350434
2018-02-18,176.9188034188034,22.527692307692302,22.490918803418815
2018-02-19,794.1547008547009,22.48333333333334,22.47788461538462
2018-02-20,766.5760683760684,24.014358974358977,23.231410256410257
2018-02-21,640.8299145299145,24.716324786324783,24.128525641025636
2018-02-22,187.9854700854701,24.339914529914523,23.975106837606827
2018-02-23,601.6452991452992,24.77367521367521,24.259722222222234
2018-02-24,547.6282051282051,24.595982905982904,24.332264957264954
2018-02-25,417.7188034188034,23.962478632478657,23.661752136752142
2018-02-26,486.348717948718,24.62384615384616,23.815918803418803
2018-02-27,627.9170940170941,24.177350427350426,23.65085470085471
2018-02-28,563.7649572649573,24.599059829059833,24.088354700854705
2018-03-01,552.7948717948718,24.887692307692305,23.95224358974358
2018-03-02,523.5264957264957,24.32940170940171,23.61880341880343
2018-03-03,414.3393162393162,24.07735042735043,23.464423076923076
2018-03-04,632.4153846153846,24.274017094017097,23.602136752136758
2018-03-05,838.0487179487179,23.81452991452992,22.825854700854695
2018-03-06,661.6418803418803,22.93811965811963,22.085790598290608
2018-03-07,788.9606837606838,22.764102564102565,21.781623931623937
2018-03-08,559.1452991452991,22.132564102564118,21.412286324786336
2018-03-09,645.5658119658119,22.372564102564088,21.488995726495713
2018-03-10,774.9726495726496,22.811794871794874,22.257478632478627
2018-03-11,584.5794871794872,22.20871794871795,21.839209401709397
2018-03-12,485.2076923076923,22.72273504273505,22.052991452991407
2018-03-13,480.23589743589747,23.143931623931618,22.830982905982914
2018-03-14,387.7709401709402,24.515299145299146,24.022435897435894
2018-03-15,738.1358974358975,24.955897435897423,24.500747863247867
2018-03-16,720.5461538461539,25.313333333333333,24.729273504273497
2018-03-17,836.0068376068375,25.47555555555556,24.06474358974359
2018-03-18,610.2358974358974,23.786837606837604,22.965598290598283
2018-03-19,480.6538461538462,23.128034188034185,22.333226495726493
2018-03-20,415.12136752136746,23.790512820512824,22.87478632478632
2018-03-21,561.8085470085471,24.034871794871798,23.176923076923075
2018-03-22,299.71452991452986,23.487094017094016,22.82831196581196
2018-03-23,459.6871794871795,23.971196581196583,22.71634615384616
2018-03-24,276.64529914529913,23.200512820512817,23.093910256410254
2018-03-25,861.3333333333334,24.69213675213675,23.990918803418808
2018-03-26,828.4811965811966,24.425982905982906,23.66570512820513
2018-03-27,919.3641025641025,24.61572649572649,24.038461538461558
2018-03-28,935.3076923076924,24.82393162393163,24.179487179487175
2018-03-29,850.4307692307691,25.53111111111112,25.29572649572649
2018-03-30,866.3418803418803,26.030683760683758,25.4948717948718
2018-03-31,306.065811965812,24.566752136752136,24.85523504273505
2018-04-01,563.1324786324786,25.285726495726493,25.344658119658114
2018-04-02,285.90085470085467,24.785982905982884,24.285256410256398
2018-04-03,592.0700854700855,25.453076923076924,24.60331196581194
2018-04-04,636.2709401709401,26.375384615384615,25.594871794871807
2018-04-05,717.6153846153845,26.391282051282055,25.11602564102564
2018-04-06,716.8008547008546,24.892735042735037,24.136004273504284
2018-04-07,360.91111111111115,24.368974358974363,23.88600427350427
2018-04-08,450.7410256410256,24.55529914529915,23.525534188034186
2018-04-09,668.5316239316239,23.96632478632478,23.248397435897424
2018-04-10,688.8752136752137,24.699487179487182,23.759935897435895
2018-04-11,754.7,24.900769230769228,24.230235042735046
2018-04-12,700.9145299145299,25.352393162393163,24.657692307692308
2018-04-13,825.3008547008546,25.32717948717948,24.64380341880342
2018-04-14,524.3444444444444,24.90914529914529,24.499786324786335
2018-04-15,622.8803418803419,25.03803418803419,24.504166666666684
2018-04-16,711.4478632478633,25.095555555555556,24.430769230769226
2018-04-17,654.8470085470086,24.790427350427347,24.176602564102552
2018-04-18,760.5076923076923,25.237179487179482,24.390170940170925
2018-04-19,485.5658119658119,24.645726495726507,24.22596153846152
2018-04-20,750.5076923076923,25.13863247863248,24.400854700854694
2018-04-21,706.9153846153846,25.185042735042742,24.5448717948718
2018-04-22,787.8658119658119,25.39589743589743,24.438782051282047
2018-04-23,899.8572649572649,25.08307692307692,24.25331196581196
2018-04-24,535.4811965811966,24.830683760683762,24.265384615384598
2018-04-25,881.0897435897435,24.875811965811952,24.12841880341881
2018-04-26,586.2017094017094,24.971623931623927,24.41623931623931
2018-04-27,513.4863247863248,24.962051282051274,24.037606837606834
2018-04-28,662.2170940170939,23.152564102564106,22.291452991453003
2018-04-29,898.3974358974359,23.17504273504273,23.169017094017093
2018-04-30,852.2529914529914,23.897179487179493,23.624358974358973
2018-05-01,696.131623931624,24.262991452991457,23.69155982905984
2018-05-02,373.2162393162393,24.03376068376069,23.505555555555564
2018-05-03,436.3581196581196,24.583675213675207,23.72970085470086
2018-05-04,625.108547008547,25.166324786324786,24.375961538461535
2018-05-05,678.6846153846154,25.538547008547006,24.384081196581192
2018-05-06,806.8538461538462,24.26760683760684,23.764850427350424
2018-05-07,600.1136752136752,24.059999999999995,23.12692307692307
2018-05-08,565.5008547008547,23.842905982905982,23.193376068376054
2018-05-09,577.1393162393163,24.716752136752135,24.285363247863227
2018-05-10,781.3837606837607,25.876410256410246,25.085470085470078
2018-05-11,683.8905982905983,26.1857264957265,25.73931623931623
2018-05-12,778.8068376068376,26.02435897435897,24.885042735042724
2018-05-13,774.3547008547009,25.553760683760675,24.537286324786322
2018-05-14,623.3376068376068,24.800940170940173,24.05373931623931
2018-05-15,721.5401709401709,25.470085470085465,24.516987179487177
2018-05-16,795.9623931623931,26.253589743589735,25.616025641025637
2018-05-17,744.4641025641025,26.755811965811983,25.80384615384616
2018-05-18,876.5367521367522,26.66025641025641,25.48194444444443
2018-05-19,875.2572649572651,26.10205128205128,25.090811965811987
2018-05-20,897.8623931623931,26.395299145299145,25.323076923076908
2018-05-21,803.8136752136752,26.019316239316243,24.886965811965805
2018-05-22,788.2803418803419,25.35692307692306,24.756303418803412
2018-05-23,729.8401709401709,25.725555555555548,25.0587606837607
2018-05-24,682.8538461538461,26.011367521367525,25.125213675213686
2018-05-25,685.3247863247864,25.417094017093998,25.045619658119676
2018-05-26,612.6888888888889,25.434615384615377,24.92820512820515
2018-05-27,622.4547008547008,25.992564102564103,24.95170940170939
2018-05-28,672.4222222222222,25.99435897435897,25.818055555555556
2018-05-29,519.5094017094018,26.32880341880342,25.73279914529914
2018-05-30,794.6623931623932,26.408376068376064,25.572756410256417
2018-05-31,786.0854700854701,26.233589743589743,25.329059829059812
2018-06-01,716.5777777777778,26.557606837606833,25.59380341880341
2018-06-02,869.0282051282051,26.29188034188033,25.698931623931625
2018-06-03,856.6991452991454,26.767521367521375,25.81581196581196
2018-06-04,510.2059829059829,26.357777777777777,25.391773504273495
2018-06-05,761.3461538461539,25.90709401709402,24.912927350427346
2018-06-06,785.5290598290597,25.732905982905987,25.00267094017096
2018-06-07,650.6837606837607,26.286837606837604,25.620405982905993
2018-06-08,828.1444444444445,27.000341880341885,26.31463675213675
2018-06-09,718.3239316239317,27.003846153846144,26.1068376068376
2018-06-10,715.4401709401709,26.850256410256417,25.893910256410248
2018-06-11,797.2829059829061,26.823247863247865,25.977350427350423
2018-06-12,856.4401709401709,26.74641025641025,25.957905982905977
2018-06-13,800.2529914529914,27.009487179487184,26.28600427350427
2018-06-14,824.9905982905982,27.342222222222222,26.406410256410258
2018-06-15,870.6119658119658,27.409230769230767,26.579166666666655
2018-06-16,776.8393162393162,27.756153846153847,26.709188034188024
2018-06-17,800.1094017094017,27.348290598290596,26.335363247863256
2018-06-18,929.2982905982906,27.28666666666667,26.289529914529915
2018-06-19,917.6059829059828,27.485042735042732,27.196474358974356
2018-06-20,938.1042735042735,28.03017094017095,27.019551282051275
2018-06-21,911.8811965811965,27.970854700854705,26.817735042735052
2018-06-22,736.6094017094017,27.705128205128204,26.64305555555555
2018-06-23,795.8555555555556,27.256153846153843,26.304914529914527
2018-06-24,623.9854700854701,26.886495726495724,25.958119658119656
2018-06-25,802.0273504273504,27.018119658119662,26.110470085470084
2018-06-26,795.3555555555556,27.106752136752128,26.137927350427354
2018-06-27,843.4880341880341,27.292820512820516,26.235363247863255
2018-06-28,651.3717948717949,26.913589743589746,26.037820512820534
2018-06-29,849.8452991452992,27.217435897435898,26.207051282051278
2018-06-30,859.1076923076923,27.04641025641026,26.195085470085484
2018-07-01,724.6623931623932,26.871111111111112,26.125320512820508
2018-07-02,868.3752136752137,27.511709401709403,26.4138888888889
2018-07-03,652.7880341880342,27.03299145299145,26.263888888888886
2018-07-04,862.1529914529914,27.29675213675214,26.617307692307698
2018-07-05,891.7675213675213,27.13700854700855,26.446688034188018
2018-07-06,854.8170940170942,27.299145299145305,26.199358974358965
2018-07-07,593.4512820512821,26.93017094017093,26.071474358974378
2018-07-08,693.8837606837607,26.81649572649574,25.99455128205129
2018-07-09,831.7675213675213,27.1157264957265,26.456303418803408
2018-07-10,792.3897435897436,27.539914529914522,26.64284188034189
2018-07-11,734.7444444444444,27.058119658119647,25.973717948717944
2018-07-12,795.834188034188,27.16376068376069,26.515598290598284
2018-07-13,731.3393162393162,27.091282051282054,26.29818376068374
2018-07-14,771.6564102564103,27.436410256410262,26.65886752136753
2018-07-15,647.3239316239317,27.92495726495726,27.04476495726496
2018-07-16,896.2017094017094,27.985213675213675,26.761004273504284
2018-07-17,688.1931623931624,27.52803418803419,26.639636752136774
2018-07-18,589.6871794871795,27.36068376068376,26.62510683760684
2018-07-19,749.8376068376068,27.361965811965813,26.40811965811966
2018-07-20,856.1059829059828,27.389743589743592,26.562072649572645
2018-07-21,877.0,27.20367521367521,26.18717948717949
2018-07-22,776.1735042735042,26.83085470085469,26.446581196581214
2018-07-23,753.9299145299145,28.112222222222222,27.217307692307685
2018-07-24,718.4555555555555,27.51974358974358,26.262179487179495
2018-07-25,774.2470085470086,27.288119658119648,26.305341880341885
2018-07-26,690.2675213675213,27.848034188034188,27.120833333333323
2018-07-27,849.2794871794871,27.753760683760692,27.030128205128197
2018-07-28,828.7282051282051,27.75444444444445,26.67521367521369
2018-07-29,840.7606837606838,27.938376068376073,27.03995726495726
2018-07-30,682.0290598290599,28.04205128205128,27.258653846153855
2018-07-31,699.2478632478633,28.017863247863243,27.236645299145312
2018-08-01,658.882905982906,27.95564102564102,26.87767094017093
2018-08-02,730.9179487179488,27.640256410256406,26.482264957264945
2018-08-03,761.5803418803418,27.282905982905994,26.35480769230768
2018-08-04,757.1743589743589,26.91470085470084,26.37094017094016
2018-08-05,647.697435897436,27.618974358974356,26.677564102564112
2018-08-06,800.4598290598291,27.883247863247863,26.87478632478632
2018-08-07,719.6333333333333,27.840854700854702,26.687606837606847
2018-08-08,697.3854700854702,27.160940170940172,26.170299145299158
2018-08-09,541.3128205128205,27.52222222222222,26.814529914529913
2018-08-10,659.2726495726496,27.755897435897435,26.722863247863245
2018-08-11,808.7957264957265,27.75239316239316,26.577991452991434
2018-08-12,874.905982905983,28.15153846153847,27.154807692307692
2018-08-13,821.842735042735,28.057521367521367,26.803205128205114
2018-08-14,857.1495726495726,27.887521367521362,26.92660256410256
2018-08-15,845.9512820512821,27.899999999999995,26.910363247863256
2018-08-16,869.4230769230769,28.208290598290596,27.334508547008546
2018-08-17,878.151282051282,28.89606837606839,27.640598290598287
2018-08-18,738.9230769230769,28.691538461538464,27.736004273504278
2018-08-19,713.8735042735043,28.890940170940155,27.874358974358984
2018-08-20,781.723076923077,28.225213675213674,27.289102564102556
2018-08-21,842.8042735042734,28.11803418803418,26.998717948717957
2018-08-22,771.2213675213676,28.046837606837613,27.00929487179488
2018-08-23,379.14102564102564,27.609487179487168,27.083653846153844
2018-08-24,431.3666666666667,27.757777777777783,26.91741452991453
2018-08-25,416.81025641025644,27.32931623931624,26.72200854700853
2018-08-26,588.9085470085471,27.40094017094018,26.99497863247864
2018-08-27,523.3760683760684,27.847094017094015,27.0840811965812
2018-08-28,649.9965811965812,27.936581196581198,27.143269230769228
2018-08-29,793.6897435897436,27.8508547008547,26.6155982905983
2018-08-30,841.6025641025641,27.204017094017093,26.30224358974358
2018-08-31,826.8034188034187,27.169829059829066,26.12297008547008
2018-09-01,785.5102564102565,27.096923076923087,25.8395299145299
2018-09-02,714.1743589743589,27.36905982905983,27.071367521367513
2018-09-03,709.6376068376069,28.454615384615387,27.389850427350417
2018-09-04,715.6683760683761,28.1834188034188,27.20630341880342
2018-09-05,828.2034188034188,28.144529914529915,27.045619658119676
2018-09-06,823.3709401709402,28.03102564102564,26.99615384615386
2018-09-07,813.2179487179487,28.118034188034187,27.00064102564103
2018-09-08,822.857264957265,28.271794871794867,27.374252136752133
2018-09-09,812.642735042735,28.15350427350428,27.421047008547003
2018-09-10,878.6017094017094,28.148888888888887,27.30619658119658
2018-09-11,706.9700854700856,28.1,27.23792735042733
2018-09-12,368.46495726495726,27.343846153846147,27.34722222222222
2018-09-13,445.0401709401709,27.24897435897436,26.83675213675212
2018-09-14,780.0623931623932,27.73581196581198,26.662500000000005
2018-09-15,718.4555555555555,27.251794871794885,26.34967948717948
2018-09-16,819.0606837606838,27.108119658119655,25.829807692307686
2018-09-17,783.6752136752136,27.191965811965822,26.32136752136751
2018-09-18,855.8324786324786,27.28128205128205,26.352029914529908
2018-09-19,838.4581196581196,28.079999999999995,27.574465811965815
2018-09-20,810.6068376068376,28.542820512820516,27.56485042735043
2018-09-21,797.1017094017094,28.400341880341877,27.437286324786324
2018-09-22,776.3068376068376,27.982735042735037,26.99230769230769
2018-09-23,692.3846153846155,27.9174358974359,27.367735042735042
2018-09-24,743.3282051282051,28.2668376068376,28.018482905982914
2018-09-25,640.4470085470086,28.045213675213667,27.590170940170918
2018-09-26,651.6529914529914,28.063760683760684,27.658974358974355
2018-09-27,420.8589743589743,28.221452991453,27.305982905982898
2018-09-28,511.7658119658119,28.06333333333334,27.40608974358974
2018-09-29,818.065811965812,28.403760683760673,27.68440170940172
2018-09-30,731.765811965812,28.535897435897443,27.5042735042735
2018-10-01,796.4170940170941,28.349401709401707,27.676816239316235
2018-10-02,837.8495726495727,28.24905982905983,27.899038461538467
2018-10-03,668.734188034188,28.163162393162395,26.91271367521366
2018-10-04,676.4230769230769,28.123760683760686,27.8241452991453
2018-10-05,777.9760683760684,28.094700854700854,27.374038461538472
2018-10-06,496.19230769230774,27.80777777777778,27.326602564102558
2018-10-07,607.7444444444444,28.095726495726502,27.3951923076923
2018-10-08,779.9991452991453,28.130854700854705,27.24658119658119
2018-10-09,768.876923076923,27.594444444444445,26.565811965811974
2018-10-10,631.3264957264958,27.051965811965818,26.12767094017094
2018-10-11,508.29658119658114,27.22478632478633,26.464209401709397
2018-10-12,549.8564102564103,26.687435897435886,26.445299145299145
2018-10-13,654.8871794871795,27.012307692307694,26.454380341880334
2018-10-14,759.5239316239316,27.180769230769226,25.929700854700855
2018-10-15,522.5179487179487,26.38384615384615,25.763141025641012
2018-10-16,682.0307692307692,26.60555555555556,25.896474358974366
2018-10-17,651.7905982905984,26.813418803418795,25.939316239316234
2018-10-18,609.5769230769231,26.867179487179488,26.25299145299144
2018-10-19,669.8307692307692,27.331452991452995,26.59391025641027
2018-10-20,754.9393162393162,26.705042735042742,26.245726495726483
2018-10-21,720.5786324786325,27.154529914529917,26.7198717948718
2018-10-22,706.1692307692308,27.333589743589755,26.43237179487181
2018-10-23,633.4264957264957,27.483931623931614,26.773611111111105
2018-10-24,596.8777777777777,27.54649572649572,26.805235042735042
2018-10-25,609.5786324786325,27.302564102564094,26.533760683760708
2018-10-26,586.5521367521367,27.06777777777778,26.32286324786325
2018-10-27,741.6068376068376,27.77803418803419,26.760149572649564
2018-10-28,609.2324786324787,27.6305982905983,27.01698717948719
2018-10-29,403.9051282051282,27.274188034188022,26.920299145299147
2018-10-30,227.82991452991456,27.222905982905978,26.590064102564106
2018-10-31,675.3880341880342,27.302564102564098,26.79572649572649
2018-11-01,467.0683760683761,27.45794871794871,26.868696581196577
2018-11-02,655.8547008547009,27.52957264957265,26.660042735042722
2018-11-03,647.5692307692308,27.10188034188035,26.40694444444447
2018-11-04,629.8418803418804,27.433247863247857,26.74423076923075
2018-11-05,585.6119658119658,26.745726495726494,26.081623931623923
2018-11-06,577.0700854700855,26.65512820512821,26.243482905982887
2018-11-07,654.7940170940171,27.073504273504273,26.57329059829061
2018-11-08,674.6905982905982,27.316581196581204,26.638034188034194
2018-11-09,623.651282051282,26.675213675213683,25.615918803418815
2018-11-10,435.4666666666667,25.926495726495737,24.709294871794867
2018-11-11,619.4367521367521,25.899914529914525,24.693910256410245
2018-11-12,639.6564102564103,26.3242735042735,25.43108974358975
2018-11-13,670.5008547008547,26.374957264957253,25.648717948717948
2018-11-14,670.5829059829059,26.359145299145304,25.82499999999999
2018-11-15,460.79658119658126,26.449914529914537,25.839957264957267
2018-11-16,437.6034188034188,25.99333333333334,25.24166666666666
2018-11-17,501.36324786324786,25.622478632478646,24.68055555555554
2018-11-18,669.0649572649572,25.744017094017103,24.80683760683759
2018-11-19,655.525641025641,25.819999999999983,24.544658119658113
2018-11-20,445.50598290598293,25.810085470085465,24.918162393162415
2018-11-21,555.7213675213676,26.091452991453004,25.42905982905983
2018-11-22,498.3350427350427,26.237948717948722,26.206303418803408
2018-11-23,626.9162393162393,26.462393162393163,25.871581196581186
2018-11-24,633.8247863247864,26.51222222222222,25.70373931623933
2018-11-25,631.3726495726496,26.125299145299145,25.703952991452987
2018-11-26,642.7094017094017,26.442307692307697,25.636431623931625
2018-11-27,479.7,26.092905982905982,25.466025641025666
2018-11-28,648.8256410256411,26.37427350427351,25.53600427350429
2018-11-29,590.382905982906,26.68905982905983,26.002243589743596
2018-11-30,418.96324786324783,26.188290598290575,25.037393162393165
2018-12-01,687.0316239316239,25.525726495726495,24.435149572649575
2018-12-02,593.4974358974359,25.517777777777773,24.562179487179495
2018-12-03,568.8982905982906,25.44615384615385,24.886324786324803
2018-12-04,641.1991452991454,26.1682905982906,25.151068376068366
2018-12-05,644.8820512820514,25.720000000000006,24.94145299145301
2018-12-06,604.9017094017094,25.894786324786327,24.821047008547037
2018-12-07,546.7529914529914,25.53094017094018,24.677243589743593
2018-12-08,386.9726495726496,24.692820512820518,23.831837606837606
2018-12-09,576.402564102564,25.068974358974366,24.302670940170973
2018-12-10,464.334188034188,25.369059829059832,24.417200854700887
2018-12-11,429.20940170940173,25.44512820512821,24.894230769230795
2018-12-12,498.1615384615385,25.32700854700853,24.53611111111111
2018-12-13,552.6846153846154,25.204957264957265,24.275641025641058
2018-12-14,584.9769230769231,25.19273504273504,24.49529914529914
2018-12-15,623.6333333333333,25.135982905982917,24.32425213675213
2018-12-16,584.8504273504274,25.053589743589747,24.235790598290592
2018-12-17,629.3256410256411,25.01239316239317,24.337927350427364
2018-12-18,485.77521367521365,24.269829059829057,23.03856837606837
2018-12-19,472.9213675213675,23.770683760683756,22.821794871794893
2018-12-20,583.2358974358974,24.486752136752138,23.82745726495729
2018-12-21,499.3376068376068,24.872649572649575,24.255235042735027
2018-12-22,631.7461538461539,25.679658119658114,24.842628205128204
2018-12-23,649.6128205128205,25.685982905982918,24.67820512820512
2018-12-24,516.9435897435898,25.038119658119662,24.4337606837607
2018-12-25,451.9179487179487,25.27401709401709,24.682585470085463
2018-12-26,573.6025641025641,25.379316239316232,25.356944444444444
2018-12-27,651.2119658119658,25.940170940170937,25.133119658119664
2018-12-28,101.92735042735043,24.166239316239302,23.417628205128196
2018-12-29,574.9529914529915,25.048632478632477,24.9721153846154
2018-12-30,550.2094017094016,25.561452991453006,24.733653846153846
2018-12-31,559.7478632478633,25.191794871794865,23.140277777777772
2019-01-01,574.2752136752136,25.35042735042735,24.615705128205125
2019-01-02,677.7803418803419,25.495384615384616,24.56538461538462
2019-01-03,595.8538461538461,24.951367521367523,23.870726495726494
2019-01-04,559.5367521367522,25.096239316239327,24.034508547008542
2019-01-05,670.3529914529914,24.815726495726494,24.358653846153874
2019-01-06,641.7589743589745,25.34094017094017,24.27831196581196
2019-01-07,565.8188034188034,24.852905982905988,23.952564102564114
2019-01-08,626.5324786324786,24.34760683760684,23.918376068376066
2019-01-09,582.4333333333333,24.174188034188035,23.77905982905984
2019-01-10,594.7008547008547,24.618547008547004,24.31474358974358
2019-01-11,657.208547008547,25.336410256410254,24.423824786324793
2019-01-12,572.2162393162394,24.810427350427346,24.85737179487179
2019-01-13,473.32136752136756,25.004529914529922,24.502350427350436
2019-01-14,571.2128205128205,24.78940170940171,24.727564102564106
2019-01-15,580.6829059829059,24.85683760683761,24.053418803418815
2019-01-16,613.9017094017094,25.158803418803416,24.214423076923076
2019-01-17,654.0683760683761,25.609145299145286,24.328311965811967
2019-01-18,537.3162393162394,23.942307692307693,23.379487179487196
2019-01-19,616.7957264957265,24.569401709401717,23.887606837606835
2019-01-20,689.6264957264957,25.401111111111113,24.75918803418803
2019-01-21,696.3213675213675,25.647692307692303,24.94636752136752
2019-01-22,674.4632478632478,25.19623931623932,24.784081196581184
2019-01-23,645.2017094017094,25.283247863247855,24.701816239316237
2019-01-24,565.4410256410257,24.794273504273498,24.24989316239317
2019-01-25,550.934188034188,24.58982905982905,22.555555555555557
2019-01-26,574.0008547008547,22.843247863247846,21.91485042735043
2019-01-27,360.93760683760684,22.908547008547,21.908547008547018
2019-01-28,675.8709401709401,22.772478632478627,22.130448717948703
2019-01-29,385.5683760683761,23.11393162393162,22.489957264957244
2019-01-30,576.323076923077,24.1745299145299,23.493162393162383
2019-01-31,413.09914529914533,23.606153846153845,22.87029914529916
2019-02-01,552.1692307692308,24.46649572649572,23.611858974358963
2019-02-02,609.6606837606838,23.705042735042746,23.068696581196566
2019-02-03,630.859829059829,24.08102564102564,22.983440170940174
2019-02-04,699.6,23.714957264957274,22.7049145299145
2019-02-05,702.9564102564102,24.03478632478633,23.408547008547036
2019-02-06,674.6384615384616,24.372136752136736,23.648504273504265
2019-02-07,719.5786324786325,24.209316239316234,23.583012820512817
2019-02-08,722.5863247863248,23.9268376068376,23.00619658119659
2019-02-09,661.5564102564102,20.69538461538462,19.6267094017094
2019-02-10,600.5717948717949,21.30042735042735,20.750534188034205
2019-02-11,657.9623931623931,22.52401709401709,21.884081196581192
2019-02-12,741.5196581196581,22.577521367521378,21.54647435897437
2019-02-13,596.1897435897436,21.78777777777777,20.882158119658097
2019-02-14,406.1290598290599,21.321196581196585,21.13002136752139
2019-02-15,640.7606837606838,22.707264957264957,21.991452991452995
2019-02-16,665.4008547008547,22.87871794871794,22.28760683760684
2019-02-17,560.8102564102564,22.891282051282055,21.84946581196583
2019-02-18,732.6273504273504,22.80948717948718,23.210149572649573
2019-02-19,139.43076923076924,22.741025641025647,22.278739316239346
2019-02-20,793.2880341880342,23.961794871794872,23.679594017094015
2019-02-21,748.6444444444444,24.1248717948718,23.35470085470086
2019-02-22,742.2991452991453,24.11470085470085,23.26794871794872
2019-02-23,709.534188034188,23.94222222222222,23.202991452991462
2019-02-24,842.5,23.579059829059833,22.6686965811966
2019-02-25,571.6564102564103,22.744102564102565,21.999252136752137
2019-02-26,769.4717948717948,22.45598290598291,21.25982905982905
2019-02-27,585.4880341880341,22.18102564102565,20.449358974358972
2019-02-28,652.2333333333333,21.811025641025633,20.69903846153846
2019-03-01,635.4811965811966,22.10273504273504,21.356730769230758
2019-03-02,781.0931623931624,22.73179487179487,22.427136752136747
2019-03-03,787.4786324786324,22.64230769230769,21.655128205128207
2019-03-04,671.2820512820513,21.888119658119642,21.389636752136763
2019-03-05,602.0615384615385,22.804957264957263,21.605235042735053
2019-03-06,550.3581196581197,22.912222222222216,22.0451923076923
2019-03-07,713.6282051282051,23.348547008547012,22.232692307692304
2019-03-08,779.3401709401709,23.517692307692315,22.205235042735037
2019-03-09,717.1034188034188,23.686752136752137,23.130982905982904
2019-03-10,589.4367521367521,23.928034188034182,23.092628205128193
2019-03-11,682.7042735042735,24.151452991453,23.045299145299147
2019-03-12,734.6128205128205,23.482735042735044,22.729807692307666
2019-03-13,732.265811965812,23.865641025641022,23.54209401709402
2019-03-14,792.6025641025641,24.76965811965812,23.73482905982906
2019-03-15,878.7820512820514,24.506581196581205,23.579380341880334
2019-03-16,923.5846153846154,24.332735042735045,23.77585470085469
2019-03-17,804.3350427350427,22.99675213675214,21.598290598290603
2019-03-18,684.4641025641025,22.850854700854697,22.270726495726475
2019-03-19,720.0880341880342,24.072478632478628,23.78685897435898
2019-03-20,804.3478632478633,24.726239316239322,23.82660256410257
2019-03-21,840.0264957264957,24.542136752136756,23.536858974358974
2019-03-22,857.3880341880342,24.515555555555554,23.60160256410256
2019-03-23,612.3256410256411,24.14470085470085,23.413782051282066
2019-03-24,707.9495726495727,24.689914529914528,23.982158119658138
2019-03-25,550.3777777777779,24.426410256410257,23.628846153846144
2019-03-26,815.4649572649572,24.652905982905985,23.73985042735043
2019-03-27,768.3051282051282,24.72085470085471,24.15833333333332
2019-03-28,896.4119658119658,24.36102564102564,23.132264957264965
2019-03-29,697.5273504273504,23.901025641025637,23.11431623931624
2019-03-30,736.7119658119658,24.022564102564107,23.662072649572643
2019-03-31,813.3282051282051,24.624700854700855,24.37446581196581
2019-04-01,516.7367521367521,25.044102564102563,24.062499999999996
2019-04-02,757.1213675213675,24.531367521367518,23.28269230769231
2019-04-03,862.9649572649572,24.8157264957265,23.558119658119647
2019-04-04,939.5213675213676,24.827008547008543,23.982692307692307
2019-04-05,907.0837606837607,25.2874358974359,24.749038461538458
2019-04-06,946.3452991452992,25.81316239316239,25.18685897435897
2019-04-07,810.5854700854701,25.538717948717945,23.90555555555555
2019-04-08,879.7572649572651,25.97965811965812,24.771901709401718
2019-04-09,831.9760683760684,25.69162393162393,24.623076923076937
2019-04-10,784.7196581196581,25.417777777777772,24.513888888888886
2019-04-11,732.7367521367521,25.314786324786333,24.31036324786324
2019-04-12,827.2128205128205,24.9317094017094,24.02510683760685
2019-04-13,832.682905982906,24.845299145299144,23.977564102564106
2019-04-14,757.5777777777778,24.67957264957265,23.748504273504253
2019-04-15,905.1307692307691,24.556581196581188,23.43557692307692
2019-04-16,837.6658119658119,25.02435897435898,24.25641025641027
2019-04-17,768.0017094017094,25.40692307692307,24.551602564102563
2019-04-18,842.6222222222223,25.864615384615384,24.763034188034197
2019-04-19,899.2376068376068,25.472393162393157,24.720726495726492
2019-04-20,713.0700854700855,25.59418803418804,24.734188034188033
2019-04-21,917.5162393162393,26.112222222222226,24.899893162393163
2019-04-22,757.7641025641026,25.761538461538464,24.765811965811963
2019-04-23,800.8307692307692,25.652649572649572,24.52264957264957
2019-04-24,892.2307692307692,25.35666666666667,24.456303418803408
2019-04-25,835.4965811965812,25.608034188034186,24.852884615384617
2019-04-26,877.5837606837606,25.93042735042735,25.272435897435884
2019-04-27,707.4641025641025,25.795641025641014,25.107264957264952
2019-04-28,699.1940170940171,25.79299145299145,24.94700854700855
2019-04-29,629.131623931624,25.640341880341886,24.656303418803425
2019-04-30,862.7948717948718,25.448205128205124,24.440491452991456
2019-05-01,808.0205128205127,25.41222222222222,24.531410256410247
2019-05-02,654.3470085470086,25.451623931623928,24.27692307692307
2019-05-03,746.4863247863248,25.85162393162393,25.32243589743589
2019-05-04,371.2153846153846,23.804700854700858,23.382585470085466
2019-05-05,943.3760683760684,23.420170940170937,23.002457264957258
2019-05-06,676.7435897435897,23.880769230769236,23.854487179487176
2019-05-07,874.8615384615384,25.28008547008547,24.924999999999994
2019-05-08,681.4547008547008,25.760512820512826,25.034294871794863
2019-05-09,915.4470085470086,25.910000000000014,25.01613247863248
2019-05-10,914.1538461538461,26.44350427350427,25.07382478632478
2019-05-11,893.7222222222223,26.757863247863234,25.40160256410256
2019-05-12,845.2299145299145,26.789658119658135,25.839209401709397
2019-05-13,804.5222222222222,26.74333333333333,26.04508547008546
2019-05-14,726.8547008547008,26.607350427350433,25.636004273504277
2019-05-15,777.1290598290599,26.482905982905983,25.491666666666667
2019-05-16,909.3034188034187,26.541623931623935,25.31997863247863
2019-05-17,695.1521367521367,26.570598290598287,25.500747863247863
2019-05-18,716.6803418803419,26.621538461538456,25.658226495726502
2019-05-19,744.1555555555556,27.14572649572649,26.258547008547005
2019-05-20,802.5393162393162,27.277094017094022,26.7917735042735
2019-05-21,896.6538461538461,27.528547008547008,26.66816239316239
2019-05-22,891.6752136752136,27.862136752136752,27.122756410256414
2019-05-23,791.0811965811965,27.7308547008547,27.05138888888889
2019-05-24,688.1478632478633,27.718888888888888,26.701923076923073
2019-05-25,786.7034188034188,27.527264957264954,26.276175213675216
2019-05-26,815.1239316239316,27.10247863247863,26.14273504273504
2019-05-27,823.6897435897436,27.403247863247866,26.852457264957266
2019-05-28,595.0085470085471,27.567948717948717,26.86709401709402
2019-05-29,880.6222222222223,28.05179487179486,26.598717948717947
2019-05-30,787.3213675213676,27.46905982905982,26.428311965811965
2019-05-31,789.3786324786325,27.70982905982907,26.70844017094018
2019-06-01,797.4581196581196,27.193333333333328,26.23995726495725
2019-06-02,844.0042735042734,27.28547008547009,26.294337606837598
2019-06-03,729.1717948717949,27.070085470085466,26.130662393162396
2019-06-04,720.3965811965812,27.075726495726496,26.20106837606838
2019-06-05,787.5871794871795,27.29666666666667,26.631837606837607
2019-06-06,908.4478632478633,27.54239316239316,27.070085470085473
2019-06-07,929.1119658119658,27.842393162393158,26.671581196581204
2019-06-08,929.8632478632478,27.504786324786323,26.491132478632473
2019-06-09,803.1384615384616,27.65025641025641,26.62040598290598
2019-06-10,849.8427350427352,27.88153846153847,26.645726495726493
2019-06-11,934.2470085470086,27.92273504273504,26.30673076923077
2019-06-12,906.6777777777777,28.00017094017094,26.619978632478627
2019-06-13,936.8085470085471,27.921538461538454,26.68579059829059
2019-06-14,919.8042735042734,27.39717948717949,26.410897435897425
2019-06-15,939.6119658119658,27.795128205128208,26.534722222222214
2019-06-16,887.5102564102565,27.773589743589746,26.75801282051283
2019-06-17,798.3170940170941,28.13982905982906,27.582371794871793
2019-06-18,888.5820512820512,28.37273504273505,27.09423076923076
2019-06-19,848.946153846154,28.20418803418803,26.71623931623931
2019-06-20,851.2564102564102,27.652307692307698,26.766773504273512
2019-06-21,551.0709401709402,27.914615384615388,27.2042735042735
2019-06-22,773.8786324786324,28.462307692307697,28.088675213675213
2019-06-23,582.5897435897435,28.438461538461524,27.703525641025642
2019-06-24,497.7205128205128,26.99675213675214,27.20363247863247
2019-06-25,454.074358974359,26.589999999999996,26.072863247863243
2019-06-26,480.408547008547,26.62367521367522,26.44401709401711
2019-06-27,577.4504273504274,27.476324786324785,27.456623931623927
2019-06-28,557.4179487179488,27.97162393162394,27.241452991453
2019-06-29,838.1794871794871,28.084273504273504,27.066666666666666
2019-06-30,699.848717948718,28.021196581196584,27.358867521367515
2019-07-01,853.5794871794872,28.20735042735044,27.438568376068375
2019-07-02,816.6564102564103,28.295982905982907,27.36196581196582
2019-07-03,880.7,28.498547008547014,27.404807692307692
2019-07-04,788.3213675213676,28.175982905982913,27.66741452991453
2019-07-05,793.2735042735043,28.40931623931624,27.830769230769228
2019-07-06,936.9572649572649,29.08410256410256,27.68664529914531
2019-07-07,881.5230769230769,28.04076923076923,27.534188034188034
2019-07-08,587.3247863247864,28.286153846153848,27.498290598290616
2019-07-09,885.7461538461539,28.76564102564104,27.824038461538457
2019-07-10,930.7547008547008,28.64393162393163,27.347970085470084
2019-07-11,926.2316239316239,28.501880341880337,27.480021367521356
2019-07-12,916.8615384615384,28.412905982905983,27.415064102564095
2019-07-13,848.9564102564102,28.354444444444447,27.570085470085473
2019-07-14,955.8452991452992,28.39692307692307,27.493803418803417
2019-07-15,853.9136752136752,28.509145299145292,27.662286324786333
2019-07-16,906.5931623931623,28.796837606837606,27.58493589743589
2019-07-17,698.1965811965813,28.273931623931635,27.380235042735045
2019-07-18,888.268376068376,28.210512820512825,27.32585470085469
2019-07-19,806.3393162393162,28.53871794871794,27.50405982905982
2019-07-20,775.5119658119659,28.13794871794871,27.303098290598278
2019-07-21,887.8452991452992,28.300854700854707,27.500961538461524
2019-07-22,472.78290598290596,28.76059829059829,27.73333333333334
2019-07-23,887.0589743589744,28.64059829059829,27.916452991452992
2019-07-24,943.5948717948719,28.823076923076922,27.84861111111111
2019-07-25,914.1991452991454,28.290598290598297,27.24594017094017
2019-07-26,842.7025641025641,28.07504273504272,27.158119658119666
2019-07-27,860.551282051282,28.498119658119656,27.583547008547004
2019-07-28,862.2811965811965,28.096581196581194,27.3482905982906
2019-07-29,869.0666666666666,28.5940170940171,27.934722222222213
2019-07-30,856.8905982905983,28.28393162393163,27.40822649572649
2019-07-31,867.7606837606838,28.33615384615384,27.348076923076913
2019-08-01,820.2538461538461,28.1168376068376,27.32660256410255
2019-08-02,841.0367521367522,28.753333333333337,27.681730769230782
2019-08-03,732.6555555555556,28.965982905982912,28.21837606837606
2019-08-04,768.3059829059829,28.4659829059829,28.029807692307685
2019-08-05,834.2529914529914,28.27435897435898,27.343055555555548
2019-08-06,719.6333333333333,28.612649572649577,28.28739316239316
2019-08-07,739.0461538461539,28.786068376068375,28.327136752136752
2019-08-08,891.1307692307691,28.859914529914523,28.11410256410257
2019-08-09,796.928205128205,28.816752136752136,28.452564102564104
2019-08-10,865.4410256410256,29.398376068376063,28.836111111111112
2019-08-11,857.3880341880342,29.560940170940178,28.548824786324783
2019-08-12,809.9170940170941,29.020683760683767,28.176388888888894
2019-08-13,846.734188034188,28.72196581196581,28.06111111111111
2019-08-14,916.9692307692309,29.150683760683762,28.256623931623928
2019-08-15,872.9239316239316,29.13735042735044,28.191132478632476
2019-08-16,851.9418803418803,29.02008547008548,28.010683760683758
2019-08-17,899.1641025641026,29.029658119658116,27.982585470085464
2019-08-18,918.2931623931624,28.97871794871795,27.590918803418795
2019-08-19,912.1170940170939,28.878632478632476,27.713675213675224
2019-08-20,833.5811965811965,28.541538461538465,27.911004273504265
2019-08-21,818.0324786324786,29.043675213675215,28.03952991452993
2019-08-22,833.6136752136752,29.13521367521367,27.876602564102555
2019-08-23,846.3547008547008,29.370427350427356,28.02361111111111
2019-08-24,738.7076923076922,29.258119658119664,28.17959401709402
2019-08-25,895.8333333333334,29.19692307692309,28.032478632478636
2019-08-26,892.1692307692308,28.88589743589743,27.992735042735042
2019-08-27,772.0179487179487,29.08974358974359,27.809935897435903
2019-08-28,877.2196581196582,29.15709401709402,28.17136752136751
2019-08-29,910.5897435897435,28.76401709401709,28.1875
2019-08-30,652.2162393162392,28.713418803418808,27.936111111111106
2019-08-31,844.0794871794872,29.102222222222213,28.306303418803424
2019-09-01,722.6316239316241,28.945128205128206,28.296474358974354
2019-09-02,815.3162393162394,28.920769230769224,27.886324786324778
2019-09-03,808.0829059829059,29.165726495726496,28.01858974358974
2019-09-04,805.1478632478633,29.153760683760687,28.114316239316253
2019-09-05,858.6282051282051,29.027863247863245,28.03141025641027
2019-09-06,847.8940170940172,29.096923076923076,28.104594017094023
2019-09-07,784.4692307692308,29.039829059829053,27.893162393162385
2019-09-08,749.8905982905983,29.030256410256406,28.055769230769247
2019-09-09,884.457264957265,29.17948717948719,28.067521367521387
2019-09-10,860.4974358974359,28.390940170940166,27.584508547008554
2019-09-11,839.376923076923,28.875299145299145,27.740705128205132
2019-09-12,731.2820512820513,29.0168376068376,27.60235042735043
2019-09-13,758.017094017094,28.968632478632475,27.701602564102558
2019-09-14,760.3051282051281,29.194188034188034,28.344764957264964
2019-09-15,783.8820512820513,29.38042735042735,28.448290598290594
2019-09-16,597.8478632478633,29.307008547008554,28.64476495726496
2019-09-17,784.876923076923,29.42222222222221,28.33846153846154
2019-09-18,822.1692307692308,29.535641025641024,28.389529914529923
2019-09-19,778.1931623931624,29.0825641025641,28.16698717948718
2019-09-20,659.7931623931624,28.55324786324786,27.586217948717948
2019-09-21,819.0777777777778,28.50111111111111,27.749465811965802
2019-09-22,634.4666666666666,28.68760683760683,28.42863247863248
2019-09-23,406.1965811965812,28.572564102564087,28.078525641025635
2019-09-24,782.7094017094017,29.15521367521368,28.536004273504272
2019-09-25,441.8495726495727,28.143589743589736,27.60555555555556
2019-09-26,656.317094017094,28.543333333333333,28.29262820512819
2019-09-27,826.9863247863248,29.128034188034196,28.267628205128204
2019-09-28,742.1196581196581,29.1140170940171,28.04455128205129
2019-09-29,816.6162393162393,28.65495726495727,27.53856837606837
2019-09-30,710.9974358974359,28.464615384615378,27.632371794871784
2019-10-01,780.9188034188035,28.723247863247867,27.5625
2019-10-02,756.7444444444444,28.47760683760684,27.541880341880336
2019-10-03,707.1435897435897,28.336324786324774,27.454273504273516
2019-10-04,807.4358974358975,28.468632478632486,27.354059829059832
2019-10-05,683.5418803418804,28.048205128205133,27.004059829059827
2019-10-06,774.8427350427351,27.923504273504268,26.535790598290593
2019-10-07,684.1615384615385,27.45564102564102,26.521047008547015
2019-10-08,645.3316239316239,28.072307692307692,27.152029914529912
2019-10-09,739.0324786324787,28.772393162393154,27.950320512820504
2019-10-10,722.5623931623932,29.26880341880343,28.559081196581197
2019-10-11,554.8683760683759,28.707863247863248,28.275854700854694
2019-10-12,737.7393162393162,28.7219658119658,27.793589743589727
2019-10-13,663.5299145299145,28.886837606837616,27.82980769230768
2019-10-14,735.0880341880342,28.38641025641026,27.682264957264948
2019-10-15,789.1700854700855,28.021794871794874,26.944978632478644
2019-10-16,523.6649572649573,27.612051282051283,27.40886752136754
2019-10-17,669.574358974359,28.10957264957265,27.337286324786323
2019-10-18,723.5957264957265,28.298974358974352,27.302670940170927
2019-10-19,730.7931623931624,28.46470085470085,27.851282051282034
2019-10-20,572.7017094017094,28.480256410256413,27.916880341880358
2019-10-21,678.5564102564102,28.235384615384607,27.674572649572646
2019-10-22,772.3658119658119,28.471794871794867,27.645726495726485
2019-10-23,674.6837606837606,28.408632478632473,27.818696581196576
2019-10-24,759.9299145299145,28.349230769230765,27.563675213675214
2019-10-25,718.7452991452991,28.215128205128206,27.532371794871793
2019-10-26,723.9940170940171,28.421880341880346,27.78290598290598
2019-10-27,740.1444444444444,27.91264957264957,27.04391025641026
2019-10-28,752.402564102564,27.744188034188035,26.951495726495743
2019-10-29,449.50512820512824,27.20470085470085,26.67692307692308
2019-10-30,632.1162393162393,27.38034188034188,26.680021367521373
2019-10-31,579.0547008547009,27.610256410256415,27.129380341880342
2019-11-01,706.5863247863248,27.584529914529913,27.203632478632485
2019-11-02,743.5393162393162,28.014871794871794,27.328418803418813
2019-11-03,570.3461538461538,27.21102564102565,26.341452991453004
2019-11-04,701.2239316239317,27.623076923076933,27.29797008547008
2019-11-05,266.125641025641,28.017008547008533,27.21559829059828
2019-11-06,575.6692307692308,27.25564102564102,26.491025641025647
2019-11-07,495.4059829059829,26.907350427350423,26.056517094017096
2019-11-08,663.9188034188035,27.09452991452992,26.23514957264958
2019-11-09,597.4461538461538,27.655555555555555,27.120833333333323
2019-11-10,682.1735042735042,28.10393162393164,27.299999999999997
2019-11-11,660.725641025641,27.98213675213675,26.787820512820502
2019-11-12,711.323076923077,27.82316239316239,26.96111111111111
2019-11-13,714.0264957264957,27.783846153846145,26.910363247863252
2019-11-14,707.4649572649572,27.80863247863247,27.445940170940176
2019-11-15,432.0068376068376,27.881709401709394,27.28728632478633
2019-11-16,383.4863247863248,27.524188034188047,26.877564102564104
2019-11-17,430.1786324786325,26.96820512820513,25.941132478632483
2019-11-18,662.4358974358975,26.75324786324786,26.415277777777767
2019-11-19,610.7034188034188,27.505982905982904,26.964102564102582
2019-11-20,621.4880341880341,27.663076923076915,26.57061965811966
2019-11-21,449.9931623931624,26.9380341880342,26.412820512820506
2019-11-22,570.4162393162394,26.841452991453004,26.269871794871804
2019-11-23,450.5247863247863,27.04076923076924,26.29871794871797
2019-11-24,671.4777777777778,27.528547008547015,26.572115384615387
2019-11-25,633.5205128205127,27.772051282051287,27.21816239316239
2019-11-26,590.2589743589745,27.9702564102564,27.360683760683756
2019-11-27,618.6871794871795,27.475042735042734,26.417735042735035
2019-11-28,656.8205128205128,27.590341880341885,27.00405982905983
2019-11-29,555.408547008547,27.068119658119667,26.407905982905987
2019-11-30,567.4162393162393,26.934017094017094,25.92393162393163
2019-12-01,434.134188034188,25.228632478632466,24.91014957264957
2019-12-02,522.3974358974358,25.85247863247863,25.147329059829037
2019-12-03,551.9666666666667,26.325128205128202,26.130555555555553
2019-12-04,463.0230769230769,25.802564102564105,25.48760683760684
2019-12-05,442.81111111111113,25.817863247863233,25.286752136752167
2019-12-06,502.8470085470085,25.00341880341881,25.124145299145265
2019-12-07,671.1119658119658,26.15264957264957,25.641132478632493
2019-12-08,675.7393162393162,26.851111111111113,26.192841880341874
2019-12-09,679.1863247863248,26.758034188034184,26.050534188034185
2019-12-10,671.5615384615385,27.09547008547009,26.32916666666667
2019-12-11,640.3213675213675,27.026837606837596,26.24764957264957
2019-12-12,634.925641025641,26.77529914529914,26.127136752136753
2019-12-13,520.108547008547,26.456068376068373,26.39423076923077
2019-12-14,378.1461538461539,26.078034188034184,26.001175213675197
2019-12-15,602.3547008547009,26.532820512820518,25.931303418803438
2019-12-16,528.7615384615385,25.94897435897436,25.492414529914527
2019-12-17,552.7871794871795,26.614529914529918,25.799252136752155
2019-12-18,607.6538461538461,26.563846153846157,25.830341880341905
2019-12-19,667.848717948718,26.49529914529915,25.35363247863247
2019-12-20,473.5820512820513,25.72495726495726,24.65256410256409
2019-12-21,314.8042735042735,24.397863247863274,24.23664529914532
2019-12-22,268.8581196581197,25.275982905982897,24.978632478632477
2019-12-23,493.5324786324786,26.400940170940167,25.963034188034186
2019-12-24,555.9752136752137,26.056495726495722,25.905128205128207
2019-12-25,104.83333333333333,26.40230769230771,25.871260683760692
2019-12-26,631.265811965812,26.60435897435898,25.917094017094005
2019-12-27,464.8931623931624,25.555470085470095,24.832158119658118
2019-12-28,644.0487179487179,26.320512820512818,25.666559829059832
2019-12-29,647.9683760683761,26.348803418803406,25.485042735042736
2019-12-30,635.1470085470085,26.222820512820512,25.18344017094017
2019-12-31,575.9735042735043,25.843760683760685,24.720512820512813
