GENERATION_PROJECT,build_year,gen_overnight_cost,gen_storage_energy_overnight_cost,gen_fixed_om
Oahu_Airport_DSG,2013,676626.207886,.,9625.140041
Oahu_Battery_Bulk,2021,386375.314230,443771.647141,24095.142567
Oahu_Battery_Bulk,2022,474883.327944,511412.136104,49229.138132
Oahu_Battery_Bulk,2023,466877.773564,502790.781288,48399.236303
Oahu_Battery_Bulk,2024,393737.755804,403832.193013,39239.580622
Oahu_Battery_Bulk,2025,309158.751373,307737.542387,30080.252362
Oahu_Battery_Bulk,2027,305702.248872,277305.703826,27635.255160
Oahu_Battery_Bulk,2030,299567.839731,231900.414583,23968.154259
Oahu_Battery_Bulk,2035,299392.800023,218226.817158,22896.485716
Oahu_Battery_Bulk,2040,283202.967517,193097.147088,20617.022576
Oahu_Battery_Bulk,2045,265894.853254,168259.917705,18338.564923
Oahu_Battery_Bulk,2050,247170.199888,143776.978930,16060.119446
Oahu_Battery_Conting,2027,615078.069828,0.000000,38252.828364
Oahu_Battery_Conting,2030,594333.994067,0.000000,34282.719976
Oahu_Battery_Conting,2035,564487.957783,0.000000,31639.153066
Oahu_Battery_Conting,2040,534087.888474,0.000000,28996.069439
Oahu_Battery_Conting,2045,503005.940847,0.000000,26353.580615
Oahu_Battery_Conting,2050,471071.657576,0.000000,23711.835285
Oahu_Battery_Reg,2027,807001.890169,0.000000,38252.828364
Oahu_Battery_Reg,2030,760182.746742,0.000000,34282.719976
Oahu_Battery_Reg,2035,715264.626237,0.000000,31639.153066
Oahu_Battery_Reg,2040,669875.155157,0.000000,28996.069439
Oahu_Battery_Reg,2045,623905.567509,0.000000,26353.580615
Oahu_Battery_Reg,2050,577210.844575,0.000000,23711.835285
Oahu_CIP_CT,2009,676626.207886,.,17149.271184
Oahu_CentralTrackingPV_Reference_wSlope_Flat_PV_01,2027,2471043.793237,.,30066.836581
Oahu_CentralTrackingPV_Reference_wSlope_Flat_PV_01,2030,2030585.019255,.,26324.163218
Oahu_CentralTrackingPV_Reference_wSlope_Flat_PV_01,2035,1296487.062617,.,20193.554590
Oahu_CentralTrackingPV_Reference_wSlope_Flat_PV_01,2040,1220339.253271,.,19456.501008
Oahu_CentralTrackingPV_Reference_wSlope_Flat_PV_01,2045,1144191.443925,.,18727.683738
Oahu_CentralTrackingPV_Reference_wSlope_Flat_PV_01,2050,1068043.634580,.,18006.514473
Oahu_CentralTrackingPV_Reference_wSlope_Flat_PV_02,2027,2471043.793237,.,30066.836581
Oahu_CentralTrackingPV_Reference_wSlope_Flat_PV_02,2030,2030585.019255,.,26324.163218
Oahu_CentralTrackingPV_Reference_wSlope_Flat_PV_02,2035,1296487.062617,.,20193.554590
Oahu_CentralTrackingPV_Reference_wSlope_Flat_PV_02,2040,1220339.253271,.,19456.501008
Oahu_CentralTrackingPV_Reference_wSlope_Flat_PV_02,2045,1144191.443925,.,18727.683738
Oahu_CentralTrackingPV_Reference_wSlope_Flat_PV_02,2050,1068043.634580,.,18006.514473
Oahu_CentralTrackingPV_Reference_wSlope_Flat_PV_03,2027,2471043.793237,.,30066.836581
Oahu_CentralTrackingPV_Reference_wSlope_Flat_PV_03,2030,2030585.019255,.,26324.163218
Oahu_CentralTrackingPV_Reference_wSlope_Flat_PV_03,2035,1296487.062617,.,20193.554590
Oahu_CentralTrackingPV_Reference_wSlope_Flat_PV_03,2040,1220339.253271,.,19456.501008
Oahu_CentralTrackingPV_Reference_wSlope_Flat_PV_03,2045,1144191.443925,.,18727.683738
Oahu_CentralTrackingPV_Reference_wSlope_Flat_PV_03,2050,1068043.634580,.,18006.514473
Oahu_CentralTrackingPV_Reference_wSlope_Flat_PV_04,2027,2471043.793237,.,30066.836581
Oahu_CentralTrackingPV_Reference_wSlope_Flat_PV_04,2030,2030585.019255,.,26324.163218
Oahu_CentralTrackingPV_Reference_wSlope_Flat_PV_04,2035,1296487.062617,.,20193.554590
Oahu_CentralTrackingPV_Reference_wSlope_Flat_PV_04,2040,1220339.253271,.,19456.501008
Oahu_CentralTrackingPV_Reference_wSlope_Flat_PV_04,2045,1144191.443925,.,18727.683738
Oahu_CentralTrackingPV_Reference_wSlope_Flat_PV_04,2050,1068043.634580,.,18006.514473
Oahu_CentralTrackingPV_Reference_wSlope_Flat_PV_05,2027,2471043.793237,.,30066.836581
Oahu_CentralTrackingPV_Reference_wSlope_Flat_PV_05,2030,2030585.019255,.,26324.163218
Oahu_CentralTrackingPV_Reference_wSlope_Flat_PV_05,2035,1296487.062617,.,20193.554590
Oahu_CentralTrackingPV_Reference_wSlope_Flat_PV_05,2040,1220339.253271,.,19456.501008
Oahu_CentralTrackingPV_Reference_wSlope_Flat_PV_05,2045,1144191.443925,.,18727.683738
Oahu_CentralTrackingPV_Reference_wSlope_Flat_PV_05,2050,1068043.634580,.,18006.514473
Oahu_CentralTrackingPV_Reference_wSlope_Flat_PV_06,2027,2471043.793237,.,30066.836581
Oahu_CentralTrackingPV_Reference_wSlope_Flat_PV_06,2030,2030585.019255,.,26324.163218
Oahu_CentralTrackingPV_Reference_wSlope_Flat_PV_06,2035,1296487.062617,.,20193.554590
Oahu_CentralTrackingPV_Reference_wSlope_Flat_PV_06,2040,1220339.253271,.,19456.501008
Oahu_CentralTrackingPV_Reference_wSlope_Flat_PV_06,2045,1144191.443925,.,18727.683738
Oahu_CentralTrackingPV_Reference_wSlope_Flat_PV_06,2050,1068043.634580,.,18006.514473
Oahu_CentralTrackingPV_Reference_wSlope_Flat_PV_07,2027,2471043.793237,.,30066.836581
Oahu_CentralTrackingPV_Reference_wSlope_Flat_PV_07,2030,2030585.019255,.,26324.163218
Oahu_CentralTrackingPV_Reference_wSlope_Flat_PV_07,2035,1296487.062617,.,20193.554590
Oahu_CentralTrackingPV_Reference_wSlope_Flat_PV_07,2040,1220339.253271,.,19456.501008
Oahu_CentralTrackingPV_Reference_wSlope_Flat_PV_07,2045,1144191.443925,.,18727.683738
Oahu_CentralTrackingPV_Reference_wSlope_Flat_PV_07,2050,1068043.634580,.,18006.514473
Oahu_CentralTrackingPV_Reference_wSlope_Flat_PV_08,2027,2471043.793237,.,30066.836581
Oahu_CentralTrackingPV_Reference_wSlope_Flat_PV_08,2030,2030585.019255,.,26324.163218
Oahu_CentralTrackingPV_Reference_wSlope_Flat_PV_08,2035,1296487.062617,.,20193.554590
Oahu_CentralTrackingPV_Reference_wSlope_Flat_PV_08,2040,1220339.253271,.,19456.501008
Oahu_CentralTrackingPV_Reference_wSlope_Flat_PV_08,2045,1144191.443925,.,18727.683738
Oahu_CentralTrackingPV_Reference_wSlope_Flat_PV_08,2050,1068043.634580,.,18006.514473
Oahu_CentralTrackingPV_Reference_wSlope_Flat_PV_09,2027,2471043.793237,.,30066.836581
Oahu_CentralTrackingPV_Reference_wSlope_Flat_PV_09,2030,2030585.019255,.,26324.163218
Oahu_CentralTrackingPV_Reference_wSlope_Flat_PV_09,2035,1296487.062617,.,20193.554590
Oahu_CentralTrackingPV_Reference_wSlope_Flat_PV_09,2040,1220339.253271,.,19456.501008
Oahu_CentralTrackingPV_Reference_wSlope_Flat_PV_09,2045,1144191.443925,.,18727.683738
Oahu_CentralTrackingPV_Reference_wSlope_Flat_PV_09,2050,1068043.634580,.,18006.514473
Oahu_CentralTrackingPV_Reference_wSlope_Flat_PV_10,2027,2471043.793237,.,30066.836581
Oahu_CentralTrackingPV_Reference_wSlope_Flat_PV_10,2030,2030585.019255,.,26324.163218
Oahu_CentralTrackingPV_Reference_wSlope_Flat_PV_10,2035,1296487.062617,.,20193.554590
Oahu_CentralTrackingPV_Reference_wSlope_Flat_PV_10,2040,1220339.253271,.,19456.501008
Oahu_CentralTrackingPV_Reference_wSlope_Flat_PV_10,2045,1144191.443925,.,18727.683738
Oahu_CentralTrackingPV_Reference_wSlope_Flat_PV_10,2050,1068043.634580,.,18006.514473
Oahu_CentralTrackingPV_Reference_wSlope_Flat_PV_11,2027,2471043.793237,.,30066.836581
Oahu_CentralTrackingPV_Reference_wSlope_Flat_PV_11,2030,2030585.019255,.,26324.163218
Oahu_CentralTrackingPV_Reference_wSlope_Flat_PV_11,2035,1296487.062617,.,20193.554590
Oahu_CentralTrackingPV_Reference_wSlope_Flat_PV_11,2040,1220339.253271,.,19456.501008
Oahu_CentralTrackingPV_Reference_wSlope_Flat_PV_11,2045,1144191.443925,.,18727.683738
Oahu_CentralTrackingPV_Reference_wSlope_Flat_PV_11,2050,1068043.634580,.,18006.514473
Oahu_CentralTrackingPV_Reference_wSlope_Flat_PV_12,2027,2471043.793237,.,30066.836581
Oahu_CentralTrackingPV_Reference_wSlope_Flat_PV_12,2030,2030585.019255,.,26324.163218
Oahu_CentralTrackingPV_Reference_wSlope_Flat_PV_12,2035,1296487.062617,.,20193.554590
Oahu_CentralTrackingPV_Reference_wSlope_Flat_PV_12,2040,1220339.253271,.,19456.501008
Oahu_CentralTrackingPV_Reference_wSlope_Flat_PV_12,2045,1144191.443925,.,18727.683738
Oahu_CentralTrackingPV_Reference_wSlope_Flat_PV_12,2050,1068043.634580,.,18006.514473
Oahu_CentralTrackingPV_Reference_wSlope_Flat_PV_13,2027,2471043.793237,.,30066.836581
Oahu_CentralTrackingPV_Reference_wSlope_Flat_PV_13,2030,2030585.019255,.,26324.163218
Oahu_CentralTrackingPV_Reference_wSlope_Flat_PV_13,2035,1296487.062617,.,20193.554590
Oahu_CentralTrackingPV_Reference_wSlope_Flat_PV_13,2040,1220339.253271,.,19456.501008
Oahu_CentralTrackingPV_Reference_wSlope_Flat_PV_13,2045,1144191.443925,.,18727.683738
Oahu_CentralTrackingPV_Reference_wSlope_Flat_PV_13,2050,1068043.634580,.,18006.514473
Oahu_CentralTrackingPV_Reference_wSlope_Flat_PV_14,2027,2471043.793237,.,30066.836581
Oahu_CentralTrackingPV_Reference_wSlope_Flat_PV_14,2030,2030585.019255,.,26324.163218
Oahu_CentralTrackingPV_Reference_wSlope_Flat_PV_14,2035,1296487.062617,.,20193.554590
Oahu_CentralTrackingPV_Reference_wSlope_Flat_PV_14,2040,1220339.253271,.,19456.501008
Oahu_CentralTrackingPV_Reference_wSlope_Flat_PV_14,2045,1144191.443925,.,18727.683738
Oahu_CentralTrackingPV_Reference_wSlope_Flat_PV_14,2050,1068043.634580,.,18006.514473
Oahu_CentralTrackingPV_Reference_wSlope_Flat_PV_15,2027,2471043.793237,.,30066.836581
Oahu_CentralTrackingPV_Reference_wSlope_Flat_PV_15,2030,2030585.019255,.,26324.163218
Oahu_CentralTrackingPV_Reference_wSlope_Flat_PV_15,2035,1296487.062617,.,20193.554590
Oahu_CentralTrackingPV_Reference_wSlope_Flat_PV_15,2040,1220339.253271,.,19456.501008
Oahu_CentralTrackingPV_Reference_wSlope_Flat_PV_15,2045,1144191.443925,.,18727.683738
Oahu_CentralTrackingPV_Reference_wSlope_Flat_PV_15,2050,1068043.634580,.,18006.514473
Oahu_CentralTrackingPV_Reference_wSlope_Flat_PV_16,2027,2471043.793237,.,30066.836581
Oahu_CentralTrackingPV_Reference_wSlope_Flat_PV_16,2030,2030585.019255,.,26324.163218
Oahu_CentralTrackingPV_Reference_wSlope_Flat_PV_16,2035,1296487.062617,.,20193.554590
Oahu_CentralTrackingPV_Reference_wSlope_Flat_PV_16,2040,1220339.253271,.,19456.501008
Oahu_CentralTrackingPV_Reference_wSlope_Flat_PV_16,2045,1144191.443925,.,18727.683738
Oahu_CentralTrackingPV_Reference_wSlope_Flat_PV_16,2050,1068043.634580,.,18006.514473
Oahu_CentralTrackingPV_Reference_wSlope_Flat_PV_17,2027,2471043.793237,.,30066.836581
Oahu_CentralTrackingPV_Reference_wSlope_Flat_PV_17,2030,2030585.019255,.,26324.163218
Oahu_CentralTrackingPV_Reference_wSlope_Flat_PV_17,2035,1296487.062617,.,20193.554590
Oahu_CentralTrackingPV_Reference_wSlope_Flat_PV_17,2040,1220339.253271,.,19456.501008
Oahu_CentralTrackingPV_Reference_wSlope_Flat_PV_17,2045,1144191.443925,.,18727.683738
Oahu_CentralTrackingPV_Reference_wSlope_Flat_PV_17,2050,1068043.634580,.,18006.514473
Oahu_CentralTrackingPV_Reference_wSlope_Flat_PV_18,2027,2471043.793237,.,30066.836581
Oahu_CentralTrackingPV_Reference_wSlope_Flat_PV_18,2030,2030585.019255,.,26324.163218
Oahu_CentralTrackingPV_Reference_wSlope_Flat_PV_18,2035,1296487.062617,.,20193.554590
Oahu_CentralTrackingPV_Reference_wSlope_Flat_PV_18,2040,1220339.253271,.,19456.501008
Oahu_CentralTrackingPV_Reference_wSlope_Flat_PV_18,2045,1144191.443925,.,18727.683738
Oahu_CentralTrackingPV_Reference_wSlope_Flat_PV_18,2050,1068043.634580,.,18006.514473
Oahu_CentralTrackingPV_Reference_wSlope_Moderate_PV_01,2027,2594595.982900,.,30066.836581
Oahu_CentralTrackingPV_Reference_wSlope_Moderate_PV_01,2030,2132114.270217,.,26324.163218
Oahu_CentralTrackingPV_Reference_wSlope_Moderate_PV_01,2035,1361311.415747,.,20193.554590
Oahu_CentralTrackingPV_Reference_wSlope_Moderate_PV_01,2040,1281356.215935,.,19456.501008
Oahu_CentralTrackingPV_Reference_wSlope_Moderate_PV_01,2045,1201401.016122,.,18727.683738
Oahu_CentralTrackingPV_Reference_wSlope_Moderate_PV_01,2050,1121445.816309,.,18006.514473
Oahu_CentralTrackingPV_Reference_wSlope_Moderate_PV_02,2027,2594595.982900,.,30066.836581
Oahu_CentralTrackingPV_Reference_wSlope_Moderate_PV_02,2030,2132114.270217,.,26324.163218
Oahu_CentralTrackingPV_Reference_wSlope_Moderate_PV_02,2035,1361311.415747,.,20193.554590
Oahu_CentralTrackingPV_Reference_wSlope_Moderate_PV_02,2040,1281356.215935,.,19456.501008
Oahu_CentralTrackingPV_Reference_wSlope_Moderate_PV_02,2045,1201401.016122,.,18727.683738
Oahu_CentralTrackingPV_Reference_wSlope_Moderate_PV_02,2050,1121445.816309,.,18006.514473
Oahu_CentralTrackingPV_Reference_wSlope_Moderate_PV_03,2027,2594595.982900,.,30066.836581
Oahu_CentralTrackingPV_Reference_wSlope_Moderate_PV_03,2030,2132114.270217,.,26324.163218
Oahu_CentralTrackingPV_Reference_wSlope_Moderate_PV_03,2035,1361311.415747,.,20193.554590
Oahu_CentralTrackingPV_Reference_wSlope_Moderate_PV_03,2040,1281356.215935,.,19456.501008
Oahu_CentralTrackingPV_Reference_wSlope_Moderate_PV_03,2045,1201401.016122,.,18727.683738
Oahu_CentralTrackingPV_Reference_wSlope_Moderate_PV_03,2050,1121445.816309,.,18006.514473
Oahu_CentralTrackingPV_Reference_wSlope_Moderate_PV_04,2027,2594595.982900,.,30066.836581
Oahu_CentralTrackingPV_Reference_wSlope_Moderate_PV_04,2030,2132114.270217,.,26324.163218
Oahu_CentralTrackingPV_Reference_wSlope_Moderate_PV_04,2035,1361311.415747,.,20193.554590
Oahu_CentralTrackingPV_Reference_wSlope_Moderate_PV_04,2040,1281356.215935,.,19456.501008
Oahu_CentralTrackingPV_Reference_wSlope_Moderate_PV_04,2045,1201401.016122,.,18727.683738
Oahu_CentralTrackingPV_Reference_wSlope_Moderate_PV_04,2050,1121445.816309,.,18006.514473
Oahu_CentralTrackingPV_Reference_wSlope_Moderate_PV_05,2027,2594595.982900,.,30066.836581
Oahu_CentralTrackingPV_Reference_wSlope_Moderate_PV_05,2030,2132114.270217,.,26324.163218
Oahu_CentralTrackingPV_Reference_wSlope_Moderate_PV_05,2035,1361311.415747,.,20193.554590
Oahu_CentralTrackingPV_Reference_wSlope_Moderate_PV_05,2040,1281356.215935,.,19456.501008
Oahu_CentralTrackingPV_Reference_wSlope_Moderate_PV_05,2045,1201401.016122,.,18727.683738
Oahu_CentralTrackingPV_Reference_wSlope_Moderate_PV_05,2050,1121445.816309,.,18006.514473
Oahu_CentralTrackingPV_Reference_wSlope_Moderate_PV_06,2027,2594595.982900,.,30066.836581
Oahu_CentralTrackingPV_Reference_wSlope_Moderate_PV_06,2030,2132114.270217,.,26324.163218
Oahu_CentralTrackingPV_Reference_wSlope_Moderate_PV_06,2035,1361311.415747,.,20193.554590
Oahu_CentralTrackingPV_Reference_wSlope_Moderate_PV_06,2040,1281356.215935,.,19456.501008
Oahu_CentralTrackingPV_Reference_wSlope_Moderate_PV_06,2045,1201401.016122,.,18727.683738
Oahu_CentralTrackingPV_Reference_wSlope_Moderate_PV_06,2050,1121445.816309,.,18006.514473
Oahu_CentralTrackingPV_Reference_wSlope_Moderate_PV_07,2027,2594595.982900,.,30066.836581
Oahu_CentralTrackingPV_Reference_wSlope_Moderate_PV_07,2030,2132114.270217,.,26324.163218
Oahu_CentralTrackingPV_Reference_wSlope_Moderate_PV_07,2035,1361311.415747,.,20193.554590
Oahu_CentralTrackingPV_Reference_wSlope_Moderate_PV_07,2040,1281356.215935,.,19456.501008
Oahu_CentralTrackingPV_Reference_wSlope_Moderate_PV_07,2045,1201401.016122,.,18727.683738
Oahu_CentralTrackingPV_Reference_wSlope_Moderate_PV_07,2050,1121445.816309,.,18006.514473
Oahu_CentralTrackingPV_Reference_wSlope_Moderate_PV_08,2027,2594595.982900,.,30066.836581
Oahu_CentralTrackingPV_Reference_wSlope_Moderate_PV_08,2030,2132114.270217,.,26324.163218
Oahu_CentralTrackingPV_Reference_wSlope_Moderate_PV_08,2035,1361311.415747,.,20193.554590
Oahu_CentralTrackingPV_Reference_wSlope_Moderate_PV_08,2040,1281356.215935,.,19456.501008
Oahu_CentralTrackingPV_Reference_wSlope_Moderate_PV_08,2045,1201401.016122,.,18727.683738
Oahu_CentralTrackingPV_Reference_wSlope_Moderate_PV_08,2050,1121445.816309,.,18006.514473
Oahu_CentralTrackingPV_Reference_wSlope_Moderate_PV_09,2027,2594595.982900,.,30066.836581
Oahu_CentralTrackingPV_Reference_wSlope_Moderate_PV_09,2030,2132114.270217,.,26324.163218
Oahu_CentralTrackingPV_Reference_wSlope_Moderate_PV_09,2035,1361311.415747,.,20193.554590
Oahu_CentralTrackingPV_Reference_wSlope_Moderate_PV_09,2040,1281356.215935,.,19456.501008
Oahu_CentralTrackingPV_Reference_wSlope_Moderate_PV_09,2045,1201401.016122,.,18727.683738
Oahu_CentralTrackingPV_Reference_wSlope_Moderate_PV_09,2050,1121445.816309,.,18006.514473
Oahu_CentralTrackingPV_Reference_wSlope_Moderate_PV_10,2027,2594595.982900,.,30066.836581
Oahu_CentralTrackingPV_Reference_wSlope_Moderate_PV_10,2030,2132114.270217,.,26324.163218
Oahu_CentralTrackingPV_Reference_wSlope_Moderate_PV_10,2035,1361311.415747,.,20193.554590
Oahu_CentralTrackingPV_Reference_wSlope_Moderate_PV_10,2040,1281356.215935,.,19456.501008
Oahu_CentralTrackingPV_Reference_wSlope_Moderate_PV_10,2045,1201401.016122,.,18727.683738
Oahu_CentralTrackingPV_Reference_wSlope_Moderate_PV_10,2050,1121445.816309,.,18006.514473
Oahu_CentralTrackingPV_Reference_wSlope_Moderate_PV_11,2027,2594595.982900,.,30066.836581
Oahu_CentralTrackingPV_Reference_wSlope_Moderate_PV_11,2030,2132114.270217,.,26324.163218
Oahu_CentralTrackingPV_Reference_wSlope_Moderate_PV_11,2035,1361311.415747,.,20193.554590
Oahu_CentralTrackingPV_Reference_wSlope_Moderate_PV_11,2040,1281356.215935,.,19456.501008
Oahu_CentralTrackingPV_Reference_wSlope_Moderate_PV_11,2045,1201401.016122,.,18727.683738
Oahu_CentralTrackingPV_Reference_wSlope_Moderate_PV_11,2050,1121445.816309,.,18006.514473
Oahu_CentralTrackingPV_Reference_wSlope_Moderate_PV_12,2027,2594595.982900,.,30066.836581
Oahu_CentralTrackingPV_Reference_wSlope_Moderate_PV_12,2030,2132114.270217,.,26324.163218
Oahu_CentralTrackingPV_Reference_wSlope_Moderate_PV_12,2035,1361311.415747,.,20193.554590
Oahu_CentralTrackingPV_Reference_wSlope_Moderate_PV_12,2040,1281356.215935,.,19456.501008
Oahu_CentralTrackingPV_Reference_wSlope_Moderate_PV_12,2045,1201401.016122,.,18727.683738
Oahu_CentralTrackingPV_Reference_wSlope_Moderate_PV_12,2050,1121445.816309,.,18006.514473
Oahu_CentralTrackingPV_Reference_wSlope_Moderate_PV_13,2027,2594595.982900,.,30066.836581
Oahu_CentralTrackingPV_Reference_wSlope_Moderate_PV_13,2030,2132114.270217,.,26324.163218
Oahu_CentralTrackingPV_Reference_wSlope_Moderate_PV_13,2035,1361311.415747,.,20193.554590
Oahu_CentralTrackingPV_Reference_wSlope_Moderate_PV_13,2040,1281356.215935,.,19456.501008
Oahu_CentralTrackingPV_Reference_wSlope_Moderate_PV_13,2045,1201401.016122,.,18727.683738
Oahu_CentralTrackingPV_Reference_wSlope_Moderate_PV_13,2050,1121445.816309,.,18006.514473
Oahu_CentralTrackingPV_Reference_wSlope_Moderate_PV_14,2027,2594595.982900,.,30066.836581
Oahu_CentralTrackingPV_Reference_wSlope_Moderate_PV_14,2030,2132114.270217,.,26324.163218
Oahu_CentralTrackingPV_Reference_wSlope_Moderate_PV_14,2035,1361311.415747,.,20193.554590
Oahu_CentralTrackingPV_Reference_wSlope_Moderate_PV_14,2040,1281356.215935,.,19456.501008
Oahu_CentralTrackingPV_Reference_wSlope_Moderate_PV_14,2045,1201401.016122,.,18727.683738
Oahu_CentralTrackingPV_Reference_wSlope_Moderate_PV_14,2050,1121445.816309,.,18006.514473
Oahu_CentralTrackingPV_Reference_wSlope_Moderate_PV_15,2027,2594595.982900,.,30066.836581
Oahu_CentralTrackingPV_Reference_wSlope_Moderate_PV_15,2030,2132114.270217,.,26324.163218
Oahu_CentralTrackingPV_Reference_wSlope_Moderate_PV_15,2035,1361311.415747,.,20193.554590
Oahu_CentralTrackingPV_Reference_wSlope_Moderate_PV_15,2040,1281356.215935,.,19456.501008
Oahu_CentralTrackingPV_Reference_wSlope_Moderate_PV_15,2045,1201401.016122,.,18727.683738
Oahu_CentralTrackingPV_Reference_wSlope_Moderate_PV_15,2050,1121445.816309,.,18006.514473
Oahu_CentralTrackingPV_Reference_wSlope_Moderate_PV_16,2027,2594595.982900,.,30066.836581
Oahu_CentralTrackingPV_Reference_wSlope_Moderate_PV_16,2030,2132114.270217,.,26324.163218
Oahu_CentralTrackingPV_Reference_wSlope_Moderate_PV_16,2035,1361311.415747,.,20193.554590
Oahu_CentralTrackingPV_Reference_wSlope_Moderate_PV_16,2040,1281356.215935,.,19456.501008
Oahu_CentralTrackingPV_Reference_wSlope_Moderate_PV_16,2045,1201401.016122,.,18727.683738
Oahu_CentralTrackingPV_Reference_wSlope_Moderate_PV_16,2050,1121445.816309,.,18006.514473
Oahu_CentralTrackingPV_Reference_wSlope_Moderate_PV_17,2027,2594595.982900,.,30066.836581
Oahu_CentralTrackingPV_Reference_wSlope_Moderate_PV_17,2030,2132114.270217,.,26324.163218
Oahu_CentralTrackingPV_Reference_wSlope_Moderate_PV_17,2035,1361311.415747,.,20193.554590
Oahu_CentralTrackingPV_Reference_wSlope_Moderate_PV_17,2040,1281356.215935,.,19456.501008
Oahu_CentralTrackingPV_Reference_wSlope_Moderate_PV_17,2045,1201401.016122,.,18727.683738
Oahu_CentralTrackingPV_Reference_wSlope_Moderate_PV_17,2050,1121445.816309,.,18006.514473
Oahu_CentralTrackingPV_Reference_wSlope_Moderate_PV_18,2027,2594595.982900,.,30066.836581
Oahu_CentralTrackingPV_Reference_wSlope_Moderate_PV_18,2030,2132114.270217,.,26324.163218
Oahu_CentralTrackingPV_Reference_wSlope_Moderate_PV_18,2035,1361311.415747,.,20193.554590
Oahu_CentralTrackingPV_Reference_wSlope_Moderate_PV_18,2040,1281356.215935,.,19456.501008
Oahu_CentralTrackingPV_Reference_wSlope_Moderate_PV_18,2045,1201401.016122,.,18727.683738
Oahu_CentralTrackingPV_Reference_wSlope_Moderate_PV_18,2050,1121445.816309,.,18006.514473
Oahu_CentralTrackingPV_Reference_wSlope_Steep_PV_01,2027,2718148.172562,.,30066.836581
Oahu_CentralTrackingPV_Reference_wSlope_Steep_PV_01,2030,2233643.521181,.,26324.163218
Oahu_CentralTrackingPV_Reference_wSlope_Steep_PV_01,2035,1426135.768878,.,20193.554590
Oahu_CentralTrackingPV_Reference_wSlope_Steep_PV_01,2040,1342373.178598,.,19456.501008
Oahu_CentralTrackingPV_Reference_wSlope_Steep_PV_01,2045,1258610.588317,.,18727.683738
Oahu_CentralTrackingPV_Reference_wSlope_Steep_PV_01,2050,1174847.998038,.,18006.514473
Oahu_CentralTrackingPV_Reference_wSlope_Steep_PV_02,2027,2718148.172562,.,30066.836581
Oahu_CentralTrackingPV_Reference_wSlope_Steep_PV_02,2030,2233643.521181,.,26324.163218
Oahu_CentralTrackingPV_Reference_wSlope_Steep_PV_02,2035,1426135.768878,.,20193.554590
Oahu_CentralTrackingPV_Reference_wSlope_Steep_PV_02,2040,1342373.178598,.,19456.501008
Oahu_CentralTrackingPV_Reference_wSlope_Steep_PV_02,2045,1258610.588317,.,18727.683738
Oahu_CentralTrackingPV_Reference_wSlope_Steep_PV_02,2050,1174847.998038,.,18006.514473
Oahu_CentralTrackingPV_Reference_wSlope_Steep_PV_03,2027,2718148.172562,.,30066.836581
Oahu_CentralTrackingPV_Reference_wSlope_Steep_PV_03,2030,2233643.521181,.,26324.163218
Oahu_CentralTrackingPV_Reference_wSlope_Steep_PV_03,2035,1426135.768878,.,20193.554590
Oahu_CentralTrackingPV_Reference_wSlope_Steep_PV_03,2040,1342373.178598,.,19456.501008
Oahu_CentralTrackingPV_Reference_wSlope_Steep_PV_03,2045,1258610.588317,.,18727.683738
Oahu_CentralTrackingPV_Reference_wSlope_Steep_PV_03,2050,1174847.998038,.,18006.514473
Oahu_CentralTrackingPV_Reference_wSlope_Steep_PV_04,2027,2718148.172562,.,30066.836581
Oahu_CentralTrackingPV_Reference_wSlope_Steep_PV_04,2030,2233643.521181,.,26324.163218
Oahu_CentralTrackingPV_Reference_wSlope_Steep_PV_04,2035,1426135.768878,.,20193.554590
Oahu_CentralTrackingPV_Reference_wSlope_Steep_PV_04,2040,1342373.178598,.,19456.501008
Oahu_CentralTrackingPV_Reference_wSlope_Steep_PV_04,2045,1258610.588317,.,18727.683738
Oahu_CentralTrackingPV_Reference_wSlope_Steep_PV_04,2050,1174847.998038,.,18006.514473
Oahu_CentralTrackingPV_Reference_wSlope_Steep_PV_05,2027,2718148.172562,.,30066.836581
Oahu_CentralTrackingPV_Reference_wSlope_Steep_PV_05,2030,2233643.521181,.,26324.163218
Oahu_CentralTrackingPV_Reference_wSlope_Steep_PV_05,2035,1426135.768878,.,20193.554590
Oahu_CentralTrackingPV_Reference_wSlope_Steep_PV_05,2040,1342373.178598,.,19456.501008
Oahu_CentralTrackingPV_Reference_wSlope_Steep_PV_05,2045,1258610.588317,.,18727.683738
Oahu_CentralTrackingPV_Reference_wSlope_Steep_PV_05,2050,1174847.998038,.,18006.514473
Oahu_CentralTrackingPV_Reference_wSlope_Steep_PV_06,2027,2718148.172562,.,30066.836581
Oahu_CentralTrackingPV_Reference_wSlope_Steep_PV_06,2030,2233643.521181,.,26324.163218
Oahu_CentralTrackingPV_Reference_wSlope_Steep_PV_06,2035,1426135.768878,.,20193.554590
Oahu_CentralTrackingPV_Reference_wSlope_Steep_PV_06,2040,1342373.178598,.,19456.501008
Oahu_CentralTrackingPV_Reference_wSlope_Steep_PV_06,2045,1258610.588317,.,18727.683738
Oahu_CentralTrackingPV_Reference_wSlope_Steep_PV_06,2050,1174847.998038,.,18006.514473
Oahu_CentralTrackingPV_Reference_wSlope_Steep_PV_07,2027,2718148.172562,.,30066.836581
Oahu_CentralTrackingPV_Reference_wSlope_Steep_PV_07,2030,2233643.521181,.,26324.163218
Oahu_CentralTrackingPV_Reference_wSlope_Steep_PV_07,2035,1426135.768878,.,20193.554590
Oahu_CentralTrackingPV_Reference_wSlope_Steep_PV_07,2040,1342373.178598,.,19456.501008
Oahu_CentralTrackingPV_Reference_wSlope_Steep_PV_07,2045,1258610.588317,.,18727.683738
Oahu_CentralTrackingPV_Reference_wSlope_Steep_PV_07,2050,1174847.998038,.,18006.514473
Oahu_CentralTrackingPV_Reference_wSlope_Steep_PV_08,2027,2718148.172562,.,30066.836581
Oahu_CentralTrackingPV_Reference_wSlope_Steep_PV_08,2030,2233643.521181,.,26324.163218
Oahu_CentralTrackingPV_Reference_wSlope_Steep_PV_08,2035,1426135.768878,.,20193.554590
Oahu_CentralTrackingPV_Reference_wSlope_Steep_PV_08,2040,1342373.178598,.,19456.501008
Oahu_CentralTrackingPV_Reference_wSlope_Steep_PV_08,2045,1258610.588317,.,18727.683738
Oahu_CentralTrackingPV_Reference_wSlope_Steep_PV_08,2050,1174847.998038,.,18006.514473
Oahu_CentralTrackingPV_Reference_wSlope_Steep_PV_09,2027,2718148.172562,.,30066.836581
Oahu_CentralTrackingPV_Reference_wSlope_Steep_PV_09,2030,2233643.521181,.,26324.163218
Oahu_CentralTrackingPV_Reference_wSlope_Steep_PV_09,2035,1426135.768878,.,20193.554590
Oahu_CentralTrackingPV_Reference_wSlope_Steep_PV_09,2040,1342373.178598,.,19456.501008
Oahu_CentralTrackingPV_Reference_wSlope_Steep_PV_09,2045,1258610.588317,.,18727.683738
Oahu_CentralTrackingPV_Reference_wSlope_Steep_PV_09,2050,1174847.998038,.,18006.514473
Oahu_CentralTrackingPV_Reference_wSlope_Steep_PV_10,2027,2718148.172562,.,30066.836581
Oahu_CentralTrackingPV_Reference_wSlope_Steep_PV_10,2030,2233643.521181,.,26324.163218
Oahu_CentralTrackingPV_Reference_wSlope_Steep_PV_10,2035,1426135.768878,.,20193.554590
Oahu_CentralTrackingPV_Reference_wSlope_Steep_PV_10,2040,1342373.178598,.,19456.501008
Oahu_CentralTrackingPV_Reference_wSlope_Steep_PV_10,2045,1258610.588317,.,18727.683738
Oahu_CentralTrackingPV_Reference_wSlope_Steep_PV_10,2050,1174847.998038,.,18006.514473
Oahu_CentralTrackingPV_Reference_wSlope_Steep_PV_11,2027,2718148.172562,.,30066.836581
Oahu_CentralTrackingPV_Reference_wSlope_Steep_PV_11,2030,2233643.521181,.,26324.163218
Oahu_CentralTrackingPV_Reference_wSlope_Steep_PV_11,2035,1426135.768878,.,20193.554590
Oahu_CentralTrackingPV_Reference_wSlope_Steep_PV_11,2040,1342373.178598,.,19456.501008
Oahu_CentralTrackingPV_Reference_wSlope_Steep_PV_11,2045,1258610.588317,.,18727.683738
Oahu_CentralTrackingPV_Reference_wSlope_Steep_PV_11,2050,1174847.998038,.,18006.514473
Oahu_CentralTrackingPV_Reference_wSlope_Steep_PV_12,2027,2718148.172562,.,30066.836581
Oahu_CentralTrackingPV_Reference_wSlope_Steep_PV_12,2030,2233643.521181,.,26324.163218
Oahu_CentralTrackingPV_Reference_wSlope_Steep_PV_12,2035,1426135.768878,.,20193.554590
Oahu_CentralTrackingPV_Reference_wSlope_Steep_PV_12,2040,1342373.178598,.,19456.501008
Oahu_CentralTrackingPV_Reference_wSlope_Steep_PV_12,2045,1258610.588317,.,18727.683738
Oahu_CentralTrackingPV_Reference_wSlope_Steep_PV_12,2050,1174847.998038,.,18006.514473
Oahu_CentralTrackingPV_Reference_wSlope_Steep_PV_13,2027,2718148.172562,.,30066.836581
Oahu_CentralTrackingPV_Reference_wSlope_Steep_PV_13,2030,2233643.521181,.,26324.163218
Oahu_CentralTrackingPV_Reference_wSlope_Steep_PV_13,2035,1426135.768878,.,20193.554590
Oahu_CentralTrackingPV_Reference_wSlope_Steep_PV_13,2040,1342373.178598,.,19456.501008
Oahu_CentralTrackingPV_Reference_wSlope_Steep_PV_13,2045,1258610.588317,.,18727.683738
Oahu_CentralTrackingPV_Reference_wSlope_Steep_PV_13,2050,1174847.998038,.,18006.514473
Oahu_CentralTrackingPV_Reference_wSlope_Steep_PV_14,2027,2718148.172562,.,30066.836581
Oahu_CentralTrackingPV_Reference_wSlope_Steep_PV_14,2030,2233643.521181,.,26324.163218
Oahu_CentralTrackingPV_Reference_wSlope_Steep_PV_14,2035,1426135.768878,.,20193.554590
Oahu_CentralTrackingPV_Reference_wSlope_Steep_PV_14,2040,1342373.178598,.,19456.501008
Oahu_CentralTrackingPV_Reference_wSlope_Steep_PV_14,2045,1258610.588317,.,18727.683738
Oahu_CentralTrackingPV_Reference_wSlope_Steep_PV_14,2050,1174847.998038,.,18006.514473
Oahu_CentralTrackingPV_Reference_wSlope_Steep_PV_15,2027,2718148.172562,.,30066.836581
Oahu_CentralTrackingPV_Reference_wSlope_Steep_PV_15,2030,2233643.521181,.,26324.163218
Oahu_CentralTrackingPV_Reference_wSlope_Steep_PV_15,2035,1426135.768878,.,20193.554590
Oahu_CentralTrackingPV_Reference_wSlope_Steep_PV_15,2040,1342373.178598,.,19456.501008
Oahu_CentralTrackingPV_Reference_wSlope_Steep_PV_15,2045,1258610.588317,.,18727.683738
Oahu_CentralTrackingPV_Reference_wSlope_Steep_PV_15,2050,1174847.998038,.,18006.514473
Oahu_CentralTrackingPV_Reference_wSlope_Steep_PV_16,2027,2718148.172562,.,30066.836581
Oahu_CentralTrackingPV_Reference_wSlope_Steep_PV_16,2030,2233643.521181,.,26324.163218
Oahu_CentralTrackingPV_Reference_wSlope_Steep_PV_16,2035,1426135.768878,.,20193.554590
Oahu_CentralTrackingPV_Reference_wSlope_Steep_PV_16,2040,1342373.178598,.,19456.501008
Oahu_CentralTrackingPV_Reference_wSlope_Steep_PV_16,2045,1258610.588317,.,18727.683738
Oahu_CentralTrackingPV_Reference_wSlope_Steep_PV_16,2050,1174847.998038,.,18006.514473
Oahu_CentralTrackingPV_Reference_wSlope_Steep_PV_17,2027,2718148.172562,.,30066.836581
Oahu_CentralTrackingPV_Reference_wSlope_Steep_PV_17,2030,2233643.521181,.,26324.163218
Oahu_CentralTrackingPV_Reference_wSlope_Steep_PV_17,2035,1426135.768878,.,20193.554590
Oahu_CentralTrackingPV_Reference_wSlope_Steep_PV_17,2040,1342373.178598,.,19456.501008
Oahu_CentralTrackingPV_Reference_wSlope_Steep_PV_17,2045,1258610.588317,.,18727.683738
Oahu_CentralTrackingPV_Reference_wSlope_Steep_PV_17,2050,1174847.998038,.,18006.514473
Oahu_CentralTrackingPV_Reference_wSlope_Steep_PV_18,2027,2718148.172562,.,30066.836581
Oahu_CentralTrackingPV_Reference_wSlope_Steep_PV_18,2030,2233643.521181,.,26324.163218
Oahu_CentralTrackingPV_Reference_wSlope_Steep_PV_18,2035,1426135.768878,.,20193.554590
Oahu_CentralTrackingPV_Reference_wSlope_Steep_PV_18,2040,1342373.178598,.,19456.501008
Oahu_CentralTrackingPV_Reference_wSlope_Steep_PV_18,2045,1258610.588317,.,18727.683738
Oahu_CentralTrackingPV_Reference_wSlope_Steep_PV_18,2050,1174847.998038,.,18006.514473
Oahu_DistBattery,2020,411890.214658,473076.804516,0.000000
Oahu_DistBattery,2027,423154.249487,383847.640682,38252.828364
Oahu_DistBattery,2030,428485.241393,331697.505349,34282.719976
Oahu_DistBattery,2035,413711.289330,301553.336907,31639.153066
Oahu_DistBattery,2040,398300.621791,271574.533366,28996.069439
Oahu_DistBattery,2045,382106.314185,241799.253324,26353.580615
Oahu_DistBattery,2050,364932.470578,212278.373998,23711.835285
Oahu_FlatDistPV_Oahu_FlatDistPV_0,2013,5207259.437219,.,0.000000
Oahu_FlatDistPV_Oahu_FlatDistPV_0,2014,5207259.437219,.,0.000000
Oahu_FlatDistPV_Oahu_FlatDistPV_0,2015,5207259.437219,.,0.000000
Oahu_FlatDistPV_Oahu_FlatDistPV_0,2016,5207259.437219,.,0.000000
Oahu_FlatDistPV_Oahu_FlatDistPV_0,2017,5207259.437219,.,0.000000
Oahu_FlatDistPV_Oahu_FlatDistPV_0,2018,5207259.437219,.,0.000000
Oahu_FlatDistPV_Oahu_FlatDistPV_0,2019,5207259.437219,.,0.000000
Oahu_FlatDistPV_Oahu_FlatDistPV_0,2020,5207259.437219,.,0.000000
Oahu_FlatDistPV_Oahu_FlatDistPV_0,2027,2807794.284035,.,18052.731718
Oahu_FlatDistPV_Oahu_FlatDistPV_0,2030,2548988.364799,.,16712.151687
Oahu_FlatDistPV_Oahu_FlatDistPV_0,2035,2117645.166072,.,14477.851635
Oahu_FlatDistPV_Oahu_FlatDistPV_0,2040,1940999.673053,.,13562.851618
Oahu_FlatDistPV_Oahu_FlatDistPV_0,2045,1764354.180034,.,12647.851600
Oahu_FlatDistPV_Oahu_FlatDistPV_0,2050,1587708.687015,.,11732.851583
Oahu_FlatDistPV_Oahu_FlatDistPV_1,2027,2807794.284035,.,18052.731718
Oahu_FlatDistPV_Oahu_FlatDistPV_1,2030,2548988.364799,.,16712.151687
Oahu_FlatDistPV_Oahu_FlatDistPV_1,2035,2117645.166072,.,14477.851635
Oahu_FlatDistPV_Oahu_FlatDistPV_1,2040,1940999.673053,.,13562.851618
Oahu_FlatDistPV_Oahu_FlatDistPV_1,2045,1764354.180034,.,12647.851600
Oahu_FlatDistPV_Oahu_FlatDistPV_1,2050,1587708.687015,.,11732.851583
Oahu_FlatDistPV_Oahu_FlatDistPV_2,2013,5207259.437219,.,0.000000
Oahu_FlatDistPV_Oahu_FlatDistPV_2,2014,5207259.437219,.,0.000000
Oahu_FlatDistPV_Oahu_FlatDistPV_2,2015,5207259.437219,.,0.000000
Oahu_FlatDistPV_Oahu_FlatDistPV_2,2016,5207259.437219,.,0.000000
Oahu_FlatDistPV_Oahu_FlatDistPV_2,2017,5207259.437219,.,0.000000
Oahu_FlatDistPV_Oahu_FlatDistPV_2,2018,5207259.437219,.,0.000000
Oahu_FlatDistPV_Oahu_FlatDistPV_2,2019,5207259.437219,.,0.000000
Oahu_FlatDistPV_Oahu_FlatDistPV_2,2020,5207259.437219,.,0.000000
Oahu_FlatDistPV_Oahu_FlatDistPV_2,2027,2807794.284035,.,18052.731718
Oahu_FlatDistPV_Oahu_FlatDistPV_2,2030,2548988.364799,.,16712.151687
Oahu_FlatDistPV_Oahu_FlatDistPV_2,2035,2117645.166072,.,14477.851635
Oahu_FlatDistPV_Oahu_FlatDistPV_2,2040,1940999.673053,.,13562.851618
Oahu_FlatDistPV_Oahu_FlatDistPV_2,2045,1764354.180034,.,12647.851600
Oahu_FlatDistPV_Oahu_FlatDistPV_2,2050,1587708.687015,.,11732.851583
Oahu_FlatDistPV_Oahu_FlatDistPV_3,2027,2807794.284035,.,18052.731718
Oahu_FlatDistPV_Oahu_FlatDistPV_3,2030,2548988.364799,.,16712.151687
Oahu_FlatDistPV_Oahu_FlatDistPV_3,2035,2117645.166072,.,14477.851635
Oahu_FlatDistPV_Oahu_FlatDistPV_3,2040,1940999.673053,.,13562.851618
Oahu_FlatDistPV_Oahu_FlatDistPV_3,2045,1764354.180034,.,12647.851600
Oahu_FlatDistPV_Oahu_FlatDistPV_3,2050,1587708.687015,.,11732.851583
Oahu_H-Power,1989,2462794.675799,.,93227.939110
Oahu_Hawaii_Cogen,1982,633029.216181,.,21638.089571
Oahu_IC_Barge,2027,1637434.237075,.,42646.050995
Oahu_IC_Barge,2030,1637902.461697,.,42646.050995
Oahu_IC_Barge,2035,1637448.578356,.,42646.050995
Oahu_IC_Barge,2040,1638048.665144,.,42646.050995
Oahu_IC_Barge,2045,1637687.224778,.,42646.050995
Oahu_IC_Barge,2050,1637687.224778,.,42646.050995
Oahu_IC_MCBH,2027,3678633.313976,.,42646.050995
Oahu_IC_MCBH,2030,3630571.318865,.,42646.050995
Oahu_IC_MCBH,2035,3571172.182199,.,42646.050995
Oahu_IC_MCBH,2040,3534184.761527,.,42646.050995
Oahu_IC_MCBH,2045,3534306.078339,.,42646.050995
Oahu_IC_MCBH,2050,3534306.078339,.,42646.050995
Oahu_IC_Schofield,2018,4133424.559557,.,21638.089571
Oahu_IC_Schofield,2027,2886359.232807,.,42646.050995
Oahu_IC_Schofield,2030,2848735.594064,.,42646.050995
Oahu_IC_Schofield,2035,2802267.949389,.,42646.050995
Oahu_IC_Schofield,2040,2773633.362595,.,42646.050995
Oahu_IC_Schofield,2045,2773740.524850,.,42646.050995
Oahu_IC_Schofield,2050,2773740.524850,.,42646.050995
Oahu_JERA,2027,3020712.48,.,21397.278633
Oahu_JERA,2030,2863294.74,.,21397.278633
Oahu_JERA,2035,2618949.75,.,21397.278633
Oahu_JERA,2040,2395456.43,.,21397.278633
Oahu_JERA,2045,2191035.36,.,21397.278633
Oahu_JERA,2050,2004058.97,.,21397.278633
Oahu_Kahe_1,1963,676626.207886,.,12200.199439
Oahu_Kahe_2,1964,676626.207886,.,12200.199439
Oahu_Kahe_3,1970,676626.207886,.,12200.199439
Oahu_Kahe_4,1972,676626.207886,.,12200.199439
Oahu_Kahe_5,1974,676626.207886,.,12200.199439
Oahu_Kahe_6,1981,676626.207886,.,12200.199439
Oahu_Kalaeloa_CC1,1989,791862.001332,.,52483.876832
Oahu_Kalaeloa_CC2,1991,791862.001332,.,52483.876832
Oahu_Kalaeloa_CC3,1991,791862.001332,.,52483.876832
Oahu_OffshoreWind_OffWind,2027,8846915.408328,.,85806.106647
Oahu_OffshoreWind_OffWind,2030,6894865.493266,.,83077.417251
Oahu_OffshoreWind_OffWind,2035,5322644.398117,.,78495.990894
Oahu_OffshoreWind_OffWind,2040,5121996.170389,.,76449.816634
Oahu_OffshoreWind_OffWind,2045,4971755.873070,.,74917.611816
Oahu_OffshoreWind_OffWind,2050,4852363.185767,.,73700.032658
Oahu_OnshoreWind_OnWind_101,2027,2142434.091889,.,32122.827418
Oahu_OnshoreWind_OnWind_101,2030,2004762.279007,.,30865.350188
Oahu_OnshoreWind_OnWind_101,2035,1900446.738016,.,29807.926154
Oahu_OnshoreWind_OnWind_101,2040,1796131.197025,.,28750.502120
Oahu_OnshoreWind_OnWind_101,2045,1691815.656034,.,27693.078085
Oahu_OnshoreWind_OnWind_101,2050,1587500.115043,.,26635.654051
Oahu_OnshoreWind_OnWind_102,2027,2142434.091889,.,32122.827418
Oahu_OnshoreWind_OnWind_102,2030,2004762.279007,.,30865.350188
Oahu_OnshoreWind_OnWind_102,2035,1900446.738016,.,29807.926154
Oahu_OnshoreWind_OnWind_102,2040,1796131.197025,.,28750.502120
Oahu_OnshoreWind_OnWind_102,2045,1691815.656034,.,27693.078085
Oahu_OnshoreWind_OnWind_102,2050,1587500.115043,.,26635.654051
Oahu_OnshoreWind_OnWind_103,2012,5702329.429467,.,59922.280591
Oahu_OnshoreWind_OnWind_103,2027,2142434.091889,.,32122.827418
Oahu_OnshoreWind_OnWind_103,2030,2004762.279007,.,30865.350188
Oahu_OnshoreWind_OnWind_103,2035,1900446.738016,.,29807.926154
Oahu_OnshoreWind_OnWind_103,2040,1796131.197025,.,28750.502120
Oahu_OnshoreWind_OnWind_103,2045,1691815.656034,.,27693.078085
Oahu_OnshoreWind_OnWind_103,2050,1587500.115043,.,26635.654051
Oahu_OnshoreWind_OnWind_104,2027,2142434.091889,.,32122.827418
Oahu_OnshoreWind_OnWind_104,2030,2004762.279007,.,30865.350188
Oahu_OnshoreWind_OnWind_104,2035,1900446.738016,.,29807.926154
Oahu_OnshoreWind_OnWind_104,2040,1796131.197025,.,28750.502120
Oahu_OnshoreWind_OnWind_104,2045,1691815.656034,.,27693.078085
Oahu_OnshoreWind_OnWind_104,2050,1587500.115043,.,26635.654051
Oahu_OnshoreWind_OnWind_105,2027,2142434.091889,.,32122.827418
Oahu_OnshoreWind_OnWind_105,2030,2004762.279007,.,30865.350188
Oahu_OnshoreWind_OnWind_105,2035,1900446.738016,.,29807.926154
Oahu_OnshoreWind_OnWind_105,2040,1796131.197025,.,28750.502120
Oahu_OnshoreWind_OnWind_105,2045,1691815.656034,.,27693.078085
Oahu_OnshoreWind_OnWind_105,2050,1587500.115043,.,26635.654051
Oahu_OnshoreWind_OnWind_106,2027,2142434.091889,.,32122.827418
Oahu_OnshoreWind_OnWind_106,2030,2004762.279007,.,30865.350188
Oahu_OnshoreWind_OnWind_106,2035,1900446.738016,.,29807.926154
Oahu_OnshoreWind_OnWind_106,2040,1796131.197025,.,28750.502120
Oahu_OnshoreWind_OnWind_106,2045,1691815.656034,.,27693.078085
Oahu_OnshoreWind_OnWind_106,2050,1587500.115043,.,26635.654051
Oahu_OnshoreWind_OnWind_107,2027,2142434.091889,.,32122.827418
Oahu_OnshoreWind_OnWind_107,2030,2004762.279007,.,30865.350188
Oahu_OnshoreWind_OnWind_107,2035,1900446.738016,.,29807.926154
Oahu_OnshoreWind_OnWind_107,2040,1796131.197025,.,28750.502120
Oahu_OnshoreWind_OnWind_107,2045,1691815.656034,.,27693.078085
Oahu_OnshoreWind_OnWind_107,2050,1587500.115043,.,26635.654051
Oahu_OnshoreWind_OnWind_201,2027,2142434.091889,.,32122.827418
Oahu_OnshoreWind_OnWind_201,2030,2004762.279007,.,30865.350188
Oahu_OnshoreWind_OnWind_201,2035,1900446.738016,.,29807.926154
Oahu_OnshoreWind_OnWind_201,2040,1796131.197025,.,28750.502120
Oahu_OnshoreWind_OnWind_201,2045,1691815.656034,.,27693.078085
Oahu_OnshoreWind_OnWind_201,2050,1587500.115043,.,26635.654051
Oahu_OnshoreWind_OnWind_202,2027,2142434.091889,.,32122.827418
Oahu_OnshoreWind_OnWind_202,2030,2004762.279007,.,30865.350188
Oahu_OnshoreWind_OnWind_202,2035,1900446.738016,.,29807.926154
Oahu_OnshoreWind_OnWind_202,2040,1796131.197025,.,28750.502120
Oahu_OnshoreWind_OnWind_202,2045,1691815.656034,.,27693.078085
Oahu_OnshoreWind_OnWind_202,2050,1587500.115043,.,26635.654051
Oahu_OnshoreWind_OnWind_203,2027,2142434.091889,.,32122.827418
Oahu_OnshoreWind_OnWind_203,2030,2004762.279007,.,30865.350188
Oahu_OnshoreWind_OnWind_203,2035,1900446.738016,.,29807.926154
Oahu_OnshoreWind_OnWind_203,2040,1796131.197025,.,28750.502120
Oahu_OnshoreWind_OnWind_203,2045,1691815.656034,.,27693.078085
Oahu_OnshoreWind_OnWind_203,2050,1587500.115043,.,26635.654051
Oahu_OnshoreWind_OnWind_204,2027,2142434.091889,.,32122.827418
Oahu_OnshoreWind_OnWind_204,2030,2004762.279007,.,30865.350188
Oahu_OnshoreWind_OnWind_204,2035,1900446.738016,.,29807.926154
Oahu_OnshoreWind_OnWind_204,2040,1796131.197025,.,28750.502120
Oahu_OnshoreWind_OnWind_204,2045,1691815.656034,.,27693.078085
Oahu_OnshoreWind_OnWind_204,2050,1587500.115043,.,26635.654051
Oahu_OnshoreWind_OnWind_205,2027,2142434.091889,.,32122.827418
Oahu_OnshoreWind_OnWind_205,2030,2004762.279007,.,30865.350188
Oahu_OnshoreWind_OnWind_205,2035,1900446.738016,.,29807.926154
Oahu_OnshoreWind_OnWind_205,2040,1796131.197025,.,28750.502120
Oahu_OnshoreWind_OnWind_205,2045,1691815.656034,.,27693.078085
Oahu_OnshoreWind_OnWind_205,2050,1587500.115043,.,26635.654051
Oahu_OnshoreWind_OnWind_206,2027,2142434.091889,.,32122.827418
Oahu_OnshoreWind_OnWind_206,2030,2004762.279007,.,30865.350188
Oahu_OnshoreWind_OnWind_206,2035,1900446.738016,.,29807.926154
Oahu_OnshoreWind_OnWind_206,2040,1796131.197025,.,28750.502120
Oahu_OnshoreWind_OnWind_206,2045,1691815.656034,.,27693.078085
Oahu_OnshoreWind_OnWind_206,2050,1587500.115043,.,26635.654051
Oahu_OnshoreWind_OnWind_207,2027,2142434.091889,.,32122.827418
Oahu_OnshoreWind_OnWind_207,2030,2004762.279007,.,30865.350188
Oahu_OnshoreWind_OnWind_207,2035,1900446.738016,.,29807.926154
Oahu_OnshoreWind_OnWind_207,2040,1796131.197025,.,28750.502120
Oahu_OnshoreWind_OnWind_207,2045,1691815.656034,.,27693.078085
Oahu_OnshoreWind_OnWind_207,2050,1587500.115043,.,26635.654051
Oahu_OnshoreWind_OnWind_208,2027,2142434.091889,.,32122.827418
Oahu_OnshoreWind_OnWind_208,2030,2004762.279007,.,30865.350188
Oahu_OnshoreWind_OnWind_208,2035,1900446.738016,.,29807.926154
Oahu_OnshoreWind_OnWind_208,2040,1796131.197025,.,28750.502120
Oahu_OnshoreWind_OnWind_208,2045,1691815.656034,.,27693.078085
Oahu_OnshoreWind_OnWind_208,2050,1587500.115043,.,26635.654051
Oahu_OnshoreWind_OnWind_209,2027,2142434.091889,.,32122.827418
Oahu_OnshoreWind_OnWind_209,2030,2004762.279007,.,30865.350188
Oahu_OnshoreWind_OnWind_209,2035,1900446.738016,.,29807.926154
Oahu_OnshoreWind_OnWind_209,2040,1796131.197025,.,28750.502120
Oahu_OnshoreWind_OnWind_209,2045,1691815.656034,.,27693.078085
Oahu_OnshoreWind_OnWind_209,2050,1587500.115043,.,26635.654051
Oahu_OnshoreWind_OnWind_301,2027,2142434.091889,.,32122.827418
Oahu_OnshoreWind_OnWind_301,2030,2004762.279007,.,30865.350188
Oahu_OnshoreWind_OnWind_301,2035,1900446.738016,.,29807.926154
Oahu_OnshoreWind_OnWind_301,2040,1796131.197025,.,28750.502120
Oahu_OnshoreWind_OnWind_301,2045,1691815.656034,.,27693.078085
Oahu_OnshoreWind_OnWind_301,2050,1587500.115043,.,26635.654051
Oahu_OnshoreWind_OnWind_302,2027,2142434.091889,.,32122.827418
Oahu_OnshoreWind_OnWind_302,2030,2004762.279007,.,30865.350188
Oahu_OnshoreWind_OnWind_302,2035,1900446.738016,.,29807.926154
Oahu_OnshoreWind_OnWind_302,2040,1796131.197025,.,28750.502120
Oahu_OnshoreWind_OnWind_302,2045,1691815.656034,.,27693.078085
Oahu_OnshoreWind_OnWind_302,2050,1587500.115043,.,26635.654051
Oahu_OnshoreWind_OnWind_303,2027,2142434.091889,.,32122.827418
Oahu_OnshoreWind_OnWind_303,2030,2004762.279007,.,30865.350188
Oahu_OnshoreWind_OnWind_303,2035,1900446.738016,.,29807.926154
Oahu_OnshoreWind_OnWind_303,2040,1796131.197025,.,28750.502120
Oahu_OnshoreWind_OnWind_303,2045,1691815.656034,.,27693.078085
Oahu_OnshoreWind_OnWind_303,2050,1587500.115043,.,26635.654051
Oahu_OnshoreWind_OnWind_304,2027,2142434.091889,.,32122.827418
Oahu_OnshoreWind_OnWind_304,2030,2004762.279007,.,30865.350188
Oahu_OnshoreWind_OnWind_304,2035,1900446.738016,.,29807.926154
Oahu_OnshoreWind_OnWind_304,2040,1796131.197025,.,28750.502120
Oahu_OnshoreWind_OnWind_304,2045,1691815.656034,.,27693.078085
Oahu_OnshoreWind_OnWind_304,2050,1587500.115043,.,26635.654051
Oahu_OnshoreWind_OnWind_305,2027,2142434.091889,.,32122.827418
Oahu_OnshoreWind_OnWind_305,2030,2004762.279007,.,30865.350188
Oahu_OnshoreWind_OnWind_305,2035,1900446.738016,.,29807.926154
Oahu_OnshoreWind_OnWind_305,2040,1796131.197025,.,28750.502120
Oahu_OnshoreWind_OnWind_305,2045,1691815.656034,.,27693.078085
Oahu_OnshoreWind_OnWind_305,2050,1587500.115043,.,26635.654051
Oahu_OnshoreWind_OnWind_306,2027,2142434.091889,.,32122.827418
Oahu_OnshoreWind_OnWind_306,2030,2004762.279007,.,30865.350188
Oahu_OnshoreWind_OnWind_306,2035,1900446.738016,.,29807.926154
Oahu_OnshoreWind_OnWind_306,2040,1796131.197025,.,28750.502120
Oahu_OnshoreWind_OnWind_306,2045,1691815.656034,.,27693.078085
Oahu_OnshoreWind_OnWind_306,2050,1587500.115043,.,26635.654051
Oahu_OnshoreWind_OnWind_307,2027,2142434.091889,.,32122.827418
Oahu_OnshoreWind_OnWind_307,2030,2004762.279007,.,30865.350188
Oahu_OnshoreWind_OnWind_307,2035,1900446.738016,.,29807.926154
Oahu_OnshoreWind_OnWind_307,2040,1796131.197025,.,28750.502120
Oahu_OnshoreWind_OnWind_307,2045,1691815.656034,.,27693.078085
Oahu_OnshoreWind_OnWind_307,2050,1587500.115043,.,26635.654051
Oahu_OnshoreWind_OnWind_308,2027,2142434.091889,.,32122.827418
Oahu_OnshoreWind_OnWind_308,2030,2004762.279007,.,30865.350188
Oahu_OnshoreWind_OnWind_308,2035,1900446.738016,.,29807.926154
Oahu_OnshoreWind_OnWind_308,2040,1796131.197025,.,28750.502120
Oahu_OnshoreWind_OnWind_308,2045,1691815.656034,.,27693.078085
Oahu_OnshoreWind_OnWind_308,2050,1587500.115043,.,26635.654051
Oahu_OnshoreWind_OnWind_309,2027,2142434.091889,.,32122.827418
Oahu_OnshoreWind_OnWind_309,2030,2004762.279007,.,30865.350188
Oahu_OnshoreWind_OnWind_309,2035,1900446.738016,.,29807.926154
Oahu_OnshoreWind_OnWind_309,2040,1796131.197025,.,28750.502120
Oahu_OnshoreWind_OnWind_309,2045,1691815.656034,.,27693.078085
Oahu_OnshoreWind_OnWind_309,2050,1587500.115043,.,26635.654051
Oahu_OnshoreWind_OnWind_401,2027,2142434.091889,.,32122.827418
Oahu_OnshoreWind_OnWind_401,2030,2004762.279007,.,30865.350188
Oahu_OnshoreWind_OnWind_401,2035,1900446.738016,.,29807.926154
Oahu_OnshoreWind_OnWind_401,2040,1796131.197025,.,28750.502120
Oahu_OnshoreWind_OnWind_401,2045,1691815.656034,.,27693.078085
Oahu_OnshoreWind_OnWind_401,2050,1587500.115043,.,26635.654051
Oahu_OnshoreWind_OnWind_402,2027,2142434.091889,.,32122.827418
Oahu_OnshoreWind_OnWind_402,2030,2004762.279007,.,30865.350188
Oahu_OnshoreWind_OnWind_402,2035,1900446.738016,.,29807.926154
Oahu_OnshoreWind_OnWind_402,2040,1796131.197025,.,28750.502120
Oahu_OnshoreWind_OnWind_402,2045,1691815.656034,.,27693.078085
Oahu_OnshoreWind_OnWind_402,2050,1587500.115043,.,26635.654051
Oahu_OnshoreWind_OnWind_403,2027,2142434.091889,.,32122.827418
Oahu_OnshoreWind_OnWind_403,2030,2004762.279007,.,30865.350188
Oahu_OnshoreWind_OnWind_403,2035,1900446.738016,.,29807.926154
Oahu_OnshoreWind_OnWind_403,2040,1796131.197025,.,28750.502120
Oahu_OnshoreWind_OnWind_403,2045,1691815.656034,.,27693.078085
Oahu_OnshoreWind_OnWind_403,2050,1587500.115043,.,26635.654051
Oahu_OnshoreWind_OnWind_404,2027,2142434.091889,.,32122.827418
Oahu_OnshoreWind_OnWind_404,2030,2004762.279007,.,30865.350188
Oahu_OnshoreWind_OnWind_404,2035,1900446.738016,.,29807.926154
Oahu_OnshoreWind_OnWind_404,2040,1796131.197025,.,28750.502120
Oahu_OnshoreWind_OnWind_404,2045,1691815.656034,.,27693.078085
Oahu_OnshoreWind_OnWind_404,2050,1587500.115043,.,26635.654051
Oahu_OnshoreWind_OnWind_405,2027,2142434.091889,.,32122.827418
Oahu_OnshoreWind_OnWind_405,2030,2004762.279007,.,30865.350188
Oahu_OnshoreWind_OnWind_405,2035,1900446.738016,.,29807.926154
Oahu_OnshoreWind_OnWind_405,2040,1796131.197025,.,28750.502120
Oahu_OnshoreWind_OnWind_405,2045,1691815.656034,.,27693.078085
Oahu_OnshoreWind_OnWind_405,2050,1587500.115043,.,26635.654051
Oahu_OnshoreWind_OnWind_406,2027,2142434.091889,.,32122.827418
Oahu_OnshoreWind_OnWind_406,2030,2004762.279007,.,30865.350188
Oahu_OnshoreWind_OnWind_406,2035,1900446.738016,.,29807.926154
Oahu_OnshoreWind_OnWind_406,2040,1796131.197025,.,28750.502120
Oahu_OnshoreWind_OnWind_406,2045,1691815.656034,.,27693.078085
Oahu_OnshoreWind_OnWind_406,2050,1587500.115043,.,26635.654051
Oahu_OnshoreWind_OnWind_407,2027,2142434.091889,.,32122.827418
Oahu_OnshoreWind_OnWind_407,2030,2004762.279007,.,30865.350188
Oahu_OnshoreWind_OnWind_407,2035,1900446.738016,.,29807.926154
Oahu_OnshoreWind_OnWind_407,2040,1796131.197025,.,28750.502120
Oahu_OnshoreWind_OnWind_407,2045,1691815.656034,.,27693.078085
Oahu_OnshoreWind_OnWind_407,2050,1587500.115043,.,26635.654051
Oahu_OnshoreWind_OnWind_408,2027,2142434.091889,.,32122.827418
Oahu_OnshoreWind_OnWind_408,2030,2004762.279007,.,30865.350188
Oahu_OnshoreWind_OnWind_408,2035,1900446.738016,.,29807.926154
Oahu_OnshoreWind_OnWind_408,2040,1796131.197025,.,28750.502120
Oahu_OnshoreWind_OnWind_408,2045,1691815.656034,.,27693.078085
Oahu_OnshoreWind_OnWind_408,2050,1587500.115043,.,26635.654051
Oahu_OnshoreWind_OnWind_409,2027,2142434.091889,.,32122.827418
Oahu_OnshoreWind_OnWind_409,2030,2004762.279007,.,30865.350188
Oahu_OnshoreWind_OnWind_409,2035,1900446.738016,.,29807.926154
Oahu_OnshoreWind_OnWind_409,2040,1796131.197025,.,28750.502120
Oahu_OnshoreWind_OnWind_409,2045,1691815.656034,.,27693.078085
Oahu_OnshoreWind_OnWind_409,2050,1587500.115043,.,26635.654051
Oahu_OnshoreWind_OnWind_410,2027,2142434.091889,.,32122.827418
Oahu_OnshoreWind_OnWind_410,2030,2004762.279007,.,30865.350188
Oahu_OnshoreWind_OnWind_410,2035,1900446.738016,.,29807.926154
Oahu_OnshoreWind_OnWind_410,2040,1796131.197025,.,28750.502120
Oahu_OnshoreWind_OnWind_410,2045,1691815.656034,.,27693.078085
Oahu_OnshoreWind_OnWind_410,2050,1587500.115043,.,26635.654051
Oahu_OnshoreWind_OnWind_501,2027,2142434.091889,.,32122.827418
Oahu_OnshoreWind_OnWind_501,2030,2004762.279007,.,30865.350188
Oahu_OnshoreWind_OnWind_501,2035,1900446.738016,.,29807.926154
Oahu_OnshoreWind_OnWind_501,2040,1796131.197025,.,28750.502120
Oahu_OnshoreWind_OnWind_501,2045,1691815.656034,.,27693.078085
Oahu_OnshoreWind_OnWind_501,2050,1587500.115043,.,26635.654051
Oahu_OnshoreWind_OnWind_502,2027,2142434.091889,.,32122.827418
Oahu_OnshoreWind_OnWind_502,2030,2004762.279007,.,30865.350188
Oahu_OnshoreWind_OnWind_502,2035,1900446.738016,.,29807.926154
Oahu_OnshoreWind_OnWind_502,2040,1796131.197025,.,28750.502120
Oahu_OnshoreWind_OnWind_502,2045,1691815.656034,.,27693.078085
Oahu_OnshoreWind_OnWind_502,2050,1587500.115043,.,26635.654051
Oahu_OnshoreWind_OnWind_503,2027,2142434.091889,.,32122.827418
Oahu_OnshoreWind_OnWind_503,2030,2004762.279007,.,30865.350188
Oahu_OnshoreWind_OnWind_503,2035,1900446.738016,.,29807.926154
Oahu_OnshoreWind_OnWind_503,2040,1796131.197025,.,28750.502120
Oahu_OnshoreWind_OnWind_503,2045,1691815.656034,.,27693.078085
Oahu_OnshoreWind_OnWind_503,2050,1587500.115043,.,26635.654051
Oahu_OnshoreWind_OnWind_504,2027,2142434.091889,.,32122.827418
Oahu_OnshoreWind_OnWind_504,2030,2004762.279007,.,30865.350188
Oahu_OnshoreWind_OnWind_504,2035,1900446.738016,.,29807.926154
Oahu_OnshoreWind_OnWind_504,2040,1796131.197025,.,28750.502120
Oahu_OnshoreWind_OnWind_504,2045,1691815.656034,.,27693.078085
Oahu_OnshoreWind_OnWind_504,2050,1587500.115043,.,26635.654051
Oahu_OnshoreWind_OnWind_505,2027,2142434.091889,.,32122.827418
Oahu_OnshoreWind_OnWind_505,2030,2004762.279007,.,30865.350188
Oahu_OnshoreWind_OnWind_505,2035,1900446.738016,.,29807.926154
Oahu_OnshoreWind_OnWind_505,2040,1796131.197025,.,28750.502120
Oahu_OnshoreWind_OnWind_505,2045,1691815.656034,.,27693.078085
Oahu_OnshoreWind_OnWind_505,2050,1587500.115043,.,26635.654051
Oahu_OnshoreWind_OnWind_506,2027,2142434.091889,.,32122.827418
Oahu_OnshoreWind_OnWind_506,2030,2004762.279007,.,30865.350188
Oahu_OnshoreWind_OnWind_506,2035,1900446.738016,.,29807.926154
Oahu_OnshoreWind_OnWind_506,2040,1796131.197025,.,28750.502120
Oahu_OnshoreWind_OnWind_506,2045,1691815.656034,.,27693.078085
Oahu_OnshoreWind_OnWind_506,2050,1587500.115043,.,26635.654051
Oahu_OnshoreWind_OnWind_507,2027,2142434.091889,.,32122.827418
Oahu_OnshoreWind_OnWind_507,2030,2004762.279007,.,30865.350188
Oahu_OnshoreWind_OnWind_507,2035,1900446.738016,.,29807.926154
Oahu_OnshoreWind_OnWind_507,2040,1796131.197025,.,28750.502120
Oahu_OnshoreWind_OnWind_507,2045,1691815.656034,.,27693.078085
Oahu_OnshoreWind_OnWind_507,2050,1587500.115043,.,26635.654051
Oahu_OnshoreWind_OnWind_508,2027,2142434.091889,.,32122.827418
Oahu_OnshoreWind_OnWind_508,2030,2004762.279007,.,30865.350188
Oahu_OnshoreWind_OnWind_508,2035,1900446.738016,.,29807.926154
Oahu_OnshoreWind_OnWind_508,2040,1796131.197025,.,28750.502120
Oahu_OnshoreWind_OnWind_508,2045,1691815.656034,.,27693.078085
Oahu_OnshoreWind_OnWind_508,2050,1587500.115043,.,26635.654051
Oahu_OnshoreWind_OnWind_509,2027,2142434.091889,.,32122.827418
Oahu_OnshoreWind_OnWind_509,2030,2004762.279007,.,30865.350188
Oahu_OnshoreWind_OnWind_509,2035,1900446.738016,.,29807.926154
Oahu_OnshoreWind_OnWind_509,2040,1796131.197025,.,28750.502120
Oahu_OnshoreWind_OnWind_509,2045,1691815.656034,.,27693.078085
Oahu_OnshoreWind_OnWind_509,2050,1587500.115043,.,26635.654051
Oahu_OnshoreWind_OnWind_Kahuku,2011,7555815.319114,.,59922.280591
Oahu_OnshoreWind_OnWind_Kahuku,2027,2142434.091889,.,32122.827418
Oahu_OnshoreWind_OnWind_Kahuku,2030,2004762.279007,.,30865.350188
Oahu_OnshoreWind_OnWind_Kahuku,2035,1900446.738016,.,29807.926154
Oahu_OnshoreWind_OnWind_Kahuku,2040,1796131.197025,.,28750.502120
Oahu_OnshoreWind_OnWind_Kahuku,2045,1691815.656034,.,27693.078085
Oahu_OnshoreWind_OnWind_Kahuku,2050,1587500.115043,.,26635.654051
Oahu_OnshoreWind_OnWind_Kawailoa,2012,5702329.429467,.,59922.280591
Oahu_OnshoreWind_OnWind_Kawailoa,2020,2804421.700389,.,52591.211376
Oahu_OnshoreWind_OnWind_Kawailoa,2027,2142434.091889,.,32122.827418
Oahu_OnshoreWind_OnWind_Kawailoa,2030,2004762.279007,.,30865.350188
Oahu_OnshoreWind_OnWind_Kawailoa,2035,1900446.738016,.,29807.926154
Oahu_OnshoreWind_OnWind_Kawailoa,2040,1796131.197025,.,28750.502120
Oahu_OnshoreWind_OnWind_Kawailoa,2045,1691815.656034,.,27693.078085
Oahu_OnshoreWind_OnWind_Kawailoa,2050,1587500.115043,.,26635.654051
Oahu_SlopedDistPV_Oahu_SlopedDistPV_0,2027,4025180.626549,.,28520.772738
Oahu_SlopedDistPV_Oahu_SlopedDistPV_0,2030,3606857.936146,.,25893.554906
Oahu_SlopedDistPV_Oahu_SlopedDistPV_0,2035,2909653.452141,.,21514.858520
Oahu_SlopedDistPV_Oahu_SlopedDistPV_0,2040,2627831.608215,.,19744.915385
Oahu_SlopedDistPV_Oahu_SlopedDistPV_0,2045,2346009.764289,.,17974.972251
Oahu_SlopedDistPV_Oahu_SlopedDistPV_0,2050,2064187.920363,.,16205.029117
Oahu_SlopedDistPV_Oahu_SlopedDistPV_1,2027,4025180.626549,.,28520.772738
Oahu_SlopedDistPV_Oahu_SlopedDistPV_1,2030,3606857.936146,.,25893.554906
Oahu_SlopedDistPV_Oahu_SlopedDistPV_1,2035,2909653.452141,.,21514.858520
Oahu_SlopedDistPV_Oahu_SlopedDistPV_1,2040,2627831.608215,.,19744.915385
Oahu_SlopedDistPV_Oahu_SlopedDistPV_1,2045,2346009.764289,.,17974.972251
Oahu_SlopedDistPV_Oahu_SlopedDistPV_1,2050,2064187.920363,.,16205.029117
Oahu_SlopedDistPV_Oahu_SlopedDistPV_10,2013,7582373.268175,.,0.000000
Oahu_SlopedDistPV_Oahu_SlopedDistPV_10,2014,7582373.268175,.,0.000000
Oahu_SlopedDistPV_Oahu_SlopedDistPV_10,2015,7582373.268175,.,0.000000
Oahu_SlopedDistPV_Oahu_SlopedDistPV_10,2016,7582373.268175,.,0.000000
Oahu_SlopedDistPV_Oahu_SlopedDistPV_10,2017,7582373.268175,.,0.000000
Oahu_SlopedDistPV_Oahu_SlopedDistPV_10,2018,7582373.268175,.,0.000000
Oahu_SlopedDistPV_Oahu_SlopedDistPV_10,2019,7582373.268175,.,0.000000
Oahu_SlopedDistPV_Oahu_SlopedDistPV_10,2020,7582373.268175,.,0.000000
Oahu_SlopedDistPV_Oahu_SlopedDistPV_10,2027,4025180.626549,.,28520.772738
Oahu_SlopedDistPV_Oahu_SlopedDistPV_10,2030,3606857.936146,.,25893.554906
Oahu_SlopedDistPV_Oahu_SlopedDistPV_10,2035,2909653.452141,.,21514.858520
Oahu_SlopedDistPV_Oahu_SlopedDistPV_10,2040,2627831.608215,.,19744.915385
Oahu_SlopedDistPV_Oahu_SlopedDistPV_10,2045,2346009.764289,.,17974.972251
Oahu_SlopedDistPV_Oahu_SlopedDistPV_10,2050,2064187.920363,.,16205.029117
Oahu_SlopedDistPV_Oahu_SlopedDistPV_11,2027,4025180.626549,.,28520.772738
Oahu_SlopedDistPV_Oahu_SlopedDistPV_11,2030,3606857.936146,.,25893.554906
Oahu_SlopedDistPV_Oahu_SlopedDistPV_11,2035,2909653.452141,.,21514.858520
Oahu_SlopedDistPV_Oahu_SlopedDistPV_11,2040,2627831.608215,.,19744.915385
Oahu_SlopedDistPV_Oahu_SlopedDistPV_11,2045,2346009.764289,.,17974.972251
Oahu_SlopedDistPV_Oahu_SlopedDistPV_11,2050,2064187.920363,.,16205.029117
Oahu_SlopedDistPV_Oahu_SlopedDistPV_12,2013,7582373.268175,.,0.000000
Oahu_SlopedDistPV_Oahu_SlopedDistPV_12,2014,7582373.268175,.,0.000000
Oahu_SlopedDistPV_Oahu_SlopedDistPV_12,2015,7582373.268175,.,0.000000
Oahu_SlopedDistPV_Oahu_SlopedDistPV_12,2016,7582373.268175,.,0.000000
Oahu_SlopedDistPV_Oahu_SlopedDistPV_12,2017,7582373.268175,.,0.000000
Oahu_SlopedDistPV_Oahu_SlopedDistPV_12,2018,7582373.268175,.,0.000000
Oahu_SlopedDistPV_Oahu_SlopedDistPV_12,2019,7582373.268175,.,0.000000
Oahu_SlopedDistPV_Oahu_SlopedDistPV_12,2020,7582373.268175,.,0.000000
Oahu_SlopedDistPV_Oahu_SlopedDistPV_12,2027,4025180.626549,.,28520.772738
Oahu_SlopedDistPV_Oahu_SlopedDistPV_12,2030,3606857.936146,.,25893.554906
Oahu_SlopedDistPV_Oahu_SlopedDistPV_12,2035,2909653.452141,.,21514.858520
Oahu_SlopedDistPV_Oahu_SlopedDistPV_12,2040,2627831.608215,.,19744.915385
Oahu_SlopedDistPV_Oahu_SlopedDistPV_12,2045,2346009.764289,.,17974.972251
Oahu_SlopedDistPV_Oahu_SlopedDistPV_12,2050,2064187.920363,.,16205.029117
Oahu_SlopedDistPV_Oahu_SlopedDistPV_13,2027,4025180.626549,.,28520.772738
Oahu_SlopedDistPV_Oahu_SlopedDistPV_13,2030,3606857.936146,.,25893.554906
Oahu_SlopedDistPV_Oahu_SlopedDistPV_13,2035,2909653.452141,.,21514.858520
Oahu_SlopedDistPV_Oahu_SlopedDistPV_13,2040,2627831.608215,.,19744.915385
Oahu_SlopedDistPV_Oahu_SlopedDistPV_13,2045,2346009.764289,.,17974.972251
Oahu_SlopedDistPV_Oahu_SlopedDistPV_13,2050,2064187.920363,.,16205.029117
Oahu_SlopedDistPV_Oahu_SlopedDistPV_14,2013,7582373.268175,.,0.000000
Oahu_SlopedDistPV_Oahu_SlopedDistPV_14,2014,7582373.268175,.,0.000000
Oahu_SlopedDistPV_Oahu_SlopedDistPV_14,2015,7582373.268175,.,0.000000
Oahu_SlopedDistPV_Oahu_SlopedDistPV_14,2016,7582373.268175,.,0.000000
Oahu_SlopedDistPV_Oahu_SlopedDistPV_14,2017,7582373.268175,.,0.000000
Oahu_SlopedDistPV_Oahu_SlopedDistPV_14,2018,7582373.268175,.,0.000000
Oahu_SlopedDistPV_Oahu_SlopedDistPV_14,2019,7582373.268175,.,0.000000
Oahu_SlopedDistPV_Oahu_SlopedDistPV_14,2020,7582373.268175,.,0.000000
Oahu_SlopedDistPV_Oahu_SlopedDistPV_14,2027,4025180.626549,.,28520.772738
Oahu_SlopedDistPV_Oahu_SlopedDistPV_14,2030,3606857.936146,.,25893.554906
Oahu_SlopedDistPV_Oahu_SlopedDistPV_14,2035,2909653.452141,.,21514.858520
Oahu_SlopedDistPV_Oahu_SlopedDistPV_14,2040,2627831.608215,.,19744.915385
Oahu_SlopedDistPV_Oahu_SlopedDistPV_14,2045,2346009.764289,.,17974.972251
Oahu_SlopedDistPV_Oahu_SlopedDistPV_14,2050,2064187.920363,.,16205.029117
Oahu_SlopedDistPV_Oahu_SlopedDistPV_15,2013,7582373.268175,.,0.000000
Oahu_SlopedDistPV_Oahu_SlopedDistPV_15,2014,7582373.268175,.,0.000000
Oahu_SlopedDistPV_Oahu_SlopedDistPV_15,2015,7582373.268175,.,0.000000
Oahu_SlopedDistPV_Oahu_SlopedDistPV_15,2016,7582373.268175,.,0.000000
Oahu_SlopedDistPV_Oahu_SlopedDistPV_15,2017,7582373.268175,.,0.000000
Oahu_SlopedDistPV_Oahu_SlopedDistPV_15,2018,7582373.268175,.,0.000000
Oahu_SlopedDistPV_Oahu_SlopedDistPV_15,2019,7582373.268175,.,0.000000
Oahu_SlopedDistPV_Oahu_SlopedDistPV_15,2020,7582373.268175,.,0.000000
Oahu_SlopedDistPV_Oahu_SlopedDistPV_15,2027,4025180.626549,.,28520.772738
Oahu_SlopedDistPV_Oahu_SlopedDistPV_15,2030,3606857.936146,.,25893.554906
Oahu_SlopedDistPV_Oahu_SlopedDistPV_15,2035,2909653.452141,.,21514.858520
Oahu_SlopedDistPV_Oahu_SlopedDistPV_15,2040,2627831.608215,.,19744.915385
Oahu_SlopedDistPV_Oahu_SlopedDistPV_15,2045,2346009.764289,.,17974.972251
Oahu_SlopedDistPV_Oahu_SlopedDistPV_15,2050,2064187.920363,.,16205.029117
Oahu_SlopedDistPV_Oahu_SlopedDistPV_2,2013,7582373.268175,.,0.000000
Oahu_SlopedDistPV_Oahu_SlopedDistPV_2,2014,7582373.268175,.,0.000000
Oahu_SlopedDistPV_Oahu_SlopedDistPV_2,2015,7582373.268175,.,0.000000
Oahu_SlopedDistPV_Oahu_SlopedDistPV_2,2016,7582373.268175,.,0.000000
Oahu_SlopedDistPV_Oahu_SlopedDistPV_2,2017,7582373.268175,.,0.000000
Oahu_SlopedDistPV_Oahu_SlopedDistPV_2,2018,7582373.268175,.,0.000000
Oahu_SlopedDistPV_Oahu_SlopedDistPV_2,2019,7582373.268175,.,0.000000
Oahu_SlopedDistPV_Oahu_SlopedDistPV_2,2020,7582373.268175,.,0.000000
Oahu_SlopedDistPV_Oahu_SlopedDistPV_2,2027,4025180.626549,.,28520.772738
Oahu_SlopedDistPV_Oahu_SlopedDistPV_2,2030,3606857.936146,.,25893.554906
Oahu_SlopedDistPV_Oahu_SlopedDistPV_2,2035,2909653.452141,.,21514.858520
Oahu_SlopedDistPV_Oahu_SlopedDistPV_2,2040,2627831.608215,.,19744.915385
Oahu_SlopedDistPV_Oahu_SlopedDistPV_2,2045,2346009.764289,.,17974.972251
Oahu_SlopedDistPV_Oahu_SlopedDistPV_2,2050,2064187.920363,.,16205.029117
Oahu_SlopedDistPV_Oahu_SlopedDistPV_3,2013,7582373.268175,.,0.000000
Oahu_SlopedDistPV_Oahu_SlopedDistPV_3,2014,7582373.268175,.,0.000000
Oahu_SlopedDistPV_Oahu_SlopedDistPV_3,2015,7582373.268175,.,0.000000
Oahu_SlopedDistPV_Oahu_SlopedDistPV_3,2016,7582373.268175,.,0.000000
Oahu_SlopedDistPV_Oahu_SlopedDistPV_3,2017,7582373.268175,.,0.000000
Oahu_SlopedDistPV_Oahu_SlopedDistPV_3,2018,7582373.268175,.,0.000000
Oahu_SlopedDistPV_Oahu_SlopedDistPV_3,2019,7582373.268175,.,0.000000
Oahu_SlopedDistPV_Oahu_SlopedDistPV_3,2020,7582373.268175,.,0.000000
Oahu_SlopedDistPV_Oahu_SlopedDistPV_3,2027,4025180.626549,.,28520.772738
Oahu_SlopedDistPV_Oahu_SlopedDistPV_3,2030,3606857.936146,.,25893.554906
Oahu_SlopedDistPV_Oahu_SlopedDistPV_3,2035,2909653.452141,.,21514.858520
Oahu_SlopedDistPV_Oahu_SlopedDistPV_3,2040,2627831.608215,.,19744.915385
Oahu_SlopedDistPV_Oahu_SlopedDistPV_3,2045,2346009.764289,.,17974.972251
Oahu_SlopedDistPV_Oahu_SlopedDistPV_3,2050,2064187.920363,.,16205.029117
Oahu_SlopedDistPV_Oahu_SlopedDistPV_4,2027,4025180.626549,.,28520.772738
Oahu_SlopedDistPV_Oahu_SlopedDistPV_4,2030,3606857.936146,.,25893.554906
Oahu_SlopedDistPV_Oahu_SlopedDistPV_4,2035,2909653.452141,.,21514.858520
Oahu_SlopedDistPV_Oahu_SlopedDistPV_4,2040,2627831.608215,.,19744.915385
Oahu_SlopedDistPV_Oahu_SlopedDistPV_4,2045,2346009.764289,.,17974.972251
Oahu_SlopedDistPV_Oahu_SlopedDistPV_4,2050,2064187.920363,.,16205.029117
Oahu_SlopedDistPV_Oahu_SlopedDistPV_5,2013,7582373.268175,.,0.000000
Oahu_SlopedDistPV_Oahu_SlopedDistPV_5,2014,7582373.268175,.,0.000000
Oahu_SlopedDistPV_Oahu_SlopedDistPV_5,2015,7582373.268175,.,0.000000
Oahu_SlopedDistPV_Oahu_SlopedDistPV_5,2016,7582373.268175,.,0.000000
Oahu_SlopedDistPV_Oahu_SlopedDistPV_5,2017,7582373.268175,.,0.000000
Oahu_SlopedDistPV_Oahu_SlopedDistPV_5,2018,7582373.268175,.,0.000000
Oahu_SlopedDistPV_Oahu_SlopedDistPV_5,2019,7582373.268175,.,0.000000
Oahu_SlopedDistPV_Oahu_SlopedDistPV_5,2020,7582373.268175,.,0.000000
Oahu_SlopedDistPV_Oahu_SlopedDistPV_5,2027,4025180.626549,.,28520.772738
Oahu_SlopedDistPV_Oahu_SlopedDistPV_5,2030,3606857.936146,.,25893.554906
Oahu_SlopedDistPV_Oahu_SlopedDistPV_5,2035,2909653.452141,.,21514.858520
Oahu_SlopedDistPV_Oahu_SlopedDistPV_5,2040,2627831.608215,.,19744.915385
Oahu_SlopedDistPV_Oahu_SlopedDistPV_5,2045,2346009.764289,.,17974.972251
Oahu_SlopedDistPV_Oahu_SlopedDistPV_5,2050,2064187.920363,.,16205.029117
Oahu_SlopedDistPV_Oahu_SlopedDistPV_6,2027,4025180.626549,.,28520.772738
Oahu_SlopedDistPV_Oahu_SlopedDistPV_6,2030,3606857.936146,.,25893.554906
Oahu_SlopedDistPV_Oahu_SlopedDistPV_6,2035,2909653.452141,.,21514.858520
Oahu_SlopedDistPV_Oahu_SlopedDistPV_6,2040,2627831.608215,.,19744.915385
Oahu_SlopedDistPV_Oahu_SlopedDistPV_6,2045,2346009.764289,.,17974.972251
Oahu_SlopedDistPV_Oahu_SlopedDistPV_6,2050,2064187.920363,.,16205.029117
Oahu_SlopedDistPV_Oahu_SlopedDistPV_7,2013,7582373.268175,.,0.000000
Oahu_SlopedDistPV_Oahu_SlopedDistPV_7,2014,7582373.268175,.,0.000000
Oahu_SlopedDistPV_Oahu_SlopedDistPV_7,2015,7582373.268175,.,0.000000
Oahu_SlopedDistPV_Oahu_SlopedDistPV_7,2016,7582373.268175,.,0.000000
Oahu_SlopedDistPV_Oahu_SlopedDistPV_7,2017,7582373.268175,.,0.000000
Oahu_SlopedDistPV_Oahu_SlopedDistPV_7,2018,7582373.268175,.,0.000000
Oahu_SlopedDistPV_Oahu_SlopedDistPV_7,2019,7582373.268175,.,0.000000
Oahu_SlopedDistPV_Oahu_SlopedDistPV_7,2020,7582373.268175,.,0.000000
Oahu_SlopedDistPV_Oahu_SlopedDistPV_7,2027,4025180.626549,.,28520.772738
Oahu_SlopedDistPV_Oahu_SlopedDistPV_7,2030,3606857.936146,.,25893.554906
Oahu_SlopedDistPV_Oahu_SlopedDistPV_7,2035,2909653.452141,.,21514.858520
Oahu_SlopedDistPV_Oahu_SlopedDistPV_7,2040,2627831.608215,.,19744.915385
Oahu_SlopedDistPV_Oahu_SlopedDistPV_7,2045,2346009.764289,.,17974.972251
Oahu_SlopedDistPV_Oahu_SlopedDistPV_7,2050,2064187.920363,.,16205.029117
Oahu_SlopedDistPV_Oahu_SlopedDistPV_8,2027,4025180.626549,.,28520.772738
Oahu_SlopedDistPV_Oahu_SlopedDistPV_8,2030,3606857.936146,.,25893.554906
Oahu_SlopedDistPV_Oahu_SlopedDistPV_8,2035,2909653.452141,.,21514.858520
Oahu_SlopedDistPV_Oahu_SlopedDistPV_8,2040,2627831.608215,.,19744.915385
Oahu_SlopedDistPV_Oahu_SlopedDistPV_8,2045,2346009.764289,.,17974.972251
Oahu_SlopedDistPV_Oahu_SlopedDistPV_8,2050,2064187.920363,.,16205.029117
Oahu_SlopedDistPV_Oahu_SlopedDistPV_9,2013,7582373.268175,.,0.000000
Oahu_SlopedDistPV_Oahu_SlopedDistPV_9,2014,7582373.268175,.,0.000000
Oahu_SlopedDistPV_Oahu_SlopedDistPV_9,2015,7582373.268175,.,0.000000
Oahu_SlopedDistPV_Oahu_SlopedDistPV_9,2016,7582373.268175,.,0.000000
Oahu_SlopedDistPV_Oahu_SlopedDistPV_9,2017,7582373.268175,.,0.000000
Oahu_SlopedDistPV_Oahu_SlopedDistPV_9,2018,7582373.268175,.,0.000000
Oahu_SlopedDistPV_Oahu_SlopedDistPV_9,2019,7582373.268175,.,0.000000
Oahu_SlopedDistPV_Oahu_SlopedDistPV_9,2020,7582373.268175,.,0.000000
Oahu_SlopedDistPV_Oahu_SlopedDistPV_9,2027,4025180.626549,.,28520.772738
Oahu_SlopedDistPV_Oahu_SlopedDistPV_9,2030,3606857.936146,.,25893.554906
Oahu_SlopedDistPV_Oahu_SlopedDistPV_9,2035,2909653.452141,.,21514.858520
Oahu_SlopedDistPV_Oahu_SlopedDistPV_9,2040,2627831.608215,.,19744.915385
Oahu_SlopedDistPV_Oahu_SlopedDistPV_9,2045,2346009.764289,.,17974.972251
Oahu_SlopedDistPV_Oahu_SlopedDistPV_9,2050,2064187.920363,.,16205.029117
Oahu_Tesoro_Hawaii,1990,633029.216181,.,21638.089571
Oahu_Waiau_10,1973,676626.207886,.,21638.089571
Oahu_Waiau_7,1966,676626.207886,.,12200.199439
Oahu_Waiau_8,1968,676626.207886,.,12200.199439
Oahu_Waiau_9,1973,676626.207886,.,21638.089571
Oahu_EGS,2027,10781323.47,.,195381.75
Oahu_EGS,2030,10000000.00,.,186068.18
Oahu_EGS,2035,9030748.72,.,170545.55
Oahu_EGS,2040,8810478.60,.,170545.55
Oahu_EGS,2045,8595660.45,.,170545.55
Oahu_EGS,2050,8386159.31,.,170545.55
Oahu_LSFO_CCGT,2027,3100000,.,30000
Oahu_LSFO_CCGT,2030,2900000,.,30000
Oahu_LSFO_CCGT,2035,2700000,.,30000
Oahu_LSFO_CCGT,2040,2500000,.,30000
Oahu_LSFO_CCGT,2045,2300000,.,30000
Oahu_LSFO_CCGT,2050,2200000,.,30000
Oahu_Puuloa,2027,3000000,.,45000
Oahu_Waiau_Repower,2030,4545000.00,.,45000
